bn:00041942n	grupo agrupaci√≥n colectivo
bn:00062759n	plan programa proyecto director_del_programa gesti√≥n_de_programas planes
bn:00027473n	emisi√≥n
bn:00019780n	clima climas clima_local climas_del_mundo climatico climatologo climat√≥logo clim√°tico tipoclima clima_global clim√°ticas sistema_clim√°tico
bn:00021721n	conferencia
bn:00063819n	posturas
bn:00066603n	recriminaci√≥n
bn:00017153n	enfoque centr√°ndose
bn:00036512n	viernes vie vi. vie. 6.¬∞_d√≠ d√≠a_de_venus sexto_d√≠a v v. vi penultimo_dia penultimo_d√≠a sexto_dia sukravara sukravƒÅra ≈õukravara ≈õukravƒÅra
bn:00067024n	descarga liberaci√≥n
bn:00028015n	documento papeles c√©dula documentaci√≥n pliego escrito documentos circular_informativa documento_escrito
bn:00025780n	disminuci√≥n reducci√≥n debilitamiento merma abatimiento aminoraci√≥n corte decaimiento mengua minoraci√≥n step-down
bn:00078738n	a√±o a√±o_gregoriano ma mes_doce
bn:00013941n	carga peso preocupaci√≥n
bn:00076588n	plazo t√©rmino fase corto_plazo largo_plazo
bn:00076732n	texto textos materia_textual
bn:00008786n	base fundamento base_hamel base_ordenada vector_de_la_base vectores_de_la_base
bn:00008568n	trato pacto acuerdo arregl√≠n bicoca ganga
bn:00041712n	gas_de_invernadero gas_de_efecto_invernadero gas_de_efecto_de_invernadero gases_de_efecto_invernadero gas_invernadero gases_de_invernadero gases_de_invern√°culo gases_invernadero gases_invernaderos gases_de_invernaculo gei emisiones_de_gases_de_efecto_invernadero emisi√≥n_de_gas_de_efecto_invernadero gas_efecto_invernadero emisiones_de_carbono emisiones_de_efecto_invernadero emisiones_de_gases_efecto_invernadero emisiones_di√≥xido_carbono emisi√≥n_de_efecto_invernadero retroalimentaci√≥n_del_vapor_de_agua vida_atmosf√©rica
bn:00058511n	obst√°culo barrera dificultad impedimento obstrucci√≥n traba escollo estorbo √≥bice obst√°culos
bn:00061005n	camino estilo_de_vida senda trayectoria vida v√≠a forma_de_vida manera
bn:00001549n	mejora mejor√≠a
bn:00026838n	negociaci√≥n di√°logo gesti√≥n tramitaci√≥n negociaciones manejo_de_conflictos_socioambientales negociacion negociador negociar
bn:00077267n	tiempo hora
bn:00045153n	mundo humanidad g√©nero_humano raza_humana especie_humana hombre tierra global humanos seres_humanos
bn:00029424n	tierra mundo globo_terrestre globo globo_terr√°queo la_tierra planeta_tierra el_planeta nuestro_planeta el_globo el_mundo gaia madre_tierra pachamama planeta_azul sol_3 sol_iii tercer_planeta üú® atilio_gambedotti este_planeta ‚ôÅ
bn:00050371n	l√≠der autoridad dirigente cabeza jefe
bn:00022479n	copenhague copenhagen copenhaguen capital_de_dinamarca kobenhavn k√∏benhavn capital_danesa cph hafn hafnia havn kobmhaun copenague copenhage
bn:00014711n	semana semana_calendario semana_de_siete_d√≠as
bn:00081604n	grupo_de_trabajo equipo_de_trabajo grupos_de_trabajo equipos_de_trabajo estrategia_directiva estrategias_directivas grupo_de_investigacion grupo_de_investigaci√≥n soluci√≥n_creativa_de_problemas
bn:00055644n	dinero divisa efectivo creacion_de_dinero creacion_monetaria creaci√≥n_de_dinero creaci√≥n_monetaria parne parn√© monetario
bn:00023236n	estado naci√≥n pa√≠s estado_soberano res_publica pueblo rep√∫blica territorio nacion naciones estado_independiente estados estatal etat fundamentos_filosoficos_de_la_nacion fundamentos_filosoficos_de_la_naci√≥n fundamentos_filos√≥ficos_de_la_naci√≥n poder_p√∫blico cuerpo_pol√≠tico estados_soberanos gubernamentales nacional sociedad_pol√≠tica teor√≠a_declarativa_de_la_estadidad
bn:00058969n	
bn:00040681n	calentamiento_global calentamiento_de_la_tierra calentamiento_climatico calentamiento_clim√°tico calentamiento_del_planeta calentamiento_mundial cambio_climatico global_warming justicia_climatica justicia_clim√°tica oratoria_del_calentamiento_global recalentamiento_del_clima recalentamiento_global seguridad_clim√°tica cambio_clim√°tico_antropog√©nico el_calentamiento_global
bn:00003268n	√°mbito alcance rango esfera marco extensi√≥n
bn:00003132n	alternativa decisi√≥n opci√≥n elecci√≥n
bn:00043267n	cuesti√≥n tema aspecto asunto encabezado materia titular t√≥pico
bn:00053933n	m√°ximo l√≠mite
bn:00076457n	temperatura temperatura_del_aire temperaturas temperatura_de_bulbo temperatura_humeda temperatura_termodinamica temperatura_termodin√°mica unidades_de_temperatura
bn:00067923n	aumento subida
bn:00008985n	mont√≥n passel avalancha barbaridad bestialidad burrada cantidad c√∫mulo enormidad fajo lote mogoll√≥n monta√±a multitud pila dineral fortuna bastante_un_poco buena_suma gran_cantidad mickle mucho muckle
bn:00035190n	flexibilidad adaptabilidad
bn:00064536n	procedimiento proceso
bn:00015501n	capital capitolio washington
bn:00047203n	portavoz int√©rprete representante voz vocera vocero oficial_de_prensa portavoces
bn:00036837n	funcionario alto_cargo funcionaria funcionario_p√∫blico oficial funcionaria_p√∫blica alta_direcci√≥n alto_funcionario personal_de_alta_direccion personal_de_alta_direcci√≥n alta_direccion funcionario_de_alto_rango altos_cargos ejercer_electos funcionario_del_gobierno funcionarios funcionarios_electos oficiar
bn:00062275n	cuadro escena imagen
bn:00059783n	esquema esquema_jer√°rquico ardid artima√±a estratagema intriga maquinaci√≥n treta urdimbre esquema_jerarquico
bn:00061135n	porcentaje por_ciento porciento tanto_por_ciento pct por_cien porcentage % punto_porcentual tanto_porcentual porcentajes
bn:00025966n	etapa grado punto fase nivel tramo
bn:00026694n	pa√≠s_en_v√≠as_de_desarrollo pa√≠s_en_desarrollo pa√≠ses_en_desarrollo pais_en_vias_de_desarrollo paises_en_desarrollo paises_en_vias_de_desarrollo pa√≠s_de_desarrollo_intermedio pa√≠ses_de_desarrollo_intermedio pa√≠ses_en_v√≠as_de_desarrollo pais_de_desarrollo_intermedio pais_en_desarrollo paises_de_desarrollo_intermedio desarrollo_intermedio pais_en_v√≠as_de_desarrollo econom√≠as_en_desarrollo los_pa√≠ses_en_desarrollo mundo_en_desarrollo pa√≠ses_de_bajos_ingresos pa√≠ses_menos_desarrollados pa√≠ses_subdesarrollados
bn:00061605n	per√≠odo etapa periodo per√≠odo_de_tiempo
bn:00021127n	uni√≥n_europea comunidad_econ√≥mica_europea ue cee mercado_com√∫n c.e.e. comunidad_economica_europea union_europea comunidad_europea europa uni√≥n üá™üá∫ e_u european_union la_union_europea la_uni√≥n_europea u.e u.e. u_e u_e. ce e.u mercado_com√∫n_europeo
bn:00075965n	conversaci√≥n charla charloteo garla talk que_habla
bn:00012159n	impulso empuje empuj√≥n
bn:00046065n	impacto consecuencia efecto
bn:00019782n	cambio_clim√°tico cambio_clim√°tico_global cambios_clim√°ticos ccg cambio_climatico_global crisis_clim√°tica cambio_climatico crisis_climatica el_cambio_clim√°tico_global variabilidad_del_clima
bn:00002954n	inundaci√≥n aluvi√≥n avenida avalancha diluvio riada inundacion inundaciones inundabilidad agua_de_la_inundaci√≥n inund√≥
bn:00028863n	sequ√≠a sequ√≠as sequedad sequia sequias sequ√≠a_artificial
bn:00025949n	deforestaci√≥n limpieza_de_tierras desmontadura problemas_ambientales_la_explotaci√≥n_forestal problemas_ambientales_la_explotacion_forestal deforestacion desforestacion desforestaci√≥n tala_de_√°rboles deforestada disforestation
bn:00025948n	deforestaci√≥n desforestaci√≥n desmontadura despoblaci√≥n_forestal
bn:00035907n	tipo clase forma g√©nero especie
bn:00078848n	gobierno_federal_de_los_estados_unidos estados_unidos e.e.u.u. eeuu gobierno_de_eeuu gobierno_de_los_estados_unidos gobierno_de_estados_unidos del_gobierno_de_ee.uu. ee.uu gobierno_de_ee.uu gobierno_de_ee.uu. gobierno_de_los_ee.uu gobierno_estadounidense gobierno_federal_de_estados_unidos gobierno_federal_de_los_ee.uu
bn:00031083n	ministro_plenipotenciario enviado_extraordinario enviado enviado_extraordinario_y_ministro_plenipotenciario enviado_especial ministro ministro_consejero rango_diplom√°tico
bn:00049915n	terminolog√≠a nomenclatura termin√≥logo lenguaje registro_terminol√≥gico terminologia repositorio_de_terminolog√≠a terminologa terminologico terminologo terminol√≥gico termin√≥loga nombre_cient√≠fico nomenclatura_cient√≠fica t√©rmino
bn:00024615n	recorte
bn:00056029n	movimiento actividad_locomotora locomoci√≥n_animal motilidad
bn:00042938n	l√≠nea_dura
bn:00016756n	china china_continental rep√∫blica_popular_china rep√∫blica_popular_de_china catay china_roja china_comunista rpc catai china_popular mainland_china r._p._china r.p._china r_p._china r_p_china republica_pop._china republica_popular_de_china rep√∫blica_pop._china rp_china sinensis t√°iwan ‰∏≠ÂõΩ cathay comunista_de_china
bn:00014103n	administraci√≥n_bush presidencia_de_george_w._bush administracion_bush george_w_bush
bn:00001135n	
bn:00020980n	comentador comentarista observador comentadora
bn:00020977n	comentario observaci√≥n consideraci√≥n juicio aclaraci√≥n explicaci√≥n nota
bn:00044982n	hora hora_del_d√≠a tiempo_de_d√≠a
bn:00035831n	ministro_de_asuntos_exteriores ministro_de_relaciones_exteriores ministro_del_exterior secretario_de_estado ministro_extranjero ministerio_de_relaciones_exteriores canciller ministerio_del_exterior ministra_de_relaciones_exteriores ministro_de_exteriores rree.gov.bo ministros_de_relaciones_exteriores
bn:00003341n	estados_unidos estados_unidos_de_am√©rica am√©rica eeuu e.e.u.u. united_states united_states_of_america am√©ricas estados ee.uu. usa ee._uu. estados_unidos_de_america eua los_estados_unidos_de_am√©rica revolucion_estadounidense u.s.a. america estados_unidos_de_norteam√©rica los_estados_unidos afro-estadounidense broken/ee._uu. broken_ee._uu. broken_ee_uu e._e._u._u. e._u._a. e.u. e.u.a. e_u_a ee-uu ee_uu estadinense estadinenses estado-unidense estado-unidenses estados_unidos_de_america_del_norte estados_unidos_de_am√©rica_del_norte estados_unidos_de_norte_america estados_unidos_de_norteamerica estadounidenses estadunidense estadunidenses los_estados_unidos_de_america poblaci√≥n_afroestadounidense populaci√≥n_afroestadounidense rep√∫blica_de_estados_unidos the_united_states u.s. u_s u_s. u_s.a. u_s_a u_s_a. union_americana uni√≥n_americana uni√≥n_estadounidense us usamericano usamericanos usana usanas usano useno usense usenses use√±a use√±as use√±o use√±os los_estados
bn:00057209n	negociador comisionado intermediario negociadora negociante tratador
bn:00021164n	sentido_com√∫n sensatez sentido sentido_comun venga_ya,_tio,_dejate_de_una_vez_de_tonterias venga_ya,_tio,_dejate_de_una_vez_de_tonter√≠as venga_ya,_tio,_d√©jate_de_una_vez_de_tonterias venga_ya,_tio,_d√©jate_de_una_vez_de_tonter√≠as venga_ya,_t√≠o,_dejate_de_una_vez_de_tonter√≠as venga_ya,_t√≠o,_d√©jate_de_una_vez_de_tonter√≠as venga_ya_tio,_dejate_de_una_vez_de_tonterias venga_ya_tio,_dejate_de_una_vez_de_tonter√≠as venga_ya_tio,_d√©jate_de_una_vez_de_tonterias venga_ya_tio,_d√©jate_de_una_vez_de_tonter√≠as venga_ya_tio_dejate_de_una_vez_de_tonterias venga_ya_tio_dejate_de_una_vez_de_tonter√≠as venga_ya_tio_d√©jate_de_una_vez_de_tonterias venga_ya_tio_d√©jate_de_una_vez_de_tonter√≠as venga_ya_t√≠o,_dejate_de_una_vez_de_tonter√≠as venga_ya_t√≠o,_d√©jate_de_una_vez_de_tonter√≠as venga_ya_t√≠o_dejate_de_una_vez_de_tonter√≠as venga_ya_t√≠o_d√©jate_de_una_vez_de_tonter√≠as caballo_sentido juicio madre_ingenio sensus_communis
bn:00035211n	trayectoria trayectorias
bn:00041585n	superpotencia potencia_mundial potencia superpotencia_internacional hiperpotencia superpoder influencia grandes_potencias gran_potencia potencia_del_mundo poder poder_en_las_relaciones_internacionales potencia_industrial potencia_internacional potencias_mundiales primera_potencia primera_potencia_mundial superpotencia_emergente superpotencias_emergentes gran_poder poder_mundial
bn:00033819n	falla fallo_en_la_l√≠nea
bn:00009080n	conflicto batalla lucha pugna
bn:00029678n	econom√≠a sistema_econ√≥mico sistema_economico sistemas_econ√≥micos sistemas_economicos actividades_economicas economia actividad_economica actividad_econ√≥mica actividades_econ√≥micas cooperaci√≥n_econ√≥mica la_actividad_economica la_actividad_econ√≥mica sistema_economico_mundial sistema_econ√≥mico_mundial econom√≠a_nacional econom√≠a_real econom√≠a_rural econom√≠as econ√≥mico
bn:00052888n	planeta planetas cuerpo_planetario planemo planeta_mayor
bn:00029239n	deber obligaci√≥n responsabilidad deuda compromiso cometido menester obligaciones
bn:00000085n	24 veinticuatro xxiv 4! venticuatro dos_docenas_de
bn:00046093n	imperativo
bn:00026025n	delegado delegada delegados delegar
bn:00022995n	costo coste costes costo_de_manufactura costos costoso caros gastos_contingentes
bn:00001127n	acci√≥n acto hecho operaci√≥n realizaci√≥n
bn:00037187n	complot conjuraci√≥n conspiraci√≥n plan_secreto
bn:00043539n	hegemon√≠a hegemon hegemonia hegemonica hegemonico hegem√≥n hegem√≥nica hegem√≥nico
bn:00054693n	m√©xico mexico estados_unidos_mexicanos m√©jico rep√∫blica_mexicana monta√±as_m√°s_altas_de_m√©xico el_pa√≠s_azteca nueva_espa√±a estados_unidos_mejicanos mejico mx republica_mexicana rep√∫blica_mejicana mex mxn üá≤üáΩ estados_unidos_de_mejico estados_unidos_de_mexico estados_unidos_de_m√©jico estados_unidos_de_m√©xico eum gobierno_federal_de_los_estados_unidos_mexicanos mejicana mejicano mexicana mexicano m√®xico nacion_mexicana republica_de_mexico republica_de_m√©xico republica_federal_de_m√©xico rep√∫blica_de_mexico rep√∫blica_de_m√©xico rep√∫blica_federal_de_mexico rep√∫blica_federal_de_m√©xico sector_productivo_de_m√©xico
bn:00017172n	
bn:00001598n	asesor consultor consejero consultora asesora consejera especialista orientador consultores tutor
bn:00000728n	tratado_internacional tratado acuerdo pacto denuncia acuerdo_internacional concertaci√≥n convenio pakt protocolo tratados_internacionales pacte tratados
bn:00060798n	participante
bn:00054277n	miembro
bn:00028548n	borrador bosquejo boceto esbozo primer_borrador proyecto_de_copia
bn:00064776n	propuesta proposici√≥n oferta propuesta_de_negocios oferentes
bn:00035851n	ma√±ana am madrugada manana mananero matinal matutinas matutino matutinos ma√±anero alborada la_ma√±ana ma√±ana_hora
bn:00009652n	representaci√≥n
bn:00065344n	empuj√≥n empuje
bn:00064262n	presi√≥n
bn:00010203n	india rep√∫blica_de_la_india uni√≥n_india la_india republica_de_la_india bharat barat bharata bharata_ganarajya bharata_ganarƒÅjya bharata_ga·πáarajya bharata_ga·πáarƒÅjya bharata_varsa bharata_varsha bharata_varsham bharata_var·π£a bharatavarsha bharatavarsham bharatvarsha bharat√°_varsham bh√°rata_varsha bhƒÅrata_ganarƒÅjya bhƒÅrata_ga·πáarƒÅjya bhƒÅrata_varsa bhƒÅrata_var·π£a bhƒÅratavarsha indostani religiones_en_la_india republic_of_india rep√∫blica_de_india
bn:00079330n	urgencia emergencia apremio perentoriedad premura
bn:00032654n	hecho evidencia prueba
bn:00047688n	asunto
bn:00041200n	ministro ministra consejera consejero ministros miembro_del_gobierno el_ministro_de_gobierno ministro_de_gobierno ministro_del_gobierno ministro_pol√≠tico
bn:00001697n	avi√≥n aeroplano aeronave aviones avion aeronave_de_ala_fija aeronave_de_alas_fijas avion_de_alas_fijas avi√≥n_de_alas_fijas viajes_aereos viajes_a√©reos ‚úà ‚úàÔ∏è
bn:00042663n	pasillo vest√≠bulo recibidor sala corredor hall vestibulo sala_reuniones
bn:00041948n	reuni√≥n concurrencia concurrentes reuni√≥n_grupal encuentro reuni√≥n_organizada reuniones reuni√≥n_del_grupo
bn:00057552n	rueda_de_prensa conferencia_de_prensa ruedas_de_prensa conferencias_de_prensa conferencia_prensa
bn:00019405n	reclamaci√≥n pretensi√≥n
bn:00006479n	colectividad
bn:00061450n	pueblo personas gente discurso_de_las_masas pueblo_trabajador pueblos
bn:00000086n	d√≠a d√≠a_solar d√≠as dias d√≠a_solar_medio 24-horas_intervalo d√≠a_de_sol veinticuatro_horas veinticuatro_horas_per√≠odo
bn:00001171n	activista militante
bn:00071315n	espect√°culo exhibici√≥n muestra
bn:00060464n	papel hoja hoja_de_papel papel_de_escritura
bn:00029345n	correo_electr√≥nico correo-e e-mail email correo emilio correo_electronico mensaje_electronico mensaje_electr√≥nico correos_electr√≥nicos e-mails carta_electr√≥nica correl correo-e. correo_e correo_web correos_electronicos direccion_de_correo_electronico direccion_de_correo_electr√≥nico direccion_electronica direcci√≥n_de_correo_electr√≥nico direcci√≥n_electr√≥nica e_mail e_mailing e_mails mail mensaje_de_correo_electronico mensaje_de_correo_electr√≥nico web_mail correo_de_internet
bn:00017557n	desaf√≠o reto
bn:00047043n	intensidad
bn:00054897n	mi√©rcoles miercoles 4.¬∞_d√≠ cuarto_d√≠a d√≠a_de_mercurio mi mi. mie mie. mi√©. x cuarto_dia casarse
bn:00010317n	divisi√≥n_de_honor primera_divisi√≥n grandes_ligas mayores
bn:00079435n	vicepresidente vice_presidente vicepresidencia vicepresidenta vicepresidente_de_la_republica vicepresidente_de_la_rep√∫blica vicepresidente_del_gobierno vicepresidentes viceprimera_ministra v.p. vice-presidente vicepresidente_ejecutivo vicepresidente_senior
bn:00063330n	pol√≠tica pol√≠tica_organizacional politica_organizacional formulaci√≥n_de_pol√≠ticas pol√≠ticas responsables_pol√≠ticos
bn:00009664n	coloso figura hombre_de_peso monstruo mujer_de_peso tit√°n
bn:00078365n	victoria triunfo √©xito
bn:00047679n	israel estado_de_israel estado_jud√≠o tierra_santa estado_judio patria_jud√≠a ◊ô◊©◊®◊ê◊ú yisrael
bn:00080111n	visita
bn:00073699n	equipo cuadrilla escuadr√≥n equipos
bn:00052052n	p√©rdida derrota fracaso quebranto
bn:00016286n	actuaci√≥n cumplimiento desempe√±o ejecuci√≥n realizaci√≥n llevar_a_la_acci√≥n rendimiento
bn:00063218n	punto point puntaje puntuaci√≥n tantos puntos
bn:00000942n	apogeo auge c√∫spide cima pico superlativo s√∫mmum tiptop
bn:00000427n	ausencia falta
bn:00030844n	participaci√≥n compromiso implicaci√≥n colaboraci√≥n constribuci√≥n participaci√≥n_pol√≠tica participativa
bn:00076309n	trabajo_en_equipo tarea_en_conjunto trabajo_en_grupo trabajo_en_equipo_en_el_aula trabajo_en_grupo_en_el_aula
bn:00030720n	final fin etapa_final
bn:00075025n	√©xito
bn:00059751n	fuera_de_los_l√≠mites
bn:00037181n	juego
bn:00033833n	favor
bn:00069757n	marcador tanteador
bn:00073989n	inicio comienzo empiece
bn:00008875n	drop canasta gol_de_drop drop_goal goles_de_drop
bn:00012213n	borde l√≠mite per√≠metro frontera margen
bn:00021870n	conjetura especulaci√≥n suposici√≥n surmisal creencia hip√≥tesis teor√≠a suponer
bn:00057368n	arco porter√≠a
bn:00006143n	mu√±eca carpo articulaci√≥n_radiocarpiana articulatio_radiocarpea huesos_del_carpo carpal huesos_carpianos ossa_carpalia ossa_carpi muneca carpus articulaci√≥n_de_la_mu√±eca garra mu√±ecas
bn:00069759n	anotador goleador marcador
bn:00034792n	primer_per√≠odo
bn:00065577n	
bn:00081568n	trabajo
bn:00081042n	silbido chiflido silbo
bn:00005053n	aplauso palmas palmada aplaudir palmadas plauso aplausos mano_aplaudiendo
bn:00044531n	regreso vuelta regreso_a_casa
bn:00044488n	casa hogar pa√≠s
bn:00050340n	delantera liderazgo ventaja
bn:00025236n	noche tarde oscuridad noches
bn:00042647n	medio_tiempo intermedio descanso
bn:00042759n	mano manus palma pata zarpa mano_derecha mano_izquierda manos
bn:00036823n	funci√≥n cargo ministerio papel oficio parte rol oficina
bn:00066863n	devoluci√≥n recuperaci√≥n restauraci√≥n restituci√≥n recuperar
bn:00051117n	
bn:00027415n	desventaja
bn:00060799n	jugador participante jugadora part√≠cipe jugadores
bn:00023270n	par
bn:00062929n	jugada
bn:00002155n	asistencia ayuda auxilio socorro
bn:00030719n	final conclusi√≥n fin finalizaci√≥n t√©rmino
bn:00061606n	per√≠odo
bn:00055094n	minuto min minutos
bn:00051301n	l√≠nea
bn:00053001n	malicia despecho insidia
bn:00030341n	√∫ltima_hora √∫ltimo_minuto
bn:00019848n	vez ocasi√≥n
bn:00070056n	temporada estaci√≥n per√≠odo temporada_de_un_club_deportivo temporada_deportiva temporada_regular edici√≥n_deportiva_recurrente temporada_de_club_deportivo temporada_de_competici√≥n_deportiva temporada_de_equipo_deportivo temporada_de_un_equipo_deportivo cerca_de_la_temporada pretemporada temporada_baja temporada_cerca temporada_en_casa_ya_domicilio
bn:00076788n	wall_street la_calle
bn:00046200n	impulso momentum impulso_mec√°nico impulsos
bn:00028114n	d√≥lar d√≥lar_surinam√©s d√≥lares dolar dolares dollar dol√°r
bn:00010302n	bolsa_de_nueva_york nyse bolsa_de_ny new_york_stock_exchange bolsa_de_valores_de_nueva_york bolsa_de_wall_street n._y._bolsa
bn:00002181n	rumbo sentido arrumbamiento
bn:00053460n	mercado_financiero mercado mercado_burs√°til mercado_de_valores mercados_financieros mercado_internacional_de_capitales mercado_de_capital mercado_del_dinero industria_de_valores
bn:00046418n	indicador √≠ndice indicador_num√©rico indicant √≠ndice_num√©rico √≠ndice_econ√≥mico indice_economico n√∫mero_de_√≠ndice
bn:00028458n	dow_jones promedio_industrial_dow_jones djia dow_jones_industrial dow_jones_industrial_average dow-jones_industrial_average
bn:00056893n	nasdaq nasdaq_stock_market national_association_of_securities_dealers_automated_quotations national_association_of_securities_dealers_automated_quotation
bn:00019966n	conclusi√≥n culminaci√≥n finalizaci√≥n compleci√≥n completaci√≥n cierre limpiar windup
bn:00034394n	n√∫mero
bn:00005105n	ciencia_aplicada ciencias_aplicadas ingenier√≠a ingenier√≠a_f√≠sica tecnolog√≠a ingenieria_fisica ingenieria_f√≠sica fisica_tecnica f√≠sica_t√©cnica investigacion_aplicada investigaci√≥n_aplicada ing._fisica ing_fisica ingeniera ingenieria ingeniero_electronico ingenieros ciencias_de_la_ingenier√≠a tecnolog√≠a_aplicada tecnolog√≠a_moderna tecnolog√≠as
bn:00064119n	predominancia predominio prepotencia
bn:00056870n	estrecho_margen
bn:00077880n	comercio compraventa
bn:00013768n	volumen masa mole
bn:00016404n	caso
bn:00076496n	tendencia
bn:00065107n	publicaci√≥n
bn:00059168n	opini√≥n apreciaci√≥n convencimiento idea parecer punto_de_vista visi√≥n creencia persuasi√≥n opiniones opinion opini√≥n_cient√≠fica
bn:00066995n	relaci√≥n v√≠nculo
bn:00042963n	robustez resistencia fortaleza mutaciones_robustez
bn:00066597n	recuperaci√≥n
bn:00003802n	analista
bn:00068916n	
bn:00058192n	noviembre nov navarra nov. 11 11.¬∞_me decimoprimer_mes mes_11 mes_11. mes_decimoprimero mes_und√©cimo pen√∫ltimo_mes und√©cimo_mes
bn:00014710n	mes mes_de_calendario mes_civil meses
bn:00068427n	sin_interrupci√≥n
bn:00021743n	confianza
bn:00022095n	consumidor consumidores consumidora proceso_de_toma_de_decisiones_del_comprador
bn:00025645n	diciembre dic. 12 12.¬∞_me decimosegundo_mes di di. duod√©cimo_mes mes_12. mes_decimosegundo mes_duod√©cimo √∫ltimo_mes decembrino deciembre
bn:00005164n	estimaci√≥n aproximaci√≥n idea presupuesto valoraci√≥n estimacion estimado
bn:00044024n	
bn:00031888n	euro eurocopa euros ‚Ç¨ eur inflacion_encubierta_del_euro inflacion_oculta_del_euro inflaci√≥n_encubierta_del_euro inflaci√≥n_oculta_del_euro redondeuro
bn:00070206n	sectores_econ√≥micos sector sector_econ√≥mico
bn:00071869n	situaci√≥n estado
bn:00017368n	valor valores t√≠tulo_valor certificado t√≠tulo security t√≠tulo_financiero valor_financiero valor_mobiliario titulo_o_valor titulos_valores t√≠tulo_o_valor t√≠tulos_valores seguridad t√≠tulos_de_deuda valores_financieros
bn:00008870n	base cimentaci√≥n cimiento fundamento
bn:00026339n	departamento_del_tesoro_de_los_estados_unidos hacienda ministerio_de_hacienda departamento_del_tesoro departamento_del_tesoro_de_estados_unidos united_states_department_of_the_treasury ministerio_de_finanzas tesoro_de_estados_unidos tesoro_de_los_estados_unidos
bn:00011974n	bono obligaci√≥n bonos bono_de_deuda bonos_garantizados_por_el_estado obligaci√≥n_financiera bono_certificado
bn:00047691n	rendimiento ingresos r√©dito productividad recaudaci√≥n
bn:00078546n	martes mar 3.¬∞_d√≠ d√≠a_de_marte m ma ma. tercer_d√≠a tercer_dia
bn:00031998n	noche tarde anochecer v√≠spera atardecer even final_de_la_tarde vigilia mediatarde eventide incluso
bn:00058745n	compa√±√≠a_petrolera compa√±√≠a_petrol√≠fera petrolera industria_de_petr√≥leo_y_gas la_petrolera
bn:00021556n	preocupaci√≥n inter√©s inquietud
bn:00080036n	violencia
bn:00046933n	inestabilidad
bn:00007299n	r√©gimen gobierno autoridad r√©gimen_pol√≠tico regimen regimen_politico regimenes reg√≠menes autoridades
bn:00008794n	infraestructura infraestructura_urbana infraestructuras
bn:00007085n	subasta remate puja casas_de_subastas subastas rematador subasta_a_sobre_cerrado subastaci√≥n subastador subastar casa_de_subastas subasta_silenciosa subastadores vendue
bn:00068696n	s√°bado s√°b 7.¬∞_d√≠a_de_la_seman 7mo_d√≠a d√≠a_de_descanso d√≠a_de_descanso_hebreo d√≠a_de_descanso_jud√≠o d√≠a_de_reposo d√≠a_de_saturno d√≠a_del_s√°bado d√≠a_sab√°tico d√≠a_s√°bado s sa sab sabat shabat s√©ptimo_d√≠a √∫ltimo_d√≠a_de_la_semana sabado sabados sabatina sabatino septimo_d√≠a sonnabend s√°bados ultimo_dia ultimo_d√≠a sabbatum
bn:00068622n	rusia federaci√≥n_rusa russia federaci√≥n_de_rusia federacion_rusa rus federacion_de_rusia rusia_mayor russland venaja venaj√§ ven√§j√§ —Ä–æ—Å—Å–∏—è
bn:00024112n	petr√≥leo crudo keroseno petr√≥leo_bruto petr√≥leo_mineral petr√≥leo_crudo oro_negro petrol√≠fero el_refinado_de_petroleo encuentro_social_alternativo_al_petroleo encuentro_social_alternativo_al_petr√≥leo petroleo petroleo_crudo petrolera petrolifero veh√≠culo_de_combusti√≥n combustibles_f√≥siles convencionales_de_petr√≥leo distribuci√≥n_gas roca_aceite
bn:00014160n	empresa compa√±√≠a firma casa empresas empresa_negocio
bn:00002362n	irak iraq rep√∫blica_de_irak republica_de_irak rep√∫blica_de_iraq irak√≠ iraqui iraquies iraqu√≠ iraqu√≠es ir√°k komara_iraqe republica_de_iraq republica_del_iraq rep√∫blica_del_iraq al-iraq
bn:00058741n	industria_petrolera industria_del_petroleo industria_del_petr√≥leo industria_petrolifera industria_petrol√≠fera mercado_de_la_gasolina mercado_de_la_gasolina_de_espana mercado_de_la_gasolina_de_espa√±a mercado_de_la_gasolina_en_espa√±a producci√≥n_petrolera aceite_negocios industria_de_petr√≥leo_y_gas industria_petr√≥leo la_industria_petrolera refinaci√≥n_industria
bn:00025646n	d√©cada decenio decada 10_a√±os diez_a√±os decenario decennium
bn:00080439n	guerra conflagraci√≥n conflicto lucha_armada guerras conflicto_belico conflicto_b√©lico conflicto_armado conflicto_militar conflictos_armados belica belico b√©lica b√©lico conflagracion guerrera polemologia
bn:00069122n	sanci√≥n
bn:00021286n	empresa compa√±√≠a sociedad actividad_empresarial azienda firma empresas compa√±√≠a_comercial negocio negocios sociedad_empresarial compania_privada compan√≠a_privada compa√±ia_privada empresa_comercial
bn:00047081n	inter√©s participaci√≥n
bn:00034265n	campo labrant√≠o sembrad√≠o terreno campo_agr√≠cola campo_rural campos_agr√≠colas campo_agricola campos_agricolas
bn:00010262n	oferta licitaci√≥n propuesta licitador postor
bn:00014152n	acuerdo comercio negocio operaci√≥n_comercial transacci√≥n trato trato_comercial
bn:00048592n	junio jun jun.
bn:00067192n	representaci√≥n
bn:00040387n	gigante
bn:00028249n	
bn:00029774n	jefe_de_redacci√≥n redactor_jefe editor jefa_de_redacci√≥n redactora editor_en_jefe redactor-jefe redactora_en_jefe redactora_jefa editor-jefe jefa_de_la_redacci√≥n jefe_de_la_redacci√≥n redactor_en_jefe edici√≥n editado editor_adjunto editor_asociado editor_de_la_revista editor_de_libros editor_ejecutivo editores_en_jefe
bn:00057546n	noticias noticia actualidades hecho_periodistico hecho_period√≠stico suceso_de_actualidad informe_noticias
bn:00054409n	centro centro_comercial establecimiento_mercantil punto_de_venta tienda_al_por_menor
bn:00001939n	a√±os edad mucho_tiempo largo_tiempo a√±o a√±o_gregoriano ma tiempo_largo
bn:00058679n	oferta ofrecimento ofrecimiento
bn:00070225n	medidas_de_seguridad
bn:00070219n	seguridad seguras
bn:00011946n	
bn:00005732n	fuerzas_armadas ej√©rcito las_fuerzas_armadas fas fuerza fuerza_armada ejercito ejercitos ej√©rcitos fuerzas_militares milicia aparato_militar capitalismo_y_socialismo castrense estado_militar ff._aa. ffaa maquinaria_militar militar militares m√°quina_de_guerra rama_militar resistencia_armada servicios_armados
bn:00007805n	reserva reservas acopio
bn:00003801n	analista
bn:00016401n	caso ejemplo instancia vez
bn:00017562n	desafiador competidor contendiente rival adversaria adversario aspirante competici√≥n competidora contrincante desafiadora retador retadora retante
bn:00030825n	
bn:00030747n	peligro riesgo riesgos arriesgado peligrar peligrosa peligrosamente peligroso peligros peligrosos riesgo_de_seguridad
bn:00070914n	accionista accionario inversionista socio_capitalista accionistas shareowner
bn:00055180n	ministerio consejer√≠a cartera departamento_ministerial ministerial ministerios secretar√≠a_de_estado ministerio_de_salud secretaria_de_estado departamento_ejecutivo estado_mayor_del_ejercito_del_aire mindef minedu mineduc ministerio_de_defensa ministerio_de_educacion ministerio_de_educaci√≥n ministerio_de_finanzas ministerio_de_la_defensa_nacional ministerio_de_salud_publica ministerio_de_salud_p√∫blica ministerio_de_sanidad ministerios_de_salud ministerios_de_salud_publica ministerios_de_salud_p√∫blica ministerios_de_sanidad ministra ministra_de_defensa ministro ministro_de_defensa ministro_de_guerra_y_marina ministro_de_salud ministros secretar√≠as_de_estado ministerio_del_gobierno
bn:00028625n	empate
bn:00001592n	consejo asesoramiento advertencia advice aviso recomendaci√≥n exhortaci√≥n
bn:00022227n	contrato contratos legalmente_vinculante considerandos contracto eficacia_contractual teoria_del_contrato teor√≠a_del_contrato acuerdo_contractual contractual contrataci√≥n derecho_contractual garant√≠as
bn:00080816n	fin_de_semana finde fines_semana semana_de_trabajo
bn:00023288n	curso camino direcci√≥n trayectoria derrotero rumbo curso_de_navegacion curso_de_navegaci√≥n ruta_de_navegacion ruta_de_navegaci√≥n
bn:00073526n	portavoz vocero
bn:00031285n	igualdad equivalencia par paridad
bn:00021034n	reclusi√≥n
bn:00008694n	barril barril_de_petr√≥leo bbl barril_de_petroleo barril_brit√°nico_o_imperial barril_estadounidense
bn:00033939n	honorario cuota tarifa tasa estipendio honorarios
bn:00059788n	producci√≥n rendimiento producci√≥n_econ√≥mica
bn:00025965n	grado nivel grado_de_la_escala grado_evolutivo grados_de_la_escala
bn:00008364n	banco banca bancos entidad_bancaria entidad_de_cr√©dito casa_bancaria entidad_de_dep√≥sito sucursal_bancaria banca_al_detalle banca_telefonica banca_telef√≥nica bancaria banquero casas_bancarias entidades_bancarias entidades_de_cr√©dito intermediaci√≥n_financiera templos_banco banca_de_empresas banca_internacional banca_preocupaci√≥n banco_extranjero bancos_extranjeros banqueros industria_bancaria instituci√≥n_financiera_depositaria sistema_bancario
bn:00074010n	estado
bn:00007799n	apoyo_financiero respaldo_financiero
bn:00011975n	cadenas cuerdas grillete trabas
bn:00064839n	seguridad protecci√≥n recaudo seguro seguridad_econ√≥mica seguridad_financiera
bn:00036839n	fondo fondo_monetario capital
bn:00003601n	cantidad suma monto importe cantidad_de_dinero suma_de_dinero
bn:00000739n	art√≠culo cr√≥nica historia informe relaci√≥n relato reportaje escribir news_report
bn:00013240n	locutor
bn:00031641n	instituci√≥n instituto institucion institucional instituciones institucion_politica institucion_pol√≠tica instituciones_politicas instituciones_pol√≠ticas instituci√≥n_politica instituci√≥n_pol√≠tica
bn:00051251n	cortapisa limitaci√≥n restricci√≥n
bn:00000649n	aceptaci√≥n adopci√≥n
bn:00051250n	
bn:00027366n	director directora gerente administrador gestor manager miembro_de_la_junta miembro_del_consejo_directivo miembro_del_directorio director_general
bn:00012042n	incentivo plus
bn:00017791n	importe
bn:00047367n	inversor inversionista inversora inversores
bn:00051693n	pr√©stamo empr√©stito cr√©dito empr√©stito_de_obligaciones emprestito emprestito_de_obligaciones pr√©stamo_financiero prestamistas pr√©stamos
bn:00008047n	residuo resto remanente restante sobra
bn:00047831n	bote pote
bn:00068915n	venta
bn:00014136n	negocio asunto asunto_de_negocios empresa organizaci√≥n_comerical organizaci√≥n_de_negocios negocios_preocupaci√≥n organizaci√≥n_empresarial
bn:00079107n	unidad elemento m√≥dulo
bn:00023844n	crisis situaci√≥n_de_crisis crisis_puntual
bn:00047358n	inversi√≥n inversi√≥n_financiera inversion invertir inversiones inversi√≥n_econ√≥mica inversion_financiera inversionista inversiones_de_capital inversionistas_extranjeros inversi√≥n_de_capital inversi√≥n_inmobiliaria
bn:00016448n	efectivo dinero_en_efectivo dinero_efectivo dinero_en_met√°lico met√°lico moneda en_efectivo dinero_metalico dinero_met√°lico dinero_contante dinero_contante_y_sonante dinero_en_metalico dinero_f√≠sico usuario:eduardo3877/taller usuario:eduardowikipedista/taller
bn:00050920n	
bn:00076744n	jueves 5.¬∞_d√≠ d√≠a_de_j√∫piter j ju ju. jue jue. quinto_d√≠a
bn:00015496n	capital capital_de_trabajo fondo_de_maniobra fondo_de_rotaci√≥n patrimonio_empresarial capital_circulante capital_corriente capital_de_rotaci√≥n capital_de_rotacion capital_empresarial flujo_de_capital fondo_de_rotacion rentas_del_capital capital_extranjero capital_financiero flujos_de_capital
bn:00046356n	aumento incremento
bn:00000939n	cita menci√≥n referencia remisi√≥n referencia_bibliogr√°fica cita_bibliogr√°fica criterios_de_referencias_bibliogr√°ficas referencia_bibliografica referencia_escrita referencias_bibliogr√°ficas citar citas fuente_necesario
bn:00008279n	grupo banda conjunto c√≠rculo
bn:00005019n	apelaci√≥n recurso_de_apelaci√≥n apelaciones apelado recurso_de_apelacion apelable apelacion apelante apelar juicio_de_apelaci√≥n apel√≥ autorizaci√≥n_para_apelar examen_en_apelaci√≥n junta
bn:00000125n	6 seis sexteto hexad sise sixer sestet sexteto_de_m√∫sica 3! n√∫mero_6 vi numero_6 el_capit√°n_hicks medio_de_una_docena sextillo
bn:00023302n	sala_de_justicia sala sala_de_audiencias corte juzgado sala_de_un_tribunal tribunal sala_de_vistas sala_del_tribunal
bn:00068424n	fila hilera l√≠nea
bn:00076677n	testimonio atestaci√≥n atestiguamiento testificaci√≥n relato_personal relatos_personales testimonios testificado testificar
bn:00025872n	equipo_de_defensa defensa abogados_de_la_defensa
bn:00054523n	mensaje recado mensajes mensaje_textual mensajer√≠a mensajeria comunicado
bn:00078198n	juicio proceso judicial juicio_oral juicios pleito pleito_legal proceso_legal caso_criminal
bn:00006469n	violaci√≥n estupro violaciones violada violacion violaci√≥n_sexual violar violacion_sexual violaci√≥n_forzada violador_en_serie violadores
bn:00018345n	menor_de_edad ni√±o menor joven ni√±a nene pececillo minor√≠a_de_edad alev√≠n chango chaval chico chiquillo chiq√ºelo criatura cr√≠a cr√≠o jovenzuelo mozalbete muchachuelo tike infancia papa_frita menores_de_edad edad_legal minoridad_legal minoria_de_edad menores chamaca chamaco chavo conservacion_de_los_derechos_de_los_ninos conservacion_de_los_derechos_de_los_ni√±os conservaci√≥n_de_los_derechos_de_los_ninos conservaci√≥n_de_los_derechos_de_los_ni√±os minoridad ninas ninez ninos ni√±ez ni√±os piba piberio piber√≠o primera_edad
bn:00009472n	cama catre piltra lecho sobre catrera
bn:00044994n	casa arquitectura_dom√©stica casas
bn:00034004n	miembro integrante compa√±ero
bn:00032892n	familia n√∫cleo_familiar menaje casa hogar nucleo_familiar casas
bn:00048488n	juez jueza magistrado togado √°rbitro judicatura juezas iudex jueces justicia
bn:00046148n	imposici√≥n inflicci√≥n
bn:00048658n	jurado juicio_con_jurado jury juicio_con_jurados juicio_por_jurado jurado_escabinado jurado_judicial jurado_popular jurados
bn:00007051n	abogado abogada letrado letrada notario defensor jurista picapleitos abogados abogadas licenciada licenciado licenciado_en_derecho abogac√≠a abogado_criminal abogado_defensor asesor_legal
bn:00023301n	tribunal corte juzgado sala_de_justicia tribunales
bn:00034444n	
bn:00005600n	argumento
bn:00023362n	reportaje presentaci√≥n_de_informes
bn:00057562n	reportero newsperson periodista reportera rep√≥rter comunicador_social comunicadora_social vendedor_de_peri√≥dicos
bn:00030627n	uso utilizaci√≥n empleo
bn:00016140n	
bn:00003263n	ambiente atm√≥sfera atmosfera
bn:00026622n	detalle punto particular particularidad pormenor
bn:00060907n	pasi√≥n apasionamiento pasion
bn:00019404n	reclamaci√≥n afirmaci√≥n proposicional proposici√≥n proposici√≥n_l√≥gica
bn:00064192n	regla norma prescripci√≥n precepto
bn:00025170n	peligro
bn:00046310n	inclusi√≥n
bn:00046516n	persona individuo mortal alguien humano ser alguno alma ser_humano individuos persona_individuo personaje_real sujeto concepto_de_persona individual individualidad indivisible personas
bn:00067807n	derecho derechos derecho_subjetivo derechos_y_libertades
bn:00025890n	abogado_defensor defensa abogado_criminal abogado_de_defensa abogado_de_defensa_criminal el_abogado_defensor
bn:00078207n	juez_procesal juez_de_primera_instancia
bn:00064914n	provincia estado provincias estado_federal pa√≠s provincianismo provinciano
bn:00075262n	corte_superior tribunal_superior
bn:00059171n	fallo decisi√≥n dictamen sentencia
bn:00048459n	medios_de_comunicaci√≥n medios_period√≠sticos periodismo medio_informativo medio prensa los_medios_de_comunicaci√≥n
bn:00032047n	evidencia prueba cuerpo_del_delito prueba_civiles
bn:00050106n	
bn:00050107n	√∫ltima_palabra
bn:00005022n	tribunal_de_apelaci√≥n corte_de_apelacion tribunal_de_apelacion corte_de_apelaciones tribunal_de_apelaciones corte_de_apelaci√≥n tribunales_de_apelaci√≥n corte_de_segunda_instancia juzgado_de_segunda_instancia tribunales_de_apelacion tribunales_de_apelaciones
bn:00016403n	causa demanda pleito acci√≥n caso juicio litigio proceso proceso_judicial querella demanda_judicial caso_judicial argumento caso_legal demandado parte_demandada caso_civil causal causalidad demanda_civil demand√≥ disputa_legal litigantes previas_al_juicio sistema_causa tribunal_civil
bn:00015226n	candor franqueza sinceridad imparcialidad
bn:00075359n	corte_suprema_de_los_estados_unidos corte_suprema corte_suprema_de_estados_unidos corte_suprema_de_justicia_de_estados_unidos corte_suprema_de_justicia_de_los_eeuu corte_suprema_de_los_estados_unidos_de_america corte_suprema_de_los_estados_unidos_de_am√©rica procedimientos_de_la_corte_suprema_de_los_estados_unidos procedimientos_del_tribunal_supremo_de_los_estados_unidos suprema_corte_de_estados_unidos suprema_corte_de_justicia_de_los_estados_unidos suprema_corte_de_los_estados_unidos tribunal_supremo_de_estados_unidos tribunal_supremo_de_los_estados_unidos u.s._supreme_court corte_suprema_de_ee.uu. corte_suprema_de_los_estados_unidos_am√©rica ee.uu_corte_suprema_de_justicia escoto estados_unidos_la_corte_suprema_de_justicia tribunal_supremo_de_los_estados_unidos_am√©rica u.s_corte_suprema
bn:00021628n	sentencia condena sentencia_condenatoria juicio pena punici√≥n veredicto_condenatorio sentencia_judicial sentencias condena_penal condenas frase
bn:00019742n	cleveland cleveland_ohio cleveland,_oh cleveland,_ohio
bn:00059674n	oste√≥pata osteopathist
bn:00032175n	asesinato homicidio homicidio_calificado asesinar asesinato_en_segundo_grado asesinatos asesino asesinos asesina asesinado asesin√≥ asesinato_en_primer_grado asesinato_tortura
bn:00053531n	esposa c√≥nyuge mujer mujer_casada esposo marido se√±ora esposas
bn:00021584n	conclusi√≥n decisi√≥n determinaci√≥n resoluci√≥n dictamen
bn:00023807n	crimen delito delitos infracci√≥n criminal criminalidad actividad_criminal actividades_delictivas actividades_ilegales acto_criminal comportamiento_criminal delincuentes delito_criminal violaci√≥n_de_la_ley
bn:00046926n	inspiraci√≥n fuente_de_inspiraci√≥n
bn:00076429n	programa_de_televisi√≥n programa_de_la_televisi√≥n temporada programaci√≥n_televisiva programa programa_de_television programa_de_tv programa_televisivo programas_de_televisi√≥n programa_tv programacion_de_television programacion_televisiva programaci√≥n_de_televisi√≥n genero_televisivo g√©nero_televisivo programa_de_radio programas_de_radio programas_de_television show de_programas_de_televisi√≥n demostraci√≥n_de_la_tv producci√≥n_de_televisi√≥n programas_televisi√≥n serie_de_televisi√≥n series_de_televisi√≥n
bn:00034471n	pel√≠cula film filme cine producci√≥n pelicula pel√≠culas obra_cinematografica peliculas filmes films largometraje largometrajes obra_cinematogr√°fica realizacion_de_cine realizaci√≥n_de_cine filmaciones filmaci√≥n obras_cinematograficas obras_cinematogr√°ficas peli pelicula_cinematografica pelicula_cinematogr√°fica pelicular peliculero peliculon pelicul√≥n pel√≠cula_cinematografica pel√≠cula_cinematogr√°fica imagen_en_movimiento gran_pel√≠cula im√°genes_en_movimiento motion-picture_show movimiento_se_muestra_la_imagen muestra_la_imagen pantalla_grande pel√≠cula_teatral
bn:00042601n	mitad un_medio metad 0,5 0.5 1/2 medio la_mitad
bn:00017234n	siglo centuria siglos centenario
bn:00033729n	modo manera estilo v√≠a forma guisa moda
bn:00016851n	causa fundamento motivo raz√≥n causal
bn:00016013n	preocupaci√≥n cuidado inquietud miedo temor
bn:00064601n	profesor profesora catedr√°tico catedr√°tico_de_universidad catedratico_de_universidad catedr√°tica_de_universidad profe profesor_universitario profesores catedr√°tica catedratica_de_universidad catedratico_universitario catedr√°tica_universitaria catedr√°tico_de_escuela_universitaria catedr√°tico_universitario c√°tedra_universitaria docente docente_de_universidad docente_universitaria docente_universitario ensenante ense√±ante profesor_de_universidad profesorado profesoral sala_de_profesores c√°tedra c√°tedras prof profesor_adjunto profesor_asistente profesor_em√©rito profesor_extraordinario profesor_ordinario profesor_titular
bn:00021904n	connecticut estado_de_connecticut ct el_estado_constitucional conecticut conetica con√©cticut con√©tica constituci√≥n_pol√≠tica_del_estado nuez_moscada_estado
bn:00015656n	pena_de_muerte ejecuci√≥n pena_capital castigo_capital condenado_a_muerte ejecuciones ejecutado privaci√≥n_de_vida abolici√≥n_de_la_pena_de_muerte ajusticiamiento condena_a_muerte condenada_a_muerte ejecucion penas_de_muerte sentencia_de_muerte ultima_pena √∫ltima_pena crimen_capital delito_capital ejecuci√≥n_judicial ejecuci√≥n_p√∫blica ejecutar
bn:00067181n	informe reporte estudio memoria informes informe_cient√≠fico informe_escrito
bn:00045800n	idea pensamiento ideas
bn:00021221n	comunicaci√≥n comunicaci√≥n_social ciencias_de_la_comunicaci√≥n comunicacion_social comunicacion receptor comunicaciones el_intercambio_de_informacion el_intercambio_de_informaci√≥n comunicador_social comunicadora_social comunicar la_comunicacion la_comunicaci√≥n teoria_de_la_comunicacion teoria_de_la_comunicaci√≥n teoria_de_la_comunicac√≠on teor√≠a_de_la_comunicacion teor√≠a_de_la_comunicac√≠on comunicado comunicarse falta_de_comunicaci√≥n habilidades_de_comunicaci√≥n
bn:00048657n	jurado jurywoman
bn:00066343n	reacci√≥n
bn:00032381n	fotograf√≠a foto exposici√≥n figura imagen retrato fotograf√≠as fotoperiodicidad fotos
bn:00079940n	v√≠ctima
bn:00025364n	hija hijo ni√±a hijas
bn:00064806n	fiscal procurador procuradora ministerio_p√∫blico agente_del_ministerio_publico agente_del_ministerio_p√∫blico agente_fiscal fiscalia_general fiscal√≠a_general ministerio_fiscal ministerio_publico procurador_fiscal procuraduria_general procuradur√≠a_general promotor_fiscal abogado_de_procesamiento fiscales persecuci√≥n_oficial procesado
bn:00034552n	veredicto fallo apreciaci√≥n_de_los_hechos
bn:00021961n	resultado consecuencia efecto desenlace conclusion conclusi√≥n
bn:00047077n	inter√©s interes inter√©s_medi√°tico
bn:00017559n	
bn:00030113n	elecci√≥n elecciones proceso_electoral elecci√≥n_popular jornada_electoral sistema_electivo electoral comicios_electorales eleccion eleccion_popular elecciones_generales elecciones_libres procesos_electorales democr√°ticamente_electo elegidos pol√≠tica_electoral reelecci√≥n voto_popular
bn:00015050n	campa√±a_electoral campa√±a_pol√≠tica campa√±a campa√±as_pol√≠ticas propaganda_pol√≠tica publicidad_pol√≠tica campa√±as_electorales campana_electoral campana_politica campana_pol√≠tica campanas_electorales campanas_politicas campanas_pol√≠ticas campa√±a_politica campa√±as_politicas propaganda_politica publicidad_politica campa√±a_presidencial
bn:00015056n	candidato candidata nominada nominado activista palad√≠n
bn:00070459n	senado_de_los_estados_unidos senado senado_de_estados_unidos senado_de_ee.uu senado_de_los_estados_unidos_de_america senado_de_los_estados_unidos_de_am√©rica senador_de_los_estados_unidos united_states_senate senador_de_estados_unidos u.s._senate ee.uu_el_senador senado_de_ee.uu. senado_de_estado_unidos senado_de_los_ee.uu senado_u_s senador_de_los_ee.uu
bn:00030581n	emoci√≥n afecto emocion emocional emociones emocionante emotiva emotivo emociones_humanas
bn:00021278n	crujido compactaci√≥n
bn:00015008n	c√°mara c√°mara_fotogr√°fica camara camara_fotografica c√°mara_de_fotos camara_de_fotos camara_fotogr√°fica camaras_fotograficas camaras_fotogr√°ficas c√°mara_de_fotograf√≠a c√°mara_√≥ptica c√°maras_fotogr√°ficas maquina_de_fotos m√°quina_de_fotos c√°maras
bn:00023326n	palacio_de_justicia corte tribunal
bn:00057481n	new_haven ner_haven new_haven,_connecticut new_haven_connecticut nueva_haven nuevo_haven
bn:00047238n	entrevista entrevista_de_television entrevista_de_televisi√≥n entrevista_periodistica entrevista_period√≠stica programa_de_entrevistas entrevistas
bn:00048461n	periodista reportero periodistas licenciado_en_comunicaci√≥n_social reportera_de_noticias reportero_ejecutivo cobertura_medi√°tica periodista_de_la_televisi√≥n periodista_de_televisi√≥n
bn:00061746n	perspectiva visi√≥n vista mirada posici√≥n
bn:00017651n	cambio alteraci√≥n modificaci√≥n variaci√≥n
bn:00001267n	adaptaci√≥n adaptacion adaptaci√≥n_biol√≥gica adaptacion_biologica adaptacion_biol√≥gica adaptaciones_biologicas adaptaciones_biol√≥gicas adaptaciones
bn:00066933n	regla norma regulaci√≥n estado
bn:00006759n	deporte atletismo deportes depor evento_deportivo acontecimiento_deportivo actividad_deportiva beneficios_del_deporte_a_la_salud deportista deportistas deportiva deportivo eventos_deportivos
bn:00036292n	fraude defraudador defraudadores defraudar detecci√≥n_de_fraudes fraude_al_consumidor prevenci√≥n_del_fraude
bn:00048655n	ley derecho jurisprudencia ciencias_juridicas ciencias_jur√≠dicas juridica juridico jur√≠dica jur√≠dico lenguaje_legal batalla_legal legal legislativa teor√≠a_legal
bn:00033750n	astucia enga√±o zancadilla un_r√°pido
bn:00045199n	humor agudeza humorada jocosidad sentido_del_humor divertido hilara hilaro imaginativo ingenio chiste graciosidad ocurrencia r√©plica
bn:00081224n	voluntad
bn:00030015n	expulsi√≥n exclusi√≥n eyecci√≥n expulsion
bn:00046794n	tinta tinta_indeleble tintas
bn:00009654n	comportamiento conducta actuaci√≥n pauta postura proceder conducci√≥n hechos
bn:14866890n	
bn:00015917n	cartulina
bn:00021722n	conferencia liga liga_deportiva alianza campeonato_de_liga conferencia_atl√©tica
bn:00061898n	etapa fase estadio per√≠odo
bn:00021015n	comit√© comisi√≥n comit√©_directivo comit√©_ejecutivo comite comite_directivo comite_ejecutivo comit√©s_ejecutivos comisiones_permanentes comit√©_parlamentario comit√©_permanente comit√©s ispolkom
bn:00022845n	
bn:00077924n	entrenador entrenadora amaestrador preparador amaestradora
bn:00046294n	incitaci√≥n provocaci√≥n
bn:00019219n	circunstancia contexto marco
bn:00061054n	costumbre h√°bito pr√°ctica patr√≥n
bn:00081622n	mundo
bn:00035704n	f√∫tbol c√≥digos_de_futbol futbol balompi√© bal√≥n bal√≥n_de_f√∫tbol codigos_de_futbol codigos_de_f√∫tbol c√≥digos_de_f√∫tbol partido_de_f√∫tbol
bn:00031735n	ethos actitud_vital esp√≠ritu genio ·º§Œ∏ŒøœÇ car√°cter_distintivo
bn:00021395n	componente parte porci√≥n componente_de_vector parte_componente suma_de_vectores suma_vectorial vector vector_euclidiano
bn:00005601n	debate discusi√≥n argumento programa_de_debates debates debatir argumentaci√≥n debate_pol√≠tico discutir equipo_debate teor√≠a_de_la_argumentaci√≥n
bn:00059480n	organizaci√≥n establecimiento constituci√≥n formaci√≥n fundaci√≥n organizativo organizaciones organizacion organizar organizativa
bn:00004527n	himno himnos anthem hymnus himnos_nacionales autor_de_himnos himno_cristiano himn√≥grafo hymnist hymnodist
bn:00041354n	nobleza grandeza magnanimousness
bn:00044654n	honor honra codigo_de_honor tribunal_de_honor c√≥digo_de_honor honorable sistema_de_honor c√≥digo_del_honor c√≥digos_de_honor derecho_al_honor honorabilidad tribunales_de_honor tribunales_militares_de_honor
bn:00001077n	acto acci√≥n acci√≥n_humana actividad_humana la_acci√≥n_humana la_actividad_humana praxeolog√≠a
bn:00028614n	
bn:00044269n	historia
bn:00076339n	t√©cnico
bn:00078798n	tipo
bn:00064077n	precepto norma_jur√≠dica principio ordenanza norma norma_juridica norma_legal normas_juridicas normas_jur√≠dicas norma_de_derecho ordenanza_civil ordenanzas ordenanzas_civiles preceptos
bn:00059436n	ordenamiento reglamento reglamentos regulaci√≥n regulaci√≥n_gubernamental
bn:00047690n	asunto cuesti√≥n materia tema
bn:00025080n	da√±o perjuicio deterioro hecho_da√±oso
bn:00033960n	esp√≠ritu sentimiento tono
bn:00001561n	ventaja
bn:00047017n	integridad integridad_personal
bn:00006383n	aspecto matiz punto
bn:00050275n	transgresor trasgresor ley_delincuente
bn:00076925n	cosa caracter√≠stica
bn:00022078n	fraude_constructivo fraude_de_ley
bn:00046721n	delito_menor infracci√≥n contravenci√≥n delito falta violaci√≥n ofensa mala_conducta delincuente_de_poca_monta delitos_menores litigios_sobre_patentes
bn:00061325n	castigo pena penalizaci√≥n penable penada penadas penado penados derecho_penal_ejecutivo castigar sanci√≥n_penal sistema_penal
bn:00021348n	queja protesta querella
bn:00009905n	beneficio provecho ventaja
bn:00069579n	estrategia plan_de_acci√≥n plan t√°ctica proyecto r√©gimen esquema estrategias
bn:00020039n	gremio club cofrad√≠a colegio liga logia guilda club_social asociaci√≥n clube fraternidad lodge sociedad german√≠a asociacion_gremial corporaci√≥n sistema_gremial asociaci√≥n_gremial gremios corporacion corporacion_de_artes_y_oficios corporacion_de_oficios corporacion_medieval corporaci√≥n_de_artes_y_oficios corporaci√≥n_de_oficios corporaci√≥n_medieval gremio_de_artes_y_oficios gremio_de_artesanos gremi gremialismo_medieval club_privado clubes dorar gremio_artesanal gremio_mercantil gremios_artesanales
bn:00017615n	campeonato campeonatos
bn:00046391n	indefinici√≥n indeterminaci√≥n indefinity
bn:00003125n	cambio alteraci√≥n modificaci√≥n evoluci√≥n variaci√≥n
bn:00000674n	
bn:00024727n	ciclo
bn:00075455n	suspensi√≥n suspensi√≥n_temporal suspension eliminaci√≥n_temporal
bn:00000772n	acumulaci√≥n accruement devengo
bn:00051035n	lugar posici√≥n puesto sitio
bn:00024724n	ciclo
bn:00006559n	suposici√≥n asunci√≥n supuesto
bn:00005092n	aplicaci√≥n aplicaci√≥n_pr√°ctica
bn:00012212n	frontera delimitaci√≥n l√≠mite frontera_nacional delimitaci√≥ l√≠nia_fronterera l√≠nia_lim√≠trof mete lindero divisiones_geograficas divisiones_geogr√°ficas fronterizo linea_divisoria l√≠nea_divisoria frontera_internacional paso_fronterizo puesto_de_control_fronterizo delimitaci√≥n_de_distritos_electorales fronteras impartir l√≠mite_de_l√≠nea transfronteriza
bn:00048587n	coyuntura motivo
bn:00005599n	controversia discusi√≥n bronca pelea pol√©mica ri√±a disputa lid pendencia quimera controversial controversias desavenencia controvertido argumentando argumento argumentos disceptation lucha
bn:00032661n	factor component
bn:00078024n	transmisi√≥n transmitir
bn:00027363n	directiva directriz
bn:00013701n	microbio germen microbios
bn:00063739n	posibilidad possibleness
bn:00027530n	descubrimiento hallazgo
bn:00007854n	bacteria bacterias bacteriana bacteriano bacterii bacterium esquizomicetes eubacteri eubacteria vacterias
bn:00005917n	ars√©nico n√∫mero_at√≥mico_33 arsenico as anh√≠drido_arsenioso como
bn:00035649n	nutriente nutrimento alimento comida alimentos sustento sustancia_nutritiva nutrientes macronutrientes
bn:00035911n	forma cepa var. variante cepa_bacteriana var
bn:00047356n	investigador investigadora investigaci√≥n_trabajador
bn:00051054n	vida biota caracteristicas_de_la_materia_viva caracter√≠sticas_de_la_materia_viva funciones_contractiles la_vida vidas
bn:00018105n	elemento_qu√≠mico elemento elemento_quimico elementos_qu√≠micos elementos_quimicos grupo_de_elementos_qu√≠micos elemento_radiactivo
bn:00009677n	ser organismo ser_vivo organismos criatura organismo_vivo organismos_vivos seres_vivos clasificacion_del_ser_vivo flora_y_la_fauna seres
bn:00015410n	capacidad
bn:00006845n	f√≥sforo n√∫mero_at√≥mico_15 p fosforo fosforio
bn:00029770n	edici√≥n
bn:00048453n	revista dietario journal
bn:00006890n	carbono n√∫mero_at√≥mico_6 n√∫mero_at√≤mico_6 carbonaceo carbonoso √°tomo_de_carbono c atomo_de_carbono carbonos
bn:00006823n	hidr√≥geno n√∫mero_at√≥mico_1 hidrogeno elemento_1 elemento_uno h primer_elemento protio hydrogenium dihidr√≥geno gas_hidr√≥geno hidr√≥geno_molecular mol√©cula_de_hidr√≥geno mol√©cula_hidr√≥geno
bn:00006901n	nitr√≥geno n√∫mero_at√≥mico_7 azoe nitrogeno √°zoe az n nitrogenado dinitr√≥geno gas_nitr√≥geno nitrogenados
bn:00006912n	ox√≠geno oxigeno n√∫mero_at√≥mico_8 o elemento_8 elemento_ocho octavo_elemento √°tomo_de_ox√≠geno formula_quimica_del_oxigeno oxigeno_atomico oxigeno_at√≥mico ox√≠geno_atomico ox√≠geno_at√≥mico ox√≠geno_molecular
bn:00006846n	azufre n√∫mero_at√≥mico_16 s sulfuroso sulfuro acrebite alcrebite alcribite azufre_nativo sulf√∫rico
bn:00014403n	california alta_california estado_de_california el_estado_dorado californiano ca calif. california,_estados_unidos ca. californiana californianos calif√≥rnia golden_state
bn:00012940n	descubrimiento hallazgo
bn:00045243n	b√∫squeda busca cacheo
bn:00007985n	campo_de_estudio campo disciplina ramo tema √°rea area_de_jurisdicci√≥n estudio terreno √°mbito √°rea_de_estudio √°rea_tem√°tica c√°tedra materia campo_acad√©mico campo_tem√°tico disciplina_acad√©mica
bn:00004352n	proclamaci√≥n anuncio preg√≥n proclama promulgaci√≥n proclamacion proclamaciones proclamar proclamaci√≥n_real proclamas
bn:00021869n	conjetura especulaci√≥n suposici√≥n teor√≠a conjetura_matematica conjetura_matem√°tica conjeturas conjetural
bn:00024712n	internet ciberespacio red red_de_computadoras red_de_ordenadores red_inform√°tica ciberinfinito el_internet internet_global acceso_a_internet cyberespacio inet interne internerd intern√© red_de_redes red_mundial
bn:00027529n	descubrimiento hallazgo descubrimientos descubrir descubridor descubridores avistamientos descubrimientos_cient√≠ficos
bn:00031074n	entorno medio
bn:00010518n	bioqu√≠mica bioqu√≠mico qu√≠mica_biol√≥gica bioqu√≠micos bioan√°lisis biomolecular bioquimica bioquimico grado_en_bioquimica grado_en_bioqu√≠mica qu√≠mica_fisiol√≥gica
bn:00070696n	conjunto juego set
bn:00059768n	espacio_exterior espacio espacio_vac√≠o espacial espacio_sideral espacio_sid√©reo espacio_vacio expacio_vacio expacio_vac√≠o espacio_cislunar medio_intergal√°ctico
bn:00069670n	ciencia ciencias disciplina_cient√≠fica conocimiento_cient√≠fico saber_cient√≠fico cientifica la_ciencia ciencia_convencional ciencia_emp√≠rica
bn:00059087n	open_university the_open_university universidad_abierta_del_reino_unido universidad_abierta
bn:00013173n	reino_unido reino_unido_de_gran_breta√±a_e_irlanda_del_norte gran_breta√±a reino_unido_de_la_gran_breta√±a_e_irlanda_del_norte reino united_kingdom uk u.k. gb gbr inglaterra britanica britanicos brit√°nica brit√°nicos cabo_dungeness el_reino_unido futbol_de_inglaterra f√∫tbol_de_inglaterra gran+bretana gran+breta√±a gran_bretana_e_irlanda_del_norte gran_breta√±a_e_irlanda_del_norte inglesas nacionalidad_britanica nacionalidad_brit√°nica r._u. r.u. r_u r_u. reino_unido_de_breta√±a reino_unido_de_gran_bretana_e_irlanda_del_norte reino_unido_de_la_gran_bretana reino_unido_de_la_gran_bretana_e_irlanda_del_norte reino_unido_de_la_gran_breta√±a reinounidense ru rudgbeidn rugbin u_k u_k. united_kingdom_of_great_britain_and_northern_ireland
bn:00067280n	investigaci√≥n investigaci√≥n_cient√≠fica investigadores investigacion investigacion_cientifica investigacion_cient√≠fica investigaciones investigaci√≥n_cientifica investigadora investigar producci√≥n_cient√≠fica investigaci√≥n_acad√©mica investigaci√≥n_original m√©todos_de_investigaci√≥n
bn:00062309n	obra trabajo pieza_de_trabajo
bn:00061666n	sustituci√≥n permutaci√≥n substituci√≥n cambio
bn:00074759n	estructura arquitectura conformaci√≥n estructuraci√≥n
bn:00056879n	nasa administraci√≥n_nacional_de_aeron√°utica_y_del_espacio administraci√≥n_nacional_de_aeron√°utica_y_el_espacio agencia_espacial_norteamericana anae administraci√≥n_nacional_de_aeron√°utica_y_espacio agencia_espacial_americana agencia_espacial_de_ee.uu. agencia_espacial_estadounidense administracion_nacional_de_aeronautica_y_del_espacio administracion_nacional_de_aeronautica_y_el_espacio administracion_nacional_de_aeron√°utica_y_del_espacio administracion_nacional_de_aeron√°utica_y_el_espacio administraci√≥n_nacional_de_aeronautica_y_del_espacio administraci√≥n_nacional_de_aeronautica_y_el_espacio n.a.s.a. n_a.s.a. n_a_s.a. n_a_s_a n_a_s_a. nasa.gov nasa_gov national_aeronautics_and_space_administration paeces pates
bn:00006642n	astrobiolog√≠a exobiolog√≠a xenobiolog√≠a bioastronom√≠a astrobiologia exobiologia exobiologo exobi√≥logo vida_en_otros_planetas xenobiologia astrobi√≥logo espacio_biolog√≠a
bn:00046952n	instituto instituci√≥n instituto_universitario institutos
bn:00074790n	estudio encuesta investigaci√≥n
bn:00018096n	sustancia_qu√≠mica qu√≠mico producto_qu√≠mico sustancia sustancia_pura substancia sustancia_quimica sustancias_quimicas sustancias_qu√≠micas qu√≠mica qu√≠mico_sustancia qu√≠micos
bn:00009655n	comportamiento conducta mala_conducta
bn:00042951n	adversidad infortunio trago trineo_√°spero
bn:00052571n	maquinaria m√°quina machinery m√°quinas maquina
bn:00021538n	concentraci√≥n concentracion_molar concentraci√≥n_molar concentracion concentrado molal molalidad concentraciones concentraci√≥n_anal√≠tica
bn:00051067n	forma_de_vida vida_de_la_forma
bn:00062777n	planeta
bn:00055813n	sat√©lite_natural luna sat√©lite lunas satelite_natural sat√©lites_naturales planeta_secundario satelites_naturales
bn:00006525n	profesor_asistente agregado profesor_agregado profesor_ayudante profesora_asistente profesor_adjunto profesor_distinguido profesor_investigaci√≥n
bn:00054734n	microbiolog√≠a microbiologia an√°lisis_microbiol√≥gico bacteriologia bacteriologo bacteri√≥logo microbiologa microbiologico microbiologo microbiol√≥gica microbiol√≥gico microbi√≥loga microbi√≥logo microbiol√≥gicos
bn:00001965n	manera medio modo camino forma agencia
bn:00026317n	departamento_de_energ√≠a_de_los_estados_unidos ministerio_de_energ√≠a departamento_de_energ√≠a departamento_de_energia_de_estados_unidos departamento_de_energia_de_los_estados_unidos departamento_de_energ√≠a_de_estados_unidos departamento_de_energ√≠a_de_los_ee.uu. department_of_energy u.s._department_of_energy u_s._department_of_energy u_s_department_of_energy united_states_department_of_energy us_department_of_energy departamento_de_energia departamento_de_energia_de_los_ee.uu. doe energy.gov national_renewable_energy_laboratory nrel usdoe departamento_de_energ√≠a_de
bn:00056932n	national_institutes_of_health institutos_nacionales_de_salud nih institutos_nacionales_de_salud_de_los_ee._uu. instituto_nacional_de_salud_de_estados_unidos instituto_nacional_de_salud_de_los_estados_unidos instituto_nacional_de_salud_de_usa institutos_nacionales_de_la_salud national_institute_of_health instituto_nacional_de_salud los_institutos_nacionales_de_la_salud
bn:00055504n	modus_operandi rutina
bn:00075331n	apoyo ayuda
bn:00021207n	democracia rep√∫blica democracias democratica democratico democraticos democr√°tica democr√°tico democr√°ticos estado_de_la_libertad_en_el_mundo estado_democr√°tico estados_democraticos estados_democr√°ticos pais_libre pais_no_libre paises_libres paises_no_libres pa√≠s_no_libre pa√≠ses_libres pa√≠ses_no_libres redemocratizaci√≥n regimen_democratico regimen_democr√°tico r√©gimen_democratico r√©gimen_democr√°tico sistema_democratico sistema_democr√°tico sistemas_democr√°ticos tirania_de_la_mayoria tirania_de_la_mayor√≠a democracia_secular gobierno_democr√°tico proceso_democr√°tico
bn:00050165n	am√©rica_latina latinoam√©rica hispanoam√©rica america_latina americalatina latam latinas latino_america latinoamerica latinoamericana latinoamericanas latinoamericanista latinoamericano latinoamericanos pa√≠ses_latinoamericanos
bn:00007797n	patrocinio patrocinazgo
bn:00036346n	econom√≠a_de_mercado economia_de_mercado mercado_capitalista econom√≠a_de_consumo empresa_privada libre_empresa compa√±√≠a_de_propiedad_privada econom√≠a_basada_en_el_mercado econom√≠a_de_libre_mercado econom√≠a_monetaria econom√≠as_de_mercado empresas_privadas laissez-faire privada propiedad_privada
bn:00021558n	preocupaci√≥n quebradero quebradero_de_cabeza
bn:00079045n	desempleo desocupaci√≥n paro cesantia desocupacion tasa_de_desempleo cesant√≠a desempleada desempleado desempleados desocupada desocupado disminuci√≥n_de_empleos parado parados paro_obrero poblacion_desocupada poblaci√≥n_desocupada sin_equipo sin_trabajo tasa_de_paro trabajadores_en_paro creaci√≥n_de_empleo programa_de_alivio_trabajo programa_de_creaci√≥n_empleo
bn:00012786n	brasil rep√∫blica_federativa_del_brasil rep√∫blica_federativa_de_brasil brasilena brasilenas brasileno brasilenos brasilero brasile√±o codigo_postal_brasileno codigo_postal_brasile√±o c√≥digo_postal_brasileno c√≥digo_postal_brasile√±o daslu_terraza el_brasil lusoamerica lusoam√©rica republica_federativa_de_brasil republica_federativa_del_brasil republica_federativa_do_brasil rep√∫blica_de_brasil rep√∫blica_del_brasil rep√∫blica_federal_de_brasil rep√∫blica_federativa_do_brasil
bn:00066884n	regi√≥n regiones regional regiones_administrativas
bn:00034551n	
bn:00015387n	encuesta_de_opini√≥n encuesta sondeo sondeo_de_opini√≥n encuesta_p√∫blica solicitud sondeo_p√∫blico encuesta_de_opinion_p√∫blica encuesta_de_opinion sondeo_de_opinion encuestas_de_opini√≥n demoscopia encuestas_de_opinion sondeos_de_opinion sondeos_de_opini√≥n sondeos_electorales encuesta_de_opini√≥n_p√∫blica encuestas_de_opini√≥n_p√∫blica √≠ndice_de_aprobaci√≥n
bn:00007047n	actitud disposici√≥n postura actitudes actitud_mental
bn:00076918n	cosa movida rollo
bn:00058593n	octubre oct. otubre 10 10.¬∞_me d√©cimo_mes mes_10. mes_d√©cimo ot. otu.
bn:00019781n	clima estado_de_√°nimo humor
bn:00070104n	segundo
bn:00022028n	teor√≠a_de_la_estabilidad constancia teoria_de_la_estabilidad clarificaci√≥n clarificado estabilizar filtraci√≥n
bn:00072966n	am√©rica_del_sur sudam√©rica suram√©rica am√©rica_meridional south_america am√©rica_del_sud america_del_sur sudamerica america_meridional sur_america america_del_sud am√©rica_sur sud_america sud_am√©rica sudamericanas sudamericano sudamericanos sud√°merica sur_am√©rica suramerica suramericana suramericanas suramericano
bn:00075812n	tabla tabular tabla_de_informaci√≥n matriz_tabular
bn:00032099n	ejemplo ejemplar
bn:00061757n	per√∫ peru peruano rep√∫blica_del_per√∫ republica_del_peru pe üáµüá™ el_peru el_per√∫ estado_de_per√∫ peruana peruvian piruw republica_del_per√∫ republica_peruana rep√∫blica_del_peru rep√∫blica_peruana
bn:00029670n	crecimiento_econ√≥mico crecimiento_economico creaci√≥n_de_riqueza tasa_de_crecimiento_econ√≥mico crecimiento_del_pib desarrollo_econ√≥mico teor√≠a_del_crecimiento
bn:00052148n	
bn:00027260n	baja bajada baj√≥n ca√≠da descenso
bn:00059790n	producci√≥n
bn:00004456n	encuestado entrevistado contestador demandado respondedor
bn:00060767n	regi√≥n parte regi√≥n_geogr√°fica region region_geografica zona_geografica zona_geogr√°fica regiones zg
bn:00026149n	populista dem√≥crata
bn:00007449n	media promedio t√©rmino_medio media_estadistica media_estad√≠stica media_aritm√©tica
bn:00017904n	gr√°fico cuadro tabla gr√°fica grafico grafica graficas graficos graficos_estadisticos graficos_estad√≠sticos gr√°ficas_estad√≠sticas gr√°ficos gr√°ficos_estadisticos esquema graficas_estadisticas gr√°ficos_estad√≠sticos analisis_grafico an√°lisis_gr√°fico
bn:00021846n	congreso
bn:00075069n	sufrimiento padecimiento
bn:00066516n	recesi√≥n recesi√≥n_econ√≥mica recesion_economica recesion_econ√≥mica recesiones recesion
bn:00001294n	aumento incremento adici√≥n ganancia
bn:00068809n	plan_de_emergencia red_de_seguridad
bn:00078931n	organizaci√≥n_de_las_naciones_unidas naciones_unidas onu o.n.u. united_nations organizacion_de_las_naciones_unidas nn._uu. un uno üá∫üá≥ comunidad_mundial nn.uu. o.n.u o_n.u o_n.u. o_n_u o_n_u. oficina_de_coordinacion_de_ayuda_humanitaria oficina_de_coordinaci√≥n_de_ayuda_humanitaria operaciones_de_mantenimiento_de_la_paz organizacion_de_naciones_unidas organizacion_mundial_de_las_naciones_unidas organizaci√≥n_de_naciones_unidas organizaci√≥n_mundial_de_las_naciones_unidas sistema_de_las_naciones_unidas u.n
bn:00029665n	comisi√≥n_econ√≥mica_para_am√©rica_latina_y_el_caribe comisi√≥n_econ√≥mica_para_am√©rica_latina cepal eclac comision_economica_para_america_latina_y_el_caribe comision_economica_para_am√©rica_latina_y_el_caribe comision_econ√≥mica_para_america_latina_y_el_caribe comision_econ√≥mica_para_am√©rica_latina_y_el_caribe comisi√≥n_econ√≥mica_para_america_latina_y_el_caribe comision_economica_para_america_latina comision_economica_para_am√©rica_latina comision_econ√≥mica_para_america_latina comision_econ√≥mica_para_am√©rica_latina comisi√≥n_econ√≥mica_de_las_naciones_unidas_para_am√©rica_latina_y_el_caribe comisi√≥n_econ√≥mica_para_america_latina
bn:00064767n	
bn:00046157n	pobreza empobrecimiento inopia miseria pauperismo desabrigo pobreter√≠a bajos_ingresos pobres empobrecedor empobrecer pobre pobreza_severa indigentes pobreza_global pobreza_relativa pobreza_urbana pobreza_voluntaria tasa_de_pobreza voto_de_pobreza
bn:00036838n	funcionalidad funcionamiento funci√≥n marcha operatividad funcionando
bn:00063592n	popularidad fama
bn:00064234n	presidente presidenta presidente_de_la_rep√∫blica maximo_mandatario m√°ximo_mandatario pdte pdte. presidente_de_un_estado primer_mandatario presidente_de_la_republica presidencial
bn:00070497n	sentido sensaci√≥n consciencia
bn:00001557n	progreso adelanto avance
bn:00081136n	totalidad todo
bn:00048242n	problema dificultad problem l√≠o
bn:00066996n	pariente deudo familiar parentela parienta
bn:00026695n	desarrollo expansi√≥n econom√≠a_del_desarrollo
bn:00075761n	sistema sistema_de_reglas
bn:00067239n	venezuela venezolano venezolana rep√∫blica_bolivariana_de_venezuela rep√∫blica_de_venezuela estados_unidos_de_venezuela republica_bolivariana_de_venezuela republica_de_venezuela vzla la_republica_bolivarana_de_venezuela la_republica_bolivariana_de_venezuela la_rep√∫blica_bolivarana_de_venezuela la_rep√∫blica_bolivariana_de_venezuela rb_venezuela ve üáªüá™ republica_venezolana rep√∫blica_venezolana
bn:00050375n	don_de_mando liderazgo
bn:00027765n	preeminencia distinci√≥n eminencia
bn:00029708n	ecuador rep√∫blica_del_ecuador ec ecu republica_del_ecuador el_ecuador estado_ecuatoriano ecuatoriana ecuatoriano ecuatorianos ecu√°frica equador poblacion_de_ecuador poblaci√≥n_de_ecuador republica_de_ecuador rep√∫blica_de_ecuador
bn:00028188n	rep√∫blica_dominicana dominican_republic rep√∫blica rep√∫blica_dominica hait√≠_espa√±ol quisqueya rep√∫blica_de_santo_domingo santo_domingo republica_dominicana dominicana dominicanas dominicanismo dominicano la_rep√∫blica_dominicana rd republica_dominica rep√∫blica_dominocana
bn:00057614n	nicaragua rep√∫blica_de_nicaragua republica_de_nicaragua nicarag√ºense salve_a_ti,_nicaragua estado_de_nicaragua nicaraguense nicaraguenses nicarag√ºenses
bn:00043361n	asistencia_sanitaria atenci√≥n_m√©dica sanidad cuidado asistencia_medica asistencia_m√©dica atencion_medica atencion_sanitaria atenci√≥n_sanitaria prestaciones_sanitarias servicios_de_asistencia_sanitaria salud atenci√≥n_al_paciente atenci√≥n_secundaria atenci√≥n_terciaria servicios_de_salud servicios_m√©dicos
bn:00050249n	ley
bn:00025417n	d√≠a jornada
bn:00027206n	cena comida cenar
bn:00050257n	bufete_de_abogados firma_de_abogados estudio_juridico estudio_jur√≠dico firmas_de_abogados bufete bufete_jur√≠dico despacho_de_abogados la_firma_de_abogados
bn:00044064n	corte_suprema tribunal_supremo corte_suprema_estatal corte_suprema_del_estado corte_suprema_de_justicia suprema_corte suprema_corte_de_justicia supremo_tribunal_de_justicia tribunal_supremo_de_justicia tribunal_de_√∫ltima_instancia tribunal_superior
bn:00001736n	acontecimiento acto acto_social funci√≥n ocasi√≥n suceso funci√≥n_social ocasi√≥n_social
bn:00021723n	conferencia congreso grupo_de_discusi√≥n
bn:00061826n	petici√≥n demanda instancia solicitud pedido peticiones derecho_de_petici√≥n peticion peticion_por_internet peticiones_de_internet peticiones_por_internet petici√≥n_por_internet derecho_de_peticion
bn:00046920n	inspecci√≥n revisi√≥n revista inspeccion
bn:00059879n	reforma renovaci√≥n reformar rehabilitaci√≥n remodelacion remodelaci√≥n remodelar renovacion renovador renovadora renovar obra_de_reforma reurbanizaci√≥n
bn:00021844n	congreso_de_los_estados_unidos congreso congreso_de_estados_unidos congreso_de_eeuu congreso_de_los_ee.uu. congreso_estadounidense congreso_de_ee.uu. congreso_de_los_ee._uu. congreso_de_los_ee_uu congreso_de_los_estados_unidos_de_america congreso_de_los_estados_unidos_de_am√©rica congreso_federal_de_los_estados_unidos congress_of_the_united_states congreso_de_los_ee.uu congreso_u_s
bn:00009086n	grito_de_guerra
bn:00000127n	hora 60_minutos h hr
bn:00053318n	marzo mar march mar.
bn:00065798n	carrera
bn:00075589n	
bn:00027207n	cena
bn:00048506n	doctrina_judicial principio_judicial doctrina doctrina_jur√≠dica principio_legal doctrina_legal doctrina_juridica doctrinalmente doctrinas_del_derecho doctrinas_juridica doctrinas_jur√≠dica literatura_jur√≠dica principio_jur√≠dico
bn:00061047n	patrocinador patrocinio colaborador mecenas patrocinadora patr√≥n sponsors clientelismo_pol√≠tico clientes mecenas_de_las_artes patrocinador_principal patrocinio_corporativo patrona
bn:00034520n	resultado consecuencia resultado_final
bn:00048507n	litigio pleito litigaci√≥n caso_legal disputa_legal procedimiento_judicial
bn:00003365n	washington washington_d.c. washington_d._c. distrito_de_columbia w√°shington ciudad_de_washington district_of_columbia washington,_dc washington,_distrito_de_columbia washington_dc d._c. distrito_federal_de_ee._uu. el_distrito broken/id:1883665 broken/washington,_d._c. broken/washington_d._c. broken_id:1883665 broken_id_1883665 broken_washington_d._c. broken_washington_d_c columbia d.c. d_c huachinton_dc hu√°chinton_dc washington,_d._c. washington,_d.c washington,_d.c. washington,_d_c washington,_d_c. washington._d.c. washington_d.c washington_d_c washington_d_c. washington_dc. washingtoniana washingtoniano w√°shington,_d._c. w√°shington_d._c. capital_de_los_estados_unidos el_capital_norteamericano
bn:00044967n	hotel albergue industria_hotelera hoteles habitaci√≥n hotel_de_paso hoteleria hotelero hoteler√≠a cadena_hotelera hotel_de_negocios hotel_econ√≥mico
bn:00007013n	asistencia presencia
bn:00001582n	adversario opositor antagonista enemigo oponente adversaria contendedor contraria contrario contrincante
bn:00042090n	invitado convidado hu√©sped
bn:00032021n	evento suceso acontecimiento
bn:00007146n	nada cero nulo nix zip nula 0 ninguno algo huevo_de_ganso nada_de_nada zippo
bn:00031707n	c√≥digo_deontol√≥gico c√≥digo_√©tico √©tica c√≥digo_de_√©tica codigo_deontologico codigo_deontol√≥gico
bn:00020356n	c√≥digo_de_conducta code_of_conduct codigo_de_conducta tatakelakuan
bn:00020352n	c√≥digo codificaci√≥n c√≥digos c√≥digo_de_la_ley c√≥digo_de_leyes
bn:00015320n	canon
bn:00073170n	orador hablador verbaliser oradora verbalizador
bn:00042093n	invitado_de_honor
bn:00064648n	
bn:00064763n	propincuidad proximidad
bn:00012862n	brecha incumplimiento
bn:00046486n	indiferencia despreocupaci√≥n
bn:00064233n	presidente presidenta director directora presidente_director dirigente presidentes
bn:00036850n	recaudaci√≥n_de_fondos captaci√≥n_de_fondos fundraising recaudacion_de_fondos captacion_de_fondos fund_raising procuraci√≥n_de_fondos recaudacion recaudaci√≥n recaudador_de_fondos recogida_de_fondos
bn:00005027n	aparici√≥n presentaci√≥n
bn:00046077n	imparcialidad ecuanimidad equidad imparcial parcialidad impartialidad apartidismo
bn:00007026n	atenci√≥n prestando_atenci√≥n prestar_atenci√≥n_a
bn:00023858n	critic√≥n cr√≠tico
bn:00014139n	asunto problema
bn:00021976n	
bn:00072716n	fiscal_general solicitor_general solicitor-general fiscal_general_del_estado
bn:00001423n	administraci√≥n organizaci√≥n administraci√≥n_p√∫blica gerencia gobernanza iglesia_estatal sociedad establecimiento_de_la_religi√≥n iglesia_oficial religi√≥n_establecida religi√≥n_oficial √≥rgano_de_gobierno
bn:00078206n	tribunal_de_primera_instancia juzgado_de_instrucci√≥n juzgado_de_primera_instancia primera_instancia
bn:00046473n	indicaci√≥n indicio indicant √≠ndice
bn:00000990n	conversance conversancy
bn:00031605n	espa√±a reino_de_espa√±a espana espainia espanya la_madre_patria la_piel_de_toro estado_espa√±ol es esp spa√±a üá™üá∏ espagna espan espanha espania espanola espa√±olas estado_espanol kingdom_of_spain reino_de_espana reino_espanol reino_espa√±ol spanien territorio_espa√±ol
bn:00071432n	ala facci√≥n lado
bn:00023012n	costa_rica costa rep√∫blica_de_costa_rica cr crc costarricenses republica_de_costa_rica
bn:00022263n	demarcaci√≥n l√≠nea_divisoria contraste l√≠nea
bn:00077463n	hoy
bn:00015531n	san_jos√© capital_de_costa_rica san_jose chepe san_jos√©,_costa_rica sanjo san_jose,_costa_rica san_jose_costa_rica san_jose_de_costa_rica san_jos√©_costa_rica san_jos√©_de_costa_rica
bn:00031896n	europa el_viejo_continente viejo_continente continente_europeo clima_de_europa viejo_mundo continente_de_europa europea europeas europeo europeos vegetacion_de_europa vegetaci√≥n_de_europa
bn:00034737n	primera primero
bn:00066576n	
bn:00018661n	elecci√≥n selecci√≥n decisi√≥n escogencia escogimiento opci√≥n eleccion decisiones
bn:00060340n	panam√° rep√∫blica_de_panam√° panama paname√±o panamena panameno paname√±a paname√±os republica_de_panama republica_de_panam√° rep√∫blica_de_panama
bn:00035713n	futbolista jugador_de_f√∫tbol balompieista f√∫tbol jugador_de_balompie jugador_de_balompi√© jugador_de_futbol jugadora_de_balompie jugadora_de_balompi√© jugadora_de_futbol jugadora_de_f√∫tbol
bn:00030861n	inglaterra england inglesa
bn:00024417n	copa taza
bn:00021338n	competici√≥n competencia concurso competidor campeonato certamen contienda prueba adversario contendiente participante competicion competidores
bn:00011444n	conmoci√≥n disgusto golpe
bn:00032308n	experiencia
bn:00081625n	copa_del_mundo copa_mundial_de_f√∫tbol mundial copa_mundial_de_futbol fifa_world_cup mundial_de_f√∫tbol campeonato_mundial_de_futbol copa_del_mundo_de_futbol copa_mundial_de_balompi√© mundial_de_futbol fwc la_copa_del_mundo campeonato_mundial_de_f√∫tbol copa_del_mundo_de_f√∫tbol copa_del_mundo_de_la_fifa copa_mundial_de_f√∫tbol_de_la_fifa copa_mundial_de_la_fifa copas_del_mundo mundial_futbol mundiales_de_futbol mundiales_de_f√∫tbol
bn:00032306n	experiencia experiencias
bn:00005516n	√°rea campo dominio esfera terreno √°mbito √≥rbita
bn:00041239n	nivel grado
bn:00018660n	elecci√≥n selecci√≥n
bn:00040851n	portero guardameta arquero golero cancerbero guardavalla posici√≥n_de_hockey_sobre_hielo portero_de_futbol portero_de_f√∫tbol guardapalos guardavallas meta portera posicion_de_hockey_sobre_hielo atajador goalkeeper guardameta_de_emergencia netminder
bn:00013179n	londres greater_london london capital_brit√°nica gran_londres londres,_inglaterra london,_uk londres,_reino_unido londinense london,_england london_england londres_inglaterra londr√©s capital_del_reino_unido el_capital_brit√°nico
bn:00066577n	r√©cord marca
bn:00053772n	encuentro partido
bn:00074678n	atacante
bn:00064204n	presencia
bn:00040847n	gol tanto
bn:00046021n	inmigraci√≥n inmigrantes tasa_de_inmigracion emigrante_econ√≥mico inmigracion inmigraciones inmigrante inmigrante_ec√≥nomico migraci√≥n_internacional tasa_de_inmigraci√≥n emigran emigrar emigr√≥ inmigrar la_inmigraci√≥n
bn:00017621n	oportunidad posibilidad chance ocasi√≥n probabilidad
bn:00021816n	congesti√≥n hacinamiento api√±amiento atasco el_hacinamiento
bn:00022026n	polic√≠a fuerzas_policiales policia fuerzas_del_orden cuerpo_de_polic√≠a fuerzas_de_seguridad agentes guardia constabular√≠a fuerza_p√∫blica fuerzas_de_orden_p√∫blico departamento_de_polic√≠a fuerza_de_polic√≠a fuerza_policial policial polic√≠as cuerpo_de_policia departamento_de_policia fuerza_de_policia policia_nacional policias polic√≠a_nacional agente_de_la_autoridad oficial_de_policia oficial_de_polic√≠a departamentos_de_polic√≠a polic√≠a_armada protecci√≥n_policial
bn:00070651n	servicio prestaci√≥n servicio_econ√≥mico servicio_economico prestacion servicios_econ√≥micos
bn:00021322n	compatibilidad
bn:00021644n	condici√≥n circunstancias estado situaci√≥n
bn:00045163n	derechos_humanos derecho_humano dd._hh. violaci√≥n_de_derechos_humanos dd.hh. dd_hh ddhh declaraci√≥n_de_los_derechos_del_hombre derecho_de_los_derechos_humanos derechos_de_la_persona_humana derechos_del_hombre violacion_de_los_derechos_humanos violaci√≥n_de_los_derechos_humanos derechos_humanos_universales violaci√≥nes_de_derechos_humanos
bn:00042917n	acoso hostigamiento acosamiento abuso_sexual acosar
bn:00029806n	estudiante alumna alumno pupilo educando pupila universitario discente alumnado estudiantil estudiar a√±o estudiantes
bn:00036202n	francia rep√∫blica_francesa france republica_francesa v_republica_francesa estado_de_francia estado_franc√©s francesa franc√©s frankreich l'hexagone pa√≠s_del_hex√°gono poblacion_de_francia poblaci√≥n_de_francia republica_de_francia republique_francaise republique_francasaise republique_fran√ßaise republique_fran√ßasaise rep√∫blica_de_francia r√©publique_francaise r√©publique_francasaise r√©publique_fran√ßaise r√©publique_fran√ßasaise franc√©s_rep√∫blica
bn:00075959n	talento talentoso talentosos
bn:00013057n	alba√±il aparejador maestro_mayor_de_obras alarife albanil alba√±i alba√±iles alba√±√≠ enfoscador maestro_alba√±√≠l maestro_de_obras mas√≥n mazonero maz√≥n albaniles aparejadores arquitectura_tecnica
bn:00070648n	camarero mesero camarera mesera garz√≥n mesonero mesonera moza mozo camareros
bn:00063237n	punto_de_vista perspectiva visi√≥n √≥ptica punto_de_observacion punto_de_observaci√≥n punto_de_vista_filosofico punto_de_vista_filos√≥fico punto punto_de_vista_t√©cnico
bn:00021958n	consenso consenso_en_la_toma_de_decisiones proceso_de_consenso
bn:00050522n	izquierda izquierdas ala_izquierda izquierda_pol√≠tica izquierdistas pol√≠tica_de_izquierda tendencia_izquierdista
bn:00067810n	derecha ala_derecha derecha_pol√≠tica pol√≠tica_de_derecha
bn:00074900n	tema t√≥pico asunto contenido materia objeto motivo prop√≥sito tema-comentario
bn:00079043n	desempleados las_personas_desempleadas
bn:00081593n	trabajador
bn:00055292n	desdicha desgracia infortunio miserableness miseria
bn:00027022n	diferencia
bn:00037691n	generosidad generosas generoso generosos generousness
bn:00030707n	invasi√≥n intrusi√≥n ocupaci√≥n
bn:00072653n	territorio suelo tierra
bn:00044758n	hueste horda legi√≥n
bn:00062576n	fontanero plomero gasfitero lampista montador_de_tuber√≠as g√°sfiter tubero ca√±ero montador_de_tuberias plomero_de_astilleros fontaneros tubo_ajustador
bn:00046019n	inmigrante expatriado inmigrado inmigrantes
bn:00072566n	sociedad social sociedad_humana sociedades sociales sociedades_humanas societal
bn:00008267n	clich√© t√≥pico banalidad lugar_com√∫n perogrullada frusler√≠a futilidad nimiedad trivialidad clis√© cliche clise clich√©s frase_com√∫n vulgar
bn:00009717n	impresi√≥n creencia sentimiento sensaci√≥n noci√≥n idea
bn:00006504n	activo baza bien recurso ventaja virtud activos
bn:00029667n	economista economistas experto_en_econom√≠a
bn:00012059n	libro libros librario
bn:00020452n	cognici√≥n conocimiento noesis saber conocer procesos_cognitivos cognicion cognitivo cognitivos conocimientos_previos procesado_de_informacion procesado_de_informaci√≥n procesamiento_de_la_informacion procesamiento_de_la_informaci√≥n proceso_cognitivo capacidad_cognitiva capacidades_cognitivas cogniciones funci√≥n_cognitiva procesamiento_cognitivo
bn:00054907n	migraci√≥n migraci√≥n_humana migracion migracion_humana movimiento_migratorio movimientos_migratorios migrantes
bn:00028141n	mundo
bn:00036941n	futuro porvenir ma√±ana venidero futurista futuro_pr√≥ximo tiempo_para_venir
bn:00073206n	especialista specialiser specializer
bn:00035374n	corriente r√≠o torrente
bn:00029416n	salario remuneraci√≥n sueldo retribuci√≥n paga asignaci√≥n estipendio ganancias jornal n√≥mina soldada reembolso pago remuneracion retribucion pagar salarios
bn:00030616n	empleo ocupaci√≥n trabajo profesi√≥n puesto_de_trabajo empleos puestos_de_trabajo relaci√≥n_de_puestos_de_trabajo empleadores empleados emplear mano_de_obra_contratada personal vida_laboral
bn:00041979n	aumento crecimiento incremento crecida multiplicaci√≥n
bn:00033854n	miedo temor pavor susto pavura espanto terror miedos temores canguelo
bn:00066419n	realidad
bn:00003129n	sustituto alterno sustituta suplente
bn:00049570n	clase_obrera proletariado clase_trabajadora trabajadores trabajo campesinos clases_trabajadoras clase_pobre clases_pobres cuarto_estado proletaria proletarias proletario clase_baja trabajadores_de_col_bleu trabajadores_de_cuello_azul working_class proletarios
bn:00023496n	oficio profesi√≥n artesanado trabajo_manual comercio artesan√≠a
bn:00025916n	d√©ficit escasez carencia deficiencia falta exceso_de_demanda penuria sobredemanda
bn:00041853n	entrenamiento formaci√≥n ense√±anza preparaci√≥n adiestramiento capacitaci√≥n entrenamiento_b√°sico entrenamiento_basico entrenar
bn:00059122n	cirujano cirujana matasanos m√©dico_cirujano medico_cirujano quirurgo zurujano cirujano_operar cirujanos
bn:00003755n	anestesista anestesi√≥logo anestesi√≥loga anestesiador anestesiologa anestesiologo anestesistas anestesi√≥logos
bn:00021359n	complementariedad
bn:00005886n	arribo llegada venida
bn:00027862n	diversidad divers√≠a multifariousness variedad
bn:00023652n	creaci√≥n actividad_creativa
bn:00003343n	estadounidense americano norteamericano pueblo_estadounidense
bn:00057832n	premio_nobel n√≥bel premio_n√≥bel premios_nobel
bn:00079944n	vencedor ganador ganadora vencedora
bn:00041092n	google buscador_de_google buscador_web_de_google google_search www.google.es b√∫squeda_de_google google.com google.com.mx google.de google_b√∫squeda google_calc
bn:00081801n	yahoo yahoo! y! yahoo.com jerry's_guide_to_the_world_wide_web yahoo!_entertainment yahoo!_inc yahoo!_inc. yahoo!_news yahoo!_sports yahoo_com yahoo_espana yahoo_espa√±a yahoo_noticias yahoo_podcasts
bn:00054906n	inmigrante emigrante
bn:00022274n	contribuyente suscriptor
bn:00072539n	estructura_social organizaci√≥n_social sistema_social organizacion_social estructuras_sociales la_estructura_social
bn:00013640n	presupuesto presupuesto_p√∫blico credito_de_gasto_presupuestario cr√©dito_de_gasto_presupuestario presupuestado presupuestar presupuestos asignaci√≥n_presupuestaria
bn:00031903n	naci√≥n_europea pa√≠s_europeo europa pa√≠ses_europeos
bn:00026684n	alemania deutschland rep√∫blica_federal_alemana alemania_occidental germany rfa republica_federal_de_alemania rep√∫blica_federal_de_alemania alemanas brd bundesrepublik_deutschland r.f.a. r_f.a. r_f_a r_f_a. republica_federal_alemana saksa schland teutona frg
bn:00001936n	edad envejecido envejecimiento envejecimiento_del_vino longevidad potencial_de_envejecimiento
bn:00022269n	contribuci√≥n aportaci√≥n participaci√≥n
bn:00066490n	recibo ticket cheque_regalo justificante_de_pago recib√≠ tiquete voucher recibos
bn:00032300n	gasto desembolso gastos egresos
bn:00051048n	vida toda_la_vida duraci√≥n tiempo_de_vida
bn:00053151n	mandato delegacion delegaci√≥n mandato_politico mandato_pol√≠tico
bn:00047730n	punto √≠tem entrada
bn:00013194n	libra_esterlina libra libras_esterlinas esterlina ¬£ gbp gpb neet libras pound_sterling libra_brit√°nica libra_ingl√©s libras_brit√°nicas
bn:00003340n	multa amercement dias_de_multa d√≠as_de_multa multa_coercitiva multa_pecuniaria multas
bn:00064527n	problema
bn:00037296n	tumulto estruendo garboil
bn:00017235n	director_ejecutivo presidente_ejecutivo gerente_general ceo chief_executive_officer consejero_delegado consejeros_delegados director_general director_gerente directora_ejecutiva jefe_ejecutivo primer_ejecutivo directores_ejecutivos gerenta director_de_operaciones jefe_de_operaciones
bn:00046575n	industria
bn:00060928n	pasado
bn:00021769n	disputa conflicto diferencia discusi√≥n querella repunta conflicto_interpersonal contencioso altercado conflictos confrontacion diferencia_de_opini√≥n
bn:00008419n	bancarrota insolvencia_definitiva quiebra
bn:00023681n	cooperativa_de_ahorro_y_cr√©dito cooperativa_de_cr√©dito uni√≥n_crediticia asociaci√≥n_de_cr√©dito cooperativas_de_cr√©dito cooperativa_de_ahorro_y_credito cooperativas_cr√©dito cooperativas_de_credito cooperativas_credito sacco savings_and_credit_cooperative sociedad_cooperativa_de_ahorro_y_cr√©dito uni√≥n_de_cr√©dito
bn:00066938n	regulador
bn:00074684n	serie
bn:00064699n	promesa obligacion obligaci√≥n antecontrato contrato_de_promesa contrato_preliminar precontrato promesa_juridica promesa_jur√≠dica prometer
bn:00029680n	valor valor_econ√≥mico valor_economico valor_monetario teoria_del_valor teorias_del_valor teor√≠a_del_valor teor√≠as_del_valor
bn:00060837n	parte parte_contratante litigante parte_interesada
bn:00041611n	nueva_york new_york_city new_york nova_york estado_de_nueva_york ciudad_de_nueva_york nyc capital_del_mundo centro_del_universo la_ciudad_tan_bonita_que_la_nombraron_dos_veces la_gran_manzana los_cinco_distritos ny_ciudad ciudad_de_new_york n_y neoyorkina neoyorquina neoyorquino new_york,_n.y. new_york,_n_y new_york,_n_y. new_york_city,_new_york new_york_city_new_york new_york_n.y. new_york_n_y new_york_n_y. nueva_yol nueva_york,_nueva_york nueva_york,_ny nueva_york_nueva_york nueva_york_ny nuevo_eborago nuevo_york transporte_en_la_ciudad_de_nueva_york greater_new_york
bn:00030605n	nueva_york estado_de_nueva_york new_york ny new_york,_united_states empire_state
bn:00011099n	culpabilidad culpable sentimiento_de_culpa culpabilizador culpableness reprochabilidad
bn:00070725n	avenencia resoluci√≥n finiquito
bn:00017517n	presidenta presidente presidente_del_consejo_de_administraci√≥n moderador convocante secretario_general chairperson chairman l√≠der coordinador presidencia presidente_de_la_junta presidente_ejecutivo presidentes vice-presidente vicepresidente
bn:00067371n	
bn:00019763n	cliente receptor_de_un_servicio clientes
bn:00008382n	dep√≥sito_bancario dep√≥sito ingreso dep√≥sitos_bancarios
bn:00021329n	compensaci√≥n indemnizaci√≥n
bn:00052050n	p√©rdida
bn:00000016n	bill√≥n
bn:00075151n	verano est√≠o estaci√≥n_de_verano estaci√≥n_estival estaci√≥n_veraniega estio estival veraniego veranos temporada_verano verano_austral
bn:00055949n	t√≠tulo_hipotecario respaldados_por_hipotecas_seguridad valores_respaldados_por_hipotecas
bn:00026603n	destino hado azar sino
bn:00070537n	septiembre setiembre sept sept. set set. 09 9 9.¬∞_me mes_9. mes_nono mes_noveno nono_mes noveno_mes
bn:00081261n	
bn:00001193n	actus_reus mala_conducta maldad inconducta conducta_il√≠cita falta_grave
bn:00080687n	
bn:00019403n	reclamaci√≥n
bn:00050659n	prestador prestamista
bn:00033638n	fannie_mae federal_national_mortgage_association fnma asociaci√≥n_federal_nacional_hipotecaria
bn:00033911n	federal_home_loan_mortgage_corporation freddie_mac fhlmc corporaci√≥n_federal_de_pr√©stamos_hipotecarios_para_viviendas corporacion_federal_de_prestamos_hipotecarios corporacion_federal_de_pr√©stamos_hipotecarios corporaci√≥n_federal_de_prestamos_hipotecarios corporaci√≥n_federal_de_pr√©stamos_hipotecarios freddy_mac
bn:00055948n	hipoteca
bn:00025567n	transacci√≥n negociaci√≥n trato
bn:00001134n	caso causa proceso acci√≥n_legal acci√≥n_en_la_ley
bn:00002178n	intenci√≥n prop√≥sito objetivo intento finalidad intencionalidad meta objeto designio intenciones intencional
