bn:00041942n	
bn:00062759n	ุชูุฏูุจูุฑโ ูููุดูโ
bn:00027473n	
bn:00019780n	ุขุจ_ู_ูุง ุขุจ_ู_ูุงโ ุงุจ_ู_ูุง
bn:00021721n	
bn:00063819n	
bn:00066603n	
bn:00017153n	
bn:00036512n	ุฌูุน ุฌูุนโ ุดฺฉุฑูุงุฑโ ุดฺฉุฑโ ุฌูุน_ุงููุจุงุฑู ุฌูุน_ุงููุจุงุฑฺฉ
bn:00067024n	
bn:00028015n	ุฏุณุชุงูุฒ ุฏูุณูุชุงูุฒโ ุณูููุฏโ ฺฉุงุบูุฐโ
bn:00025780n	
bn:00078738n	
bn:00013941n	
bn:00076588n	ุฏูุฑุงู
bn:00076732n	ูุชู
bn:00008786n	ุจูุงุฏโ
bn:00008568n	
bn:00041712n	
bn:00058511n	
bn:00061005n	
bn:00001549n	
bn:00026838n	ูุฐุงฺฉุฑโ
bn:00077267n	
bn:00045153n	ุฏููุง ุฏูุง ุฏูุงโ ููฺฉโ ุนุงูู ุฌฺฏ ุฏููุง ุฏูููุง
bn:00029424n	ุฒูู ุงุฑุถโ ุฒููโ ูพุฑุชฺพูโ ุฏูุง โ ๐ ๐ ๐ ๐บ ๐จ ุงุฑุถ ุฒููู ูุฑุก_ุงุฑุถ ูุฑ_ุงุฑุถ ฺฉุฑุก_ุงุฑุถ ฺฉุฑ_ุงุฑุถ
bn:00050371n	
bn:00022479n	ฺฉููพู_ฺฏู ฺฉููพูฺฏูโ ูููพู_ูฺฏู ูููพู_ูฺฏู ูููพููฺฏู ูููพููฺฏู ฺฉููพู_ูฺฏู ฺฉููพููฺฏู ฺฉููพูฺฏู
bn:00014711n	
bn:00081604n	ูุฑฺฉูฺฏ_ฺฏุฑููพ
bn:00055644n	ุฒุฑ ุฑูู ูพูุณูฺบ ูพูุณ ูพุณูฺบ
bn:00023236n	ุฎูุฏ_ูุฎุชุงุฑ_ุฑุงุณุช ุฑุงุณุช ููู ููฺฉ ุฏุดโ ุฑูุงุณูุชโ ูููโ ููููฺฉโ ฺฉูุดูููุฑโ ุฎูุฏ_ูุฎุชุงุฑ_ุฑูุงุณุช ุฑูุงุณุช
bn:00058969n	
bn:00040681n	ุนุงูู_ุญุฑุงุฑุช ุนุงูู_ุญุฑุงุฑุชโ ุนุงููู_ุญุฑุงุฑุช ุนุงููู_ฺฏุฑูุงุฆุด ุนุงูู_ฺฏุฑูุงุฆุด ููุณูุงุช_ุชุจุฏู ฺฏููุจู_ูุงุฑููฺฏ
bn:00003268n	
bn:00003132n	
bn:00043267n	
bn:00053933n	
bn:00076457n	ุฏุฑุฌ_ุญุฑุงุฑุช ุฏุฑุฌ_ุญุฑุงุฑุชโ ุฏุฑุฌูู_ุญุฑุงุฑุช ุฏุฑุฌ_ุญุฑุงุฑุช
bn:00067923n	
bn:00008985n	
bn:00035190n	
bn:00064536n	ุนููุชโ
bn:00015501n	
bn:00047203n	ุชุฑุฌูุงู
bn:00036837n	ุณุฑฺฉุงุฑ
bn:00062275n	
bn:00059783n	ุฎุงฺฉ
bn:00061135n	ูุตุฏ percent percentage ููุตุฏ
bn:00025966n	
bn:00026694n	ุชุฑู_ูพุฐุฑ_ููฺฉ ุชุฑูโูพุฐุฑ_ููฺฉ developing_country ุชุฑูู_ูพุฐูุฑ_ููู ุชุฑูู_ูพุฐูุฑ_ููุงูู ุชุฑู_ูพุฐุฑ_ููุงูฺฉ
bn:00061605n	
bn:00021127n	ูุฑูพ_ุงุชุญุงุฏ ๐ช๐บ ููุฑูพู_ุงุชุญุงุฏ ููุฑูพู_ููููู ูุฑูพ_ููู
bn:00075965n	talk
bn:00012159n	
bn:00046065n	
bn:00019782n	
bn:00002954n	ุณูุงุจ ุจุงฺฺพโ
bn:00028863n	ุณูฺฉฺพุง
bn:00025949n	
bn:00025948n	
bn:00035907n	ููุนโ
bn:00078848n	ููุงู_ุญฺฉููุชุ_ุฑุงุณุชุงุฆ_ูุชุญุฏ_ุงูุฑฺฉ ููุงู_ุญฺฉููุชุ_ุฑุงุณุชุงุฆ_ูุชุญุฏ_ุงูุฑฺฉุง ููุงูู_ุญูููุชุ_ุฑูุงุณุชุงุฆ_ูุชุญุฏูู_ุงูุฑููุง ููุงูู_ุญูููุชุ_ุฑูุงุณุชุงุฆ_ูุชุญุฏูู_ุงูุฑูู ููุงูู_ุญูููุชุ_ุฑูุงุณุชุงุฆ_ูุชุญุฏูู_ุฑูุงุณุชุงุฆ_ูุชุญุฏ ููุงูู_ุญูููุชุ_ุฑูุงุณุชุงุฆ_ูุชุญุฏ ููุงูู_ุญูููุชุ_ุฑูุงุณุชุงุฆ_ูุชุญุฏ_ุงูุฑููุง ููุงูู_ุญูููุชุ_ุฑูุงุณุชุงุฆ_ูุชุญุฏ_ุงูุฑูู ููุงู_ุญฺฉููุชุ_ุฑุงุณุชุงุฆ_ูุชุญุฏูู_ุงูุฑฺฉุง ููุงู_ุญฺฉููุชุ_ุฑุงุณุชุงุฆ_ูุชุญุฏูู_ุงูุฑฺฉ ููุงู_ุญฺฉููุชุ_ุฑุงุณุชุงุฆ_ูุชุญุฏูู_ุฑุงุณุชุงุฆ_ูุชุญุฏ ููุงู_ุญฺฉููุชุ_ุฑุงุณุชุงุฆ_ูุชุญุฏ
bn:00031083n	
bn:00049915n	ุงุตุทูุงุญุงุช terminology ุงุตุทูุงุญุงุช ุงุตุทูุงุญูุงุช
bn:00024615n	
bn:00056029n	
bn:00042938n	
bn:00016756n	ฺู ุจุฑุนุธู_ฺู ุนูุงู_ุฌููุฑ_ฺู ุงุตู_ุณุฑุฒูู_ฺู ฺููโ ฺุงุฆูุง ุจุฑ_ุนุธู_ฺู ุณุฑ_ุฒูู_ฺู ุณุฑุฒูู_ฺู ุนูุงูู_ุฌููุฑู_ฺูู ุนูุงูู_ุฌููุฑู_ฺูู ุนูุงู_ุฌููุฑ_ฺู ฺุงุฆู ฺูู
bn:00014103n	
bn:00001135n	
bn:00020980n	
bn:00020977n	
bn:00044982n	
bn:00035831n	ูุฒุฑ_ุฎุงุฑุฌ ููุฒูุฑู_ุฎูุงุฑูุฌูโโ
bn:00003341n	ุฑุงุณุชุงุฆ_ูุชุญุฏ_ุงูุฑฺฉุง ุฑุงุณุชุงุฆ_ูุชุญุฏ_ุงูุฑฺฉ ุฑุงุณุชุงุฆ_ูุชุญุฏ ุฑุงุณุช_ุงุฆ_ูุชุญุฏ ุงูููุฑูฺฉุงโโ ุงูููุฑูฺฉโ ุฑูุงุณูุช_ุงุฆ_ููุชููุญูุฏูโ ุฑูุงุณูุชูุงุฆ_ููุชููุญูุฏู_ุงูููุฑูฺฉโ ุฑุงุณุช_ุงุฆ_ูุชุญุฏ_ุงูุฑฺฉุง ู_ุงุณ_ุง ุงูุฑ_(wikipedia_article)ฺฉ ุงูุฑููุง ุงูุฑููู ุงูุฑูู ุงูุฑูฺฉ ุงูุฑฺฉุง ุงูุฑฺฉ ุงูุฑฺฉ ุฑูุงุณุงุชู_ูุชุญุฏ_ุงูุฑูู ุฑูุงุณุงุชู_ูุชุญุฏ_ุฑูุงุณุชุงุฆ_ูุชุญุฏ ุฑูุงุณุช_ูุชุญุฏ ุฑูุงุณุช_ุงุฆ_ูุชุญุฏ_ุงูุฑูู ุฑูุงุณุช_ุงุฆ_ูุชุญุฏ_ุฑูุงุณุชุงุฆ_ูุชุญุฏ ุฑูุงุณุช_ุง_ูุชุญุฏ_ุงูุฑูู ุฑูุงุณุช_ุง_ูุชุญุฏ_ุฑูุงุณุชุงุฆ_ูุชุญุฏ ุฑูุงุณุชุงุฆ_ูุชุญุฏูู_ุงูุฑููุง ุฑูุงุณุชุงุฆ_ูุชุญุฏูู_ุงูุฑูู ุฑูุงุณุชุงุฆ_ูุชุญุฏูู_ุฑูุงุณุชุงุฆ_ูุชุญุฏ ุฑูุงุณุชุงุฆ_ูุชุญุฏ ุฑูุงุณุชุงุฆ_ูุชุญุฏ_ุงูุฑููุง ุฑูุงุณุชุงุฆ_ูุชุญุฏ_ุงูุฑูู ุฑุงุณุงุชู_ูุชุญุฏ_ุงูุฑฺฉ ุฑุงุณุงุชู_ูุชุญุฏ_ุฑุงุณุชุงุฆ_ูุชุญุฏ ุฑุงุณุช_ูุชุญุฏ ุฑุงุณุช_ุงุฆ_ูุชุญุฏ_ุงูุฑฺฉ ุฑุงุณุช_ุงุฆ_ูุชุญุฏ_ุฑุงุณุชุงุฆ_ูุชุญุฏ ุฑุงุณุช_ุง_ูุชุญุฏ_ุงูุฑฺฉ ุฑุงุณุช_ุง_ูุชุญุฏ_ุฑุงุณุชุงุฆ_ูุชุญุฏ ุฑุงุณุชุงุฆ_ูุชุญุฏูู_ุงูุฑฺฉุง ุฑุงุณุชุงุฆ_ูุชุญุฏูู_ุงูุฑฺฉ ุฑุงุณุชุงุฆ_ูุชุญุฏูู_ุฑุงุณุชุงุฆ_ูุชุญุฏ ูุชุญุฏ_ุงูุฑูู ูุชุญุฏ_ุงูุฑฺฉ ูุชุญุฏ_ุฑูุงุณุชุงุฆ_ูุชุญุฏ ูุชุญุฏ_ุฑุงุณุชุงุฆ_ูุชุญุฏ
bn:00057209n	
bn:00021164n	ุนูู_ุณูู
bn:00035211n	
bn:00041585n	ุนุงูู_ุทุงูุช ุทุงูุช ุนุธู_ุทุงูุช superpower ุนุงููู_ุทุงูุช
bn:00033819n	
bn:00009080n	
bn:00029678n	ูุนุดุช ุงูููุชูุตุงุฏูุงุชโ ุงูููุชูุตุงุฏโ ููุนูุดูุชโ economy ูุนูุดุช
bn:00052888n	ุณุงุฑ ุณูุงุฑูฺบ ุณูุงุฑ ุณูุงุฑ ุณููุงุฑ ุณุงุฑูฺบ ุณุงุฑ ุณูุงุฑ ูุฏุฑุชู_ุณูุงุฑ ูุฏุฑุช_ุณุงุฑ
bn:00029239n	ูุงุฌุจ
bn:00000085n	24 ฺูุจุณ ฺูุจุณโ ฺูุจูุณ ฺูุจูุณูุงฺบ ฺูุจุณูุงฺบ
bn:00046093n	
bn:00026025n	ููุงูุฏ
bn:00022995n	ูุงฺฏุช
bn:00001127n	ูุนู
bn:00037187n	
bn:00043539n	
bn:00054693n	ูฺฉุณฺฉู ุฑูุงุณุชุงุฆ_ูุชุญุฏ_ูููุณููู ุฑุงุณุชุงุฆ_ูุชุญุฏ_ูฺฉุณฺฉู ูููุณููู
bn:00017172n	
bn:00001598n	ูุดุฑ ุตูุงุญ_ฺฉุงุฑโ
bn:00000728n	ุจู_ุงูุงููุงู_ูุนุงุฏ
bn:00060798n	
bn:00054277n	ุฑฺฉูโ ุนุถูโ
bn:00028548n	
bn:00064776n	
bn:00035851n	ุตุจุญ ุณูุฑ morning
bn:00009652n	
bn:00065344n	
bn:00064262n	
bn:00010203n	ุงูฺุง ุจฺพุงุฑุช ูุฏ ุฌููุฑ_ูุฏ ุฌููุฑ_ูุฏูุณุชุงู ูุฏูุณุชุงู ุงูฺูุง ุจูุงุฑุช ุจฺพุงุฑุชู ุจฺพุงุฑุช ุฌููุฑู_ุจฺพุงุฑุช ุฌููุฑ_ุจฺพุงุฑุช
bn:00079330n	
bn:00032654n	
bn:00047688n	
bn:00041200n	ูุฒุฑ
bn:00001697n	ุทุงุฑ ูุงุฆ_ุฌุงุฒ ูุงุฆ_ูพูุง ูุงุฆ_ุฌุงุฒโ ูุงุฆ_ูพูุงโ aeroplane airplane ุงุฆูุฑููพููู ุงุฆูุฑูพููู ุงุฆุฑููพูู ุงุฆุฑูพูู ุทูุงุฑ ุทูุงุฑ ุทุงุฑ ูพููู ูพูู
bn:00042663n	
bn:00041948n	
bn:00057552n	
bn:00019405n	
bn:00006479n	
bn:00061450n	ููฺฏ
bn:00000086n	ุฏู day ุฏููฺบ
bn:00001171n	ุนุณฺฉุฑุช_ูพุณูุฏ
bn:00071315n	
bn:00060464n	ฺฉุงุบุฐ ฺฉุงุบุฐโ ูุงุบุฐ ูุงุบุฐ_ุณุงุฒู ูุงุบุฐุงุช ฺฉุงุบุฐ_ุณุงุฒ ฺฉุงุบุฐุงุช
bn:00029345n	ุจุฑู_ฺุงฺฉ ุง_ูู ุง_ููโ ุจูุฑูู_ฺุงฺฉโ e-mail email inbox ุงู_ููู ุจุฑูู_ุจุฑูุฏ ุจุฑูู_ุฎุท ุจุฑูู_ฺุงู ุจุฑู_ุจุฑุฏ ุจุฑู_ุฎุท
bn:00017557n	
bn:00047043n	
bn:00054897n	ุจุฏฺพ ุจุฏฺพูุงุฑโ ุจุฏฺพโ ฺุงุฑ_ุดูุจโ
bn:00010317n	
bn:00079435n	ูุงุฆุจ_ุตุฏุฑ
bn:00063330n	ุญฺฉูุช_ุนูู ุณุงุณ ุญููุช_ุนููู
bn:00009664n	
bn:00078365n	ุฌุช ุธูููุฑโ
bn:00047679n	ุงุณุฑุงุฆู ุงุณุฑุงุฆ ุงูุณูุฑุงุฆููโ ุฑุงุณุช_ุงุณุฑุงุฆู ุฑุงุณุชู_ุงุณุฑุงุฆู ุงุฒุฑุงุฆูู ุงุฒุฑุงุฆู ุงุณุฑุงุฆูู ุฑูุงุณุช_ุงุณุฑุงุฆูู
bn:00080111n	
bn:00073699n	ูนู
bn:00052052n	
bn:00016286n	
bn:00063218n	
bn:00000942n	
bn:00000427n	
bn:00030844n	ุงุดุชุฑุงฺฉโ
bn:00076309n	
bn:00030720n	
bn:00075025n	
bn:00059751n	
bn:00037181n	
bn:00033833n	
bn:00069757n	
bn:00073989n	
bn:00008875n	
bn:00012213n	
bn:00021870n	
bn:00057368n	
bn:00006143n	ฺฉูุงุฆ ฺฉูุงู ููุงุฆู
bn:00069759n	
bn:00034792n	
bn:00065577n	
bn:00081568n	
bn:00081042n	
bn:00005053n	
bn:00044531n	
bn:00044488n	
bn:00050340n	
bn:00025236n	ุฑุงุช ุดุจ
bn:00042647n	
bn:00042759n	ุงุชฺพ ุงุช
bn:00036823n	
bn:00066863n	
bn:00051117n	
bn:00027415n	
bn:00060799n	ุดูุฑูฺฉโ
bn:00023270n	
bn:00062929n	
bn:00002155n	ูุฏุฏ ุงูุฏุงุฏโ ูุฏุฏโ
bn:00030719n	
bn:00061606n	
bn:00055094n	ูููน ุฏูู ุฏูููููโ ูููููนโ ุฏููููู ุฏููู ุฏูููู
bn:00051301n	
bn:00053001n	
bn:00030341n	
bn:00019848n	
bn:00070056n	
bn:00076788n	
bn:00046200n	
bn:00028114n	ฺุงูุฑ
bn:00010302n	
bn:00002181n	
bn:00053460n	
bn:00046418n	
bn:00028458n	
bn:00056893n	ูุฒฺฺฉ nasdaq
bn:00019966n	
bn:00034394n	
bn:00005105n	ุงุทูุงู_ุนูู ูุฏุณุงุช_ุทุจุนุงุช applied_science applied_sciences ุงุทูุงู_ุนููู ุงูพูุงุฆฺ_ุณุงุฆูุณ ุงูพูุงุฆฺ_ุณุงุฆูุณุณุฒ ุนูู_ุนููู ููุงุฐ_ุนููู engineering_physics ุงุทูุงูู_ุนูู ุงุทูุงูู_ุนููู ุนููู_ุนููู ููุงุฐู_ุนููู ูุฏุณูุงุชู_ุทุจูุนูุงุช
bn:00064119n	
bn:00056870n	
bn:00077880n	
bn:00013768n	
bn:00016404n	
bn:00076496n	
bn:00065107n	
bn:00059168n	
bn:00066995n	
bn:00042963n	
bn:00066597n	
bn:00003802n	
bn:00068916n	
bn:00058192n	ูููุจุฑ november
bn:00014710n	ููุง ูู ูุงุณโ ูุงโ ููููุงโ ูููููโ
bn:00068427n	
bn:00021743n	
bn:00022095n	ุตุงุฑู
bn:00025645n	ุฏุณูุจุฑ december
bn:00005164n	ุชุฎูู
bn:00044024n	
bn:00031888n	ูุฑู ูุฑูโ eur โฌ ููุฑู
bn:00070206n	
bn:00071869n	
bn:00017368n	
bn:00008870n	
bn:00026339n	
bn:00011974n	
bn:00047691n	
bn:00078546n	ููฺฏู ุณ_ุดูุจโ ููฺฏููุงุฑโ ููฺฏูโ
bn:00031998n	ุดุงู ุณูุฏฺพุง ุฑุงุชโ ุดุงูโ ูฺฉุงูโ evening
bn:00058745n	
bn:00021556n	
bn:00080036n	
bn:00046933n	
bn:00007299n	
bn:00008794n	ุชุญุช_ุงูุณุงุฎุช ุจูุงุฏ_ฺฺพุงูฺ
bn:00007085n	
bn:00068696n	ูุช ุณูฺุฑโ ุดูุจโ ูุชโ ุณูฺุฑ ุดูุจ
bn:00068622n	ุฑูุณ ุฑูุณโ ุฑูุณ ุฑูุณู_ููฺุฑูุดู ุฑูุณู_ููุงู ุฑูุณ_ูฺุฑุดู ุฑูุณ_ููุงู
bn:00024112n	ูพูนุฑููู ููุท ูพููนูุฑูููููโ ูพูนุฑูู ูพูนุฑููู petroleum ูพูนุฑูู ูพููนุฑูู ูพููนุฑูููู ูพูนุฑูููู
bn:00014160n	
bn:00002362n	ุนุฑุงู ุนุฑุงูโ ุฌููุฑู_ุนุฑุงู ุฌููุฑ_ุนุฑุงู ุนุฑุงูู ุนุฑุงู
bn:00058741n	
bn:00025646n	ุนุดุฑ
bn:00080439n	ุฌูฺฏ ุฌูฺฏูฺบ ุฌูฺฏูฺบ ุฌูฺฏฺบ
bn:00069122n	
bn:00021286n	ฺฉููพู ุงููนุฑูพุฑุงุฆุฒ ฺฉุงุฑูุจุงุฑ ูุงูพุงุฑโ ฺฉุงุฑูุจุงุฑโ ุจุฒูุณ ูุฑู ฺฉู ุดุฑูุช ุดุฑฺฉุช ูููพูู ูุฑุงูู
bn:00047081n	
bn:00034265n	
bn:00010262n	
bn:00014152n	
bn:00048592n	ุฌูู ุฌููโ
bn:00067192n	
bn:00040387n	
bn:00028249n	
bn:00029774n	ูุฏุฑ_ุงุนู
bn:00057546n	ุฎุจุฑฺบ ุฎุจุฑ ุณูุงฺุงุฑ news ุงุฎุจุงุฑุงุช ุงููุง_ููุฒ_ฺฉุงู ุฌุฑุงุฆุฏ ุฎุจุฑูฺบ ุฎุจุฑูฺบ
bn:00054409n	
bn:00001939n	
bn:00058679n	
bn:00070225n	
bn:00070219n	ุณฺฉูุฑูน
bn:00011946n	
bn:00005732n	ููุฌ ุงููุงุฌโ ูุณูุญ_ุงููุงุฌโ ูุณูุญ_ุงููุงุฌ
bn:00007805n	
bn:00003801n	
bn:00016401n	
bn:00017562n	
bn:00030825n	
bn:00030747n	ุฌูฺฉฺพู
bn:00070914n	ุดุฆุฑ_ููฺุฑ ุญูุตู_ุฏุงุฑโ
bn:00055180n	ูุฒุงุฑุช ููุฒุงุฑูุชโ
bn:00028625n	
bn:00001592n	
bn:00022227n	
bn:00080816n	ุขุฎุฑ_ูุชโ ุงุฎุชุชุงู_ูุชโ ุฎุชู_ูุชโ ูุช_ฺฉุง_ุงุฎุชุชุงูโ ูุช_ฺฉ_ุขุฎุฑโ
bn:00023288n	
bn:00073526n	
bn:00031285n	
bn:00021034n	
bn:00008694n	
bn:00033939n	ูุณ ฺูุฏ
bn:00059788n	
bn:00025965n	
bn:00008364n	ุจูฺฉ ุจูฺฉ ูุตุฑู ุจููฺฉ ุจูฺฉโ ูุตุฑูโ ุจูู ุจููู ุจูููุงุฑู_ูุธุงู ุจูฺฉ_ฺฉุงุฑ ุจูฺฉุงุฑ_ูุธุงู ููุตุฑูู
bn:00074010n	
bn:00007799n	
bn:00011975n	
bn:00064839n	
bn:00036839n	
bn:00003601n	
bn:00000739n	
bn:00013240n	ููุดุฑ_ฺฉุงุฑโ
bn:00031641n	ุงุฏุงุฑ
bn:00051251n	
bn:00000649n	
bn:00051250n	
bn:00027366n	ฺุงุฆุฑฺฉูนุฑ ุจูุฑฺ_ุฑฺฉู
bn:00012042n	
bn:00017791n	
bn:00047367n	ุณุฑูุง_ฺฉุงุฑ ุณูุฑููุงู_ฺฉุงุฑโ
bn:00051693n	ุงุฏฺพุงุฑ loan
bn:00008047n	
bn:00047831n	
bn:00068915n	
bn:00014136n	
bn:00079107n	
bn:00023844n	ุจุญุฑุงู ุจูุญูุฑุงูโ
bn:00047358n	ุณุฑูุง_ฺฉุงุฑ ุณุฑูุงููู_ูุงุฑู ุณุฑูุงู_ูุงุฑู ุณุฑูุงูู_ฺฉุงุฑ
bn:00016448n	ููุฏ ููุฏ ุฑูฺฉฺุงโ ููููุฏโ cash ููุฏู
bn:00050920n	
bn:00076744n	ุฌูุนุฑุงุช ุจุฑุณูพุชูุงุฑโ ุฌูุนุฑุงุชโ ูพูุฌ_ุดูุจโ ฺฏุฑููุงุฑโ
bn:00015496n	ุณุฑูุง ุณุฑูุงู
bn:00046356n	
bn:00000939n	ุญูุงู ุญูุงู_ุฌุงุช
bn:00008279n	
bn:00005019n	
bn:00000125n	6 ฺฺพโ ฺฺพ ฺฺพูนุง
bn:00023302n	ุนูุฏุงููุชโ
bn:00068424n	
bn:00076677n	
bn:00025872n	
bn:00054523n	ุฑุณุงูโ ูพุบุงูโ
bn:00078198n	
bn:00006469n	ุขุจุฑูุฑุฒ ุนุตูุช_ุฏุฑ ุขุจุฑู_ุฑุฒ ุฌูุณ_ุฒุงุฏุช ุฒูุง_ุจุงูุฌุจุฑ
bn:00018345n	ุทูู ุงุทูุงู ุจฺ ุจฺ
bn:00009472n	ูพููฺฏ ุจุณุชุฑ ุจูุณูุชูุฑโ ูพูููููฺฏโ
bn:00044994n	ูฺฉุงู house ููุงู
bn:00034004n	
bn:00032892n	
bn:00048488n	ุฌุฌ ููุตู
bn:00046148n	
bn:00048658n	ุฌูุฑ ุฌููุฑู
bn:00007051n	ูฺฉู ูุงููู_ุฏุงู ูฺฉูโ
bn:00023301n	ุนูุฏุงููุชโ ูนูุฑุจูููููโ
bn:00034444n	
bn:00005600n	
bn:00023362n	
bn:00057562n	ุตุญุงูโ
bn:00030627n	
bn:00016140n	
bn:00003263n	
bn:00026622n	
bn:00060907n	ุดุบู
bn:00019404n	
bn:00064192n	
bn:00025170n	
bn:00046310n	
bn:00046516n	ุดุฎุต ุดุฎุตโ
bn:00067807n	ุญููู
bn:00025890n	ููฺฉููู_ุตููุงุฆโ
bn:00078207n	
bn:00064914n	ุตูุจ ุตูุจูฺบ
bn:00075262n	
bn:00059171n	
bn:00048459n	ุฎุจุฑูฺบ_ฺฉ_ุฐุฑุงุฆุน ุฎุจุฑูฺบ_ฺฉ_ุตูุนุช
bn:00032047n	
bn:00050106n	
bn:00050107n	
bn:00005022n	ุนุฏุงูุช_ูุฑุงูุน
bn:00016403n	ุญฺฉู_ุงูุชูุงุน ุฏุนููฐโ ููููุฏููููโ
bn:00015226n	
bn:00075359n	
bn:00021628n	ุฏุนููฐ lawsuit ุฏุนู ุฏุนู_ุฏุงุฆุฑ_ฺฉุฑูุง ุฏุนููฐ_ุฏุงุฆุฑ_ฺฉุฑูุง ุนุฏุงูุช_ฺุงุฑ_ุฌูุฆ ฺุงุฑ_ุฌูุฆ_ฺฉุฑูุง ุฏุนูู ุฏุนูู_ุฏุงุฆุฑ_ูุฑูุง ุฏุนูููฐ ุฏุนูููฐ_ุฏุงุฆุฑ_ูุฑูุง ุนุฏุงูุชู_ฺุงุฑ_ุฌูุฆู ฺุงุฑ_ุฌูุฆู_ูุฑูุง
bn:00019742n	ฺฉููููฺุ_ุงูุงุฆู cleveland ูููููููฺุ_ุงูุงุฆูู
bn:00059674n	
bn:00032175n	ูุชู
bn:00053531n	ุจู ุจููู
bn:00021584n	
bn:00023807n	ุฌูุฑู ุงููพูุฑุงุฏฺพโ ุฌูุฑููโ ุฌููุงูุชโ
bn:00046926n	
bn:00076429n	ูนู_ูฺู_ูพุฑูฺฏุฑุงู
bn:00034471n	ููู ุณููุง ููููฺบ ูููฺบ
bn:00042601n	ุขุฏฺพุง ุขุฏฺพุงโ
bn:00017234n	ุตุฏ ุฎุท_ุงูููุช ุตุฏโ ุตุฏู ูนุงุฆู_ูุงุฆู
bn:00033729n	
bn:00016851n	
bn:00016013n	
bn:00064601n	ูพุฑููุณุฑ ุงุณุชุงุฏ ุงุณุชุงุฐ ุงุณุงุชุฐ_ฺฉุฑุงู ูุนูู ูพุฑูููุณุฑ
bn:00021904n	ฺฉูฺฉูนฺฉูน connecticut ูููููนูููน
bn:00015656n	ุณุฒุงุฆ_ููุช
bn:00067181n	ุฐฺฉุฑ ุฑูพูุฑูนโ ุฐูุฑ ุฑูพูน
bn:00045800n	ูฺฉุฑ idea ููุฑ
bn:00021221n	ุงุจูุงุบุงุช ููุงุตูุงุช communication ุงุจูุงุบูุงุช ุงุจูุงุบู_ุนุงู
bn:00048657n	
bn:00066343n	
bn:00032381n	ุนฺฉุณ ุชุตูุฑ ูููนู ุชูุตูููุฑโ ุนูฺฉูุณโ ูููนูโ ุนูุณ
bn:00079940n	
bn:00025364n	ุจูน ุฏุฎุชุฑ ูฺฺฉ ูพุชุฑ ฺฉฺ ุจูนโ ุฏูุฎูุชูุฑโ ููฺูฺฉโ ูพูุชูุฑโ ฺฉูฺโ ุจูนุงฺบ ุจููนู ุจููนูุงฺบ
bn:00064806n	ูพุฑุงุณฺฉููนุฑ
bn:00034552n	ุญฺฉูโ ูุตูโ
bn:00021961n	
bn:00047077n	
bn:00017559n	
bn:00030113n	ุงูุชุฎุงุจุงุช ุงูููุชูุฎุงุจุงุชโ ุงูููุชูุฎุงุจโ
bn:00015050n	
bn:00015056n	
bn:00070459n	ุฑุงุณุชุงุฆ_ูุชุญุฏ_ุณููน ุงูุฑููู_ุณูููน ุงูุฑฺฉ_ุณููน ุงูุฑฺฉ_ุณููน ุฑูุงุณุชุงุฆ_ูุชุญุฏ_ุณูููน ุฑุงุณุชุงุฆ_ูุชุญุฏูู_ุณููน
bn:00030581n	ุฌุฐุจ ุฌุฐุจุงุช
bn:00021278n	
bn:00015008n	ฺฉูุฑุง ุณุงฺฉู_ฺฉูุฑุง camera cameras ุณุงูู_ูููุฑุง ุณูนู_ูููุฑุง ุณูนู_ฺฉูุฑุง ุนูุงุณุงุช ุนูุงุณูฺบ ุนูุงุณ ุนูุงุณ ุนฺฉุงุณุงุช ุนฺฉุงุณูฺบ ุนฺฉุงุณ ุนฺฉุงุณ ูููุฑุง ูููุฑูฺบ ูููุฑ ูููุฑ ฺฉูุฑูฺบ ฺฉูุฑ ฺฉูุฑ
bn:00023326n	
bn:00057481n	ูู_ููุ_ฺฉูฺฉูนฺฉูน new_haven ููู_ูููุ_ูููููนูููน ููู_ูููุ_ูููููนูููน ูู_ูููุ_ฺฉูฺฉูนฺฉูน
bn:00047238n	ุงููนุฑูู
bn:00048461n	ุตุญุงู ุตุญุงูู
bn:00061746n	
bn:00017651n	
bn:00001267n	
bn:00066933n	
bn:00006759n	ฺฉฺพู_ฺฉูุฏ ูฺพูู_ููุฏ
bn:00036292n	ุฏฺพูฺฉุง ูุฑุจ ูุฑุจ_ฺฉุงุฑ
bn:00048655n	ูุงููู ูุงููููโ ูุงูููู ูุงููู
bn:00033750n	
bn:00045199n	
bn:00081224n	
bn:00030015n	
bn:00046794n	ุฑูุดูุงุฆ ุฑูุดูุงุฆู ุณูุงู ุณูุงู ุณุงู ุณุง
bn:00009654n	
bn:14866890n	
bn:00015917n	
bn:00021722n	ฺฉฺพููฺบ_ฺฉ_ูฺฏ
bn:00061898n	
bn:00021015n	ฺฉููน ฺฉููนโ
bn:00022845n	
bn:00077924n	
bn:00046294n	
bn:00019219n	ุญุงูุงุชโ ุญุงูโ
bn:00061054n	
bn:00081622n	
bn:00035704n	ููน_ุจุงู ููนุจุงู
bn:00031735n	ethos
bn:00021395n	
bn:00005601n	
bn:00059480n	ุชูุธู ุชูุธูโ
bn:00004527n	ููุงุฌุงุช ุฏุนุงุฆูฺบ ุฏุนุงุฆฺบ
bn:00041354n	
bn:00044654n	ุงูููุชูุฎุงุฑโ ุดูุฑููโ ฺฏููุฑููโ
bn:00001077n	
bn:00028614n	
bn:00044269n	
bn:00076339n	
bn:00078798n	
bn:00064077n	
bn:00059436n	
bn:00047690n	
bn:00025080n	ููุตุงู ุถุฑุฑ
bn:00033960n	
bn:00001561n	
bn:00047017n	
bn:00006383n	
bn:00050275n	
bn:00076925n	ฺุฒโ
bn:00022078n	
bn:00046721n	
bn:00061325n	ุณุฒุง ุฏูููฺโ ุณูุฒุงโ
bn:00021348n	
bn:00009905n	
bn:00069579n	
bn:00020039n	ฺฏูฺ
bn:00017615n	
bn:00046391n	
bn:00003125n	
bn:00000674n	
bn:00024727n	
bn:00075455n	
bn:00000772n	
bn:00051035n	
bn:00024724n	
bn:00006559n	
bn:00005092n	
bn:00012212n	ุณุฑุญุฏ ุณุฑุญุฏโ ุณูุงโ ุจูู_ุงูุงููุงูู_ุณุฑุญุฏ ุจูู_ุงูุงูููู_ุณุฑุญุฏ ุจู_ุงูุงููุงู_ุณุฑุญุฏ ุจู_ุงูุงููู_ุณุฑุญุฏ
bn:00048587n	
bn:00005599n	ูุชูุงุฒุน
bn:00032661n	
bn:00078024n	
bn:00027363n	
bn:00013701n	
bn:00063739n	
bn:00027530n	ุงูฺฉุดุงูโ
bn:00007854n	ุจฺฉูนุฑุง bacteria ุจูููนูุฑูุง
bn:00005917n	ุฒุฑูุฎ ุขุฑุณูฺฉ ุขุฑุณูฺฉโ ููพุงูโ as
bn:00035649n	
bn:00035911n	ุดฺฉู ู_ูุณู
bn:00047356n	
bn:00051054n	ุญุงุช ุญูุงุช ุฒูุฏฺฏ
bn:00018105n	ฺฉูุงุฆ_ุนูุตุฑ element elements ุนูุงุตุฑ ุนูุตุฑ ููููุงุฆู_ุนูุตุฑ
bn:00009677n	ูุงู ุนุถู ุนุถูู ูุงููุงุช ูุงูููฺบ ูุงูู ูุงูู ูุงูุงุช ูุงููฺบ ูุงู
bn:00015410n	
bn:00006845n	ูุงุณููุฑุณ ุดุจุชุงุจ p element_15 phosphorus ูุงุณููุฑู ูุงุณููุฑ ูุณููุฑ
bn:00029770n	
bn:00048453n	ุฌุฑุฏโ journal
bn:00006890n	ฺฉุงุฑุจู ูุญู c carbon ูุงุฑุจู ูุงุฑุจูู ฺฉุงุฑุจูู
bn:00006823n	ุขุจุณุงุฒ ุขุจฺฏุฑ ุงุฆฺุฑูุฌู ุงุฆฺุฑูุฌูโ h element_1 ุขุจุฒุง ุงุจุฒุง ุงุจุณุงุฒ ุงุจฺฏุฑ ุงุฆูุฏุฑูุฌู ุงุฆูฺุฑูุฌู ุงุฆฺุฑูุฌู ุงุฆุฏุฑูุฌู
bn:00006901n	ูุทุฑุณุงุฒ ูุงุฆูนุฑูุฌู ูุงุฆูนุฑูุฌูโ n ูุทฺฏุฑ
bn:00006912n	ุขฺฉุณุฌู ุขฺฉุณุฌูโ o ุขูุณูุฌู ุงูุณูุฌู ุงฺฉุณุฌู
bn:00006846n	ฺฏูุฏฺพฺฉ ฺฉุจุฑุชโ ฺฏูุฏฺพฺฉโ s sulfur ฺฉุจุฑุช ฺฏูุฏฺพู
bn:00014403n	ฺฉูููุฑูุง ฺฉู_ููุฑูุง ุฑูุงุณุช_ููููููุฑููุง ุฑุงุณุช_ฺฉูููุฑูุง ูููู_ููุฑููุง ููููููุฑููุง
bn:00012940n	
bn:00045243n	
bn:00007985n	
bn:00004352n	
bn:00021869n	
bn:00024712n	ุงููนุฑููน ุณุงุฆุจุฑ_ุฎูุงุก ุงููนุฑููนโ ุดุจฺฉโ internet ุงููนุฑ_ูููน ุงููนุฑ_ููน ุงููนุฑูููน ุฌุงูุจูู ุฌุงูุจู ุดุจู ุดุจฺฉ
bn:00027529n	ฺฉฺพูุฌ_ุจู
bn:00031074n	
bn:00010518n	ุญุงุช_ฺฉูุง ุญุงุช_ฺฉูุงุกโ ุจุงุฆููููููุณูนุฑู ุจุงุฆูฺฉูุณูนุฑ ุจุงููููููุณูนุฑู ุจุงูฺฉูุณูนุฑ ุญูุงุชู_ููููุง ุญูุงุชู_ููููุงุก ุญูุงุชู_ููููุงุฆู ุญูุงุชูุงุชู_ููููุง ุญูุงุชูุงุชู_ููููุงุก ุญุงุช_ฺฉูุงุก ุญุงุช_ฺฉูุงุฆ ุญุงุชุงุช_ฺฉูุง ุญุงุชุงุช_ฺฉูุงุก
bn:00070696n	
bn:00059768n	ูุถุงุฆ_ุจุณุท ุจูุฑููู_ูุถุง ุจูุฑููู_ูุถุงุก ุจุฑูู_ูุถุง ุจุฑูู_ูุถุงุก ุฎูุง ุฎูุงุก ูุถุงุฆ_ุจุณูุท ูุงูู_ุฎูุง ฺฉุงูู_ุฎูุง
bn:00069670n	ุณุงุฆูุณ ุณุงุฆูุณู ุณุงุฆูุณ ุนูู
bn:00059087n	ุงููพู_ูููุฑุณูน open_university
bn:00013173n	ุจุฑุทุงู ูููฺฉุช_ูุชุญุฏ ุณูุทูุช_ูุชุญุฏ ูุชุญุฏ_ูููฺฉุชู_ุจุฑุทุงู_ฺฉุจุฑ_ู_ุดูุงู_ุขุฆุฑููฺโ ูููฺฉุช_ูุชุญุฏ_ุจุฑุทุงู_ุนุธู_ู_ุดูุงู_ุขุฆุฑููฺโ ุจุฑุทุงู_ุนุธู ุจุฑุทุงููู ุจุฑุทุงูู ุจุฑุทุงูู ุจุฑุทุงูู_ุนุธูู ุจุฑุทุงูู_ุนุธููฐู ุจุฑุทุงู_ุนุธููฐ ูุชุญุฏ_ุณูุทูุช ููููุช_ูุชุญุฏ ููููุช_ูุชุญุฏ_ุจุฑุทุงูู_ูุจูุฑ_ู_ุดูุงูู_ุขุฆุฑ_ูููฺ ููููุช_ูุชุญุฏ_ุจุฑุทุงูู_ูุจูุฑ_ู_ุดูุงูู_ุงุฆุฑ_ูููฺ ูููฺฉุช_ูุชุญุฏ_ุจุฑุทุงู_ฺฉุจุฑ_ู_ุดูุงู_ุขุฆุฑ_ููฺ ูููฺฉุช_ูุชุญุฏ_ุจุฑุทุงู_ฺฉุจุฑ_ู_ุดูุงู_ุงุฆุฑ_ููฺ
bn:00067280n	ุชุญูู research ุชุญููู
bn:00062309n	
bn:00061666n	
bn:00074759n	
bn:00056879n	ูุงุณุง nasa ูููู_ูุง_ูพููุงุฆู_ุงูุฑ_ุฎูุงุฆู_ุงูุชุธุงูู ููู_ูุง_ูพูุงุฆ_ุงูุฑ_ุฎูุงุฆ_ุงูุชุธุงู
bn:00006642n	ููฺฉ_ุญุงุชุงุช exobiology ุขุณูนุฑูุจูุงููุฌู ุขุณูนุฑูุจุงููุฌ ุงุณูนุฑูุจูุงููุฌู ุงุณูนุฑูุจุงููุฌ ุงููุณูุจูุงููุฌู ุงฺฉุณูุจุงููุฌ ุญูุงุชูุงุช_ุฎูุง ุญุงุชุงุช_ุฎูุง ูููู_ุญูุงุชูุงุช
bn:00046952n	ุชุฑุจุช_ฺฏุง ุงูุณูน_ูนููน
bn:00074790n	
bn:00018096n	ฺฉูุงุฆ_ุด ุด chemical ููููุงุฆู_ุด
bn:00009655n	
bn:00042951n	
bn:00052571n	
bn:00021538n	ุงุฑุชฺฉุงุฒ
bn:00051067n	
bn:00062777n	
bn:00055813n	ูุฏุฑุช_ุณุงุฑฺ
bn:00006525n	
bn:00054734n	ุฎุฑุฏ_ุญุงุชุงุช ุฎุฑุฏูุจู_ุญุงุชุงุช microbiology ุฎุฑุฏ_ุญูุงุชูุงุช ุฎุฑุฏุญุงุชุงุช ุฎุฑุฏูุจููู_ุญูุงุชูุงุช ุฎูุฑุฏุจููู_ุญูุงุชูุงุช ุฎูุฑุฏุจู_ุญุงุชุงุช ูุงุฆูุฑูุจุงููููุฌู ูุงุฆูุฑูุจูุงููุฌู ูุงุฆฺฉุฑูุจุงูููุฌ ูุงุฆฺฉุฑูุจุงููุฌ
bn:00001965n	
bn:00026317n	
bn:00056932n	
bn:00055504n	modus_operandi
bn:00075331n	
bn:00021207n	ุฌููุฑุช ุฌูููููุฑููุชโ ููฺฉ_ุดุงโ ุฌููุฑู ุฌููุฑูุช ุฌููุฑูุชูฺบ ุฌููุฑ ุฌููุฑุชูฺบ
bn:00050165n	ูุงุทู_ุงูุฑฺฉุง ูุงุทู_ุงูุฑฺฉ ูุงุทู_ุงูุฑฺฉโ ูุงุทููู_ุงูุฑูู ูุงุทููู_ุฑูุงุณุชุงุฆ_ูุชุญุฏ ูุงุทู_ุฑุงุณุชุงุฆ_ูุชุญุฏ
bn:00007797n	
bn:00036346n	
bn:00021558n	
bn:00079045n	ุจุฑูุฒฺฏุงุฑ ุจุฑูุฒฺฏุงุฑโ unemployment ุจูุฑูุฒฺฏุงุฑู
bn:00012786n	ุจุฑุงุฒู ุจุฑุงุฒูโ ุจุฑุงุฒู ุจุฑุงุฒูู
bn:00066884n	ุนูุงูโ
bn:00034551n	
bn:00015387n	ุฑุงุฆ_ุดูุงุฑ
bn:00007047n	
bn:00076918n	
bn:00058593n	ุงฺฉุชูุจุฑ ุงฺฉุชูุจุฑโ october ุงูุชูุจุฑ
bn:00019781n	
bn:00070104n	
bn:00022028n	
bn:00072966n	ุฌููุจ_ุงูุฑฺฉุง ุฌููุจ_ุงูุฑฺฉ ุฌููุจ_ุงูุฑฺฉโ south_america ุฌููุจู_ุงูุฑููุง ุฌููุจู_ุงูุฑูู ุฌููุจู_ุฑูุงุณุชุงุฆ_ูุชุญุฏ ุฌููุจ_ุฑุงุณุชุงุฆ_ูุชุญุฏ
bn:00075812n	ุฌุฏููโ
bn:00032099n	ูุซุงูโ ููููููููโ
bn:00061757n	ูพุฑู ูพุฑูโ ูพูุฑู
bn:00029670n	ุงูุชุตุงุฏ_ุชุฑู
bn:00052148n	
bn:00027260n	
bn:00059790n	
bn:00004456n	
bn:00060767n	ุนูุงู ุฌุบุฑุงูุงุฆ_ุนูุงู ุนูุงููู_ุฌุงุช ุนูุงู_ุฌุงุช
bn:00026149n	
bn:00007449n	ุงูุณุท average mean
bn:00017904n	
bn:00021846n	
bn:00075069n	
bn:00066516n	ฺฉุณุงุฏ_ุจุงุฒุงุฑ ูุณุงุฏ_ุจุงุฒุงุฑู
bn:00001294n	ุจฺฺพุงูโ
bn:00068809n	
bn:00078931n	ุงููุงู_ูุชุญุฏ ุงููููุงูู_ููุชููุญูุฏูโ ุชูููุธููู_ุงููููุงูู_ููุชููุญูุฏูโ ุงููุงูู_ูุชุญุฏ ู_ุงู_ุงู
bn:00029665n	
bn:00064767n	
bn:00046157n	ุบุฑุจุช ุบุฑุจโ ููุฑโ poverty ููุฑ
bn:00036838n	
bn:00063592n	ููุจููุช
bn:00064234n	ุตุฏุฑ
bn:00070497n	
bn:00001557n	ุชูุฑูููโ
bn:00081136n	
bn:00048242n	ูุณุฆู ุณูุณุงโ ูุณุฆูโ ูพุฑุดูโ
bn:00066996n	ุฑุดุช_ุฏุงุฑโ
bn:00026695n	
bn:00075761n	
bn:00067239n	ููุฒููุง ููุฒููุงโ ููุฒููุงโ ููุฒูุฆูุง ูููุฒูุฆูุง ูููุฒูููุง ููููุฒูููุง ููุฒูุฆูุง ููุฒููุง
bn:00050375n	
bn:00027765n	
bn:00029708n	ุงฺฉูุงฺูุฑ ec ecu ecuador repรบblica_del_ecuador ุฌููุฑ_ุงฺฉูุงฺูุฑ ุงูููุงฺูุฑ ุงููููฺุฑ ุงูููฺูุฑ ุงฺฉูฺูุฑ ุงฺฉูฺุฑ
bn:00028188n	ุฌููุฑ_ฺูููฺฉู ฺูููฺฉู_ุฌููุฑ ุฌููุฑููู_ฺููููููู ุฌููุฑู_ฺููููููุง ุฌููุฑู_ฺููููููู ุฌููุฑูู_ฺูููฺฉู ุฌููุฑ_ฺูููฺฉุง ฺููููููู_ุฌููุฑู ฺูููฺฉู_ุฌููุฑ
bn:00057614n	ูฺฉุงุฑุงฺฏูุง ูฺฉุงุฑุงฺฏููุง ููุงุฑุงฺฏูุง
bn:00043361n	ุตุญุช_ฺฉ_ุฏฺฉฺพ_ุฑฺฉฺพ ุทุจ_ูฺฏุฏุงุดุช ุตุญุช_ฺฉ_ุฏฺฉฺพ_ุจฺพุงู
bn:00050249n	
bn:00025417n	ุฏู
bn:00027206n	ุนุดุงุฆ ุนุดุงุฆู
bn:00050257n	
bn:00044064n	ุนุฏุงูุช_ุนุธููฐ ุนุฏุงูุช_ุนุงู ุนุฏุงูุช_ุนุธููฐ supreme_court ุณูพุฑู_ฺฉูุฑูน high_court ุนุฏุงูุชู_ุนุงู ุณูพุฑูู_ููุฑูน ุนุฏุงูุช_ุนุธูููฐ ุนุฏุงูุช_ุนุธููฐู
bn:00001736n	
bn:00021723n	
bn:00061826n	ุฏุฑุฎูุงุณุช ุขุฒุงุฏ_ุนุฑุถุฏุงุดุช
bn:00046920n	
bn:00059879n	
bn:00021844n	ุงูุฑฺฉ_ฺฉุงูฺฏุฑุณ ุงูุฑููู_ูุงูฺฏุฑุณ
bn:00009086n	
bn:00000127n	ฺฏฺพููน ฺฏฺพููนุง ุณุงุนูุชโ ฺฏูฺพูููนุงโ ฺฏูฺพูููนโ ฺฏฺพููนูฺบ ฺฏฺพููน
bn:00053318n	ูุงุฑฺ ูุงุฑฺโ march
bn:00065798n	
bn:00075589n	
bn:00027207n	
bn:00048506n	
bn:00061047n	
bn:00034520n	ูุชุฌโ
bn:00048507n	
bn:00003365n	ูุงุดูฺฏูนู_ฺ_ุณ ูุงุดูฺฏูนูุ_ฺ_ุณ ูุงุดูฺฏูนู_ฺ_ุณโ ุฏ_ฺุณูนุฑฺฉูน ูุงุดูฺฏูนู ูุงุดูฺฏูนูุ_ฺุณูนุฑฺฉูน_ุขู_ฺฉูููุจุง ฺุณูนุฑฺฉูน_ุขู_ฺฉูููุจุง ฺ_ุณ ูุงุดูฺฏูนู_ฺู_ุณู
bn:00044967n	ููนู ุณุฑุงุฆ ูุณุงูุฑ_ุฎุงู
bn:00007013n	
bn:00001582n	
bn:00042090n	
bn:00032021n	ุญุงุฏูุซูโ ูุงููุนูโ ฺฏูฺพูนููุงโ
bn:00007146n	ฺฉฺฺพ_ูฺบ ุตูุฑ 0
bn:00031707n	
bn:00020356n	
bn:00020352n	
bn:00015320n	
bn:00073170n	
bn:00042093n	
bn:00064648n	
bn:00064763n	
bn:00012862n	
bn:00046486n	
bn:00064233n	ุตุฏุฑ ุฑุฆุณโ ุตุฏุฑโ ูฺุฑ
bn:00036850n	
bn:00005027n	
bn:00046077n	
bn:00007026n	
bn:00023858n	
bn:00014139n	
bn:00021976n	
bn:00072716n	
bn:00001423n	
bn:00078206n	
bn:00046473n	
bn:00000990n	
bn:00031605n	ุณูพู ุณูพุงู ุงุณูพูโ ุณูพูโ ูุณููพุงูููโ ุงุณูพู ุงุณูพูู ุณูพูู ููููุช_ุณูพุงูู ูููฺฉุช_ุณูพุงู ุณูพุงููุง ุณูพุงูู
bn:00071432n	
bn:00023012n	ฺฉูุณูนุงุฑฺฉุง ฺฉูุณูนุง_ุฑฺฉุง ฺฉูุณุชุง_ุฑฺฉุง ฺฉูุณูนุงุฑฺฉุงโ ููุณูนุง_ุฑููุง ููุณูนุงุฑููุง
bn:00022263n	
bn:00077463n	
bn:00015531n	ุณุงู_ุฎูุฒุ_ฺฉูุณูนุงุฑฺฉุง ุณุงู_ุฎูุณุ_ฺฉูุณุชุง_ุฑฺฉุง ุณุงู_ูุฒ san_josรฉ ุณุงู_ุฎูุฒุ_ููุณูนุงุฑููุง ุณุงู_ูุฒ,_ููุณูนุงุฑููุง ุณุงู_ูุฒ,_ฺฉูุณูนุงุฑฺฉุง ุณุงู_ูุฒ_ููุณูนุงุฑููุง ุณุงู_ูุฒ_ฺฉูุณูนุงุฑฺฉุง ุณุงู_ูุฒุ_ููุณูนุงุฑููุง ุณุงู_ูุฒุ_ฺฉูุณูนุงุฑฺฉุง
bn:00031896n	ูุฑูพ ุจุฑุงุนุธู_ููุฑูพ ุจุฑุงุนุธู_ูุฑูพ ููุฑูพ ููุฑูพู ูุฑูพ
bn:00034737n	
bn:00066576n	
bn:00018661n	ุงุฎุชุงุฑ ุงูุฎูุชูุงุฑโ ุงูููุชูุฎุงุจโ
bn:00060340n	ูพุงูุงูุง ูพูุงู panama ุฌููุฑู_ูพุงูุงูุง ุฌููุฑ_ูพุงูุงูุง ูพุงูุงู ูพูุงูุง
bn:00035713n	ููน_ุจุงู_ฺฉฺพูุงฺ ุงุณูุณ_ุงุดู_ููน_ุจุงู_ฺฉฺพูุงฺ ููนุจุงู_ฺฉฺพูุงฺ ููนุจุงูุฑ ููน_ุจุงูุฑ
bn:00030861n	ุงูฺฏูุณุชุงู ุงูฺฏููฺโ ุงูฺฏูููฺ ุงูฺฏููฺ
bn:00024417n	
bn:00021338n	competition ููุงุจู
bn:00011444n	
bn:00032308n	
bn:00081625n	ููุง_ุนุงูู_ฺฉูพ ุนุงููู_ููพ_ููน_ุจุงู ุนุงููู_ููพ_ููนุจุงู ุนุงูู_ฺฉูพ_ููน_ุจุงู ุนุงูู_ฺฉูพ_ููนุจุงู ูููุง_ุนุงููู_ููพ ูููุง_ูุฑูฺ_ููพ ููน_ุจุงู_ุนุงููู_ููพ ููน_ุจุงู_ุนุงูู_ฺฉูพ ููน_ุจุงู_ูุฑูฺ_ููพ ููน_ุจุงู_ูุฑูฺ_ฺฉูพ ููนุจุงู_ุนุงููู_ููพ ููนุจุงู_ุนุงูู_ฺฉูพ ููนุจุงู_ูุฑูฺ_ููพ ููนุจุงู_ูุฑูฺ_ฺฉูพ ููุง_ูุฑูฺ_ฺฉูพ ูุฑูฺ_ููพ_ููน_ุจุงู ูุฑูฺ_ููพ_ููนุจุงู ูุฑูฺ_ฺฉูพ_ููน_ุจุงู ูุฑูฺ_ฺฉูพ_ููนุจุงู
bn:00032306n	
bn:00005516n	
bn:00041239n	
bn:00018660n	ูพูุณููุฏโ
bn:00040851n	ฺฏูู_ฺฉูพุฑ ุงุณูุณ_ุงุดู_ููน_ุจุงู_ฺฏูู_ฺฉูพุฑ ฺฏููฺ
bn:00013179n	ููุฏู ููุฏูโ ููฺู ุงูฺฏููฺ
bn:00066577n	
bn:00053772n	
bn:00074678n	
bn:00064204n	
bn:00040847n	
bn:00046021n	ุชุฑฺฉ_ูุทู ูุงุฌุฑุช ูุงุฌุฑุชโ ุฌุฑุชโ ุชุฑู_ูุทู
bn:00017621n	
bn:00021816n	
bn:00022026n	ูพููุณ ูพุงุณุจุงู security_force ูพูููุณ
bn:00070651n	ุฎุฏูุช
bn:00021322n	
bn:00021644n	
bn:00045163n	ุงูุณุงู_ุญููู ุงูุณุงู_ุญูููโ ุงูุณุงูู_ุญููู
bn:00042917n	
bn:00029806n	ูุชุนูู ุทุงูุจ_ุนูู ุทุงููุจ_ุนูููโ ฺฺพุงุชุฑโ ุทูุจ
bn:00036202n	ูุฑุงูุณ ูุฑุงูุณโ ูุฑุงูุณ ุฌููุฑู_ูุฑุงูุณ ุฌููุฑ_ูุฑุงูุณ ูุฑุงูุณูุณู ูุฑุงูุณูุณููฺบ ูุฑุงูุณุณ ูุฑุงูุณุณูฺบ
bn:00075959n	
bn:00013057n	
bn:00070648n	
bn:00063237n	
bn:00021958n	
bn:00050522n	
bn:00067810n	
bn:00074900n	ููุถูุน
bn:00079043n	
bn:00081593n	
bn:00055292n	
bn:00027022n	ุงูุชุฑโ ูุฑูโ
bn:00037691n	ุณุฎุงูุช
bn:00030707n	
bn:00072653n	
bn:00044758n	
bn:00062576n	ูพููุจุฑ ูู_ฺฉุงุฑโ ูพููุจุฑโ
bn:00046019n	
bn:00072566n	ุณูุงุฌ ูุนุงุดุฑุช ูุนุงุดุฑ
bn:00008267n	ฺฉูุด
bn:00009717n	
bn:00006504n	
bn:00029667n	ูุงุฑ_ูุนุงุดุงุช ูุงุฑ_ุงูุชุตุงุฏุงุช ูุนุงุดุงุช_ุฏุงู
bn:00012059n	ฺฉุชุงุจ ฺฉุชุงุจฺบ ูุชุงุจ ูุชุงุจูฺบ ูุชุจ ฺฉุชุจ
bn:00020452n	ุงุฏุฑุงฺฉ ุฏุงูุด cognition knowledge ุงุฏุฑุงู ุชูู
bn:00054907n	
bn:00028141n	
bn:00036941n	ูุณุชูุจู ุขุฆูููุฏูโ ููุณูุชูููุจููโ
bn:00073206n	ูุงุฑโ
bn:00035374n	
bn:00029416n	ุงูุฌูุฑูุชโ ุชูููุฎูุงโ ูุชููโ
bn:00030616n	ููฺฉุฑโ ฺฉุงูโ
bn:00041979n	ุจฺฺพุงูโ
bn:00033854n	ุฎูู ุจฺพโ ุฎููโ ฺุฑโ
bn:00066419n	
bn:00003129n	
bn:00049570n	ูพุฑููุชุงุฑ ูุฒุฏูุฑ_ุทุจู ูพุฑููุชุงุฑู
bn:00023496n	ูุงุฑุช
bn:00025916n	
bn:00041853n	ุชุฑุจุช mobile_repering
bn:00059122n	ุฌุฑุงุญ ุฌุฑุงุญโ ุณุฑุฌู
bn:00003755n	
bn:00021359n	
bn:00005886n	
bn:00027862n	
bn:00023652n	
bn:00003343n	ุงูุฑฺฉ
bn:00057832n	ููุจู_ุงูุนุงู ููุจู_ุงูุนุงู_ุจุฑุงุฆ_ุงุฏุจ_ูุตูู_ฺฉููุฏฺฏุงู_ฺฉ_ูุฑุณุช nobel_prize ุงุฏุจ_ูุง_ููุจู_ุงูุนุงู_ุญุงุตู_ูุฑู_ูุงููฺบ_ูู_ูุฑุณุช ุงุฏุจ_ฺฉุง_ููุจู_ุงูุนุงู_ุญุงุตู_ฺฉุฑู_ูุงููฺบ_ฺฉ_ูุฑุณุช ููุจู_ุงูุนุงู_ุจุฑุงุฆ_ุงุฏุจ_ูุตูู_ูููุฏฺฏุงู_ูู_ูุฑุณุช ููุจู_ูพุฑุงุฆุฒ ููุจูู_ุงูุนุงู ููุจู_ุงูุนุงู
bn:00079944n	ุบุงููุจโ ูุงุฆูุถโ ูุงุชูุญโ
bn:00041092n	ฺฏูฺฏู_ุชูุงุด ฺฏูฺฏู_ุณุฑฺ
bn:00081801n	ุงู! ูุงู ูุงู! ุงู
bn:00054906n	
bn:00022274n	
bn:00072539n	
bn:00013640n	ุจุฌูน
bn:00031903n	
bn:00026684n	ุฌุฑูู ุฌุฑูู ุฌุฑููู ฺูุฆฺ_ูููฺ ฺูุฆฺ_ููฺ
bn:00001936n	
bn:00022269n	
bn:00066490n	ุฑุณุฏ receipt ุฑุณูุฏ
bn:00032300n	
bn:00051048n	
bn:00053151n	
bn:00047730n	
bn:00013194n	ูพุงุคูฺ_ุงุณูนุฑููฺฏ ยฃ ุจุฑุทุงููู_ูพุงููฺ ุจุฑุทุงูู_ูพุงููฺ ูพุงููฺ_ุงุณูนุฑููฺฏ
bn:00003340n	ุฌุฑูุงููโ
bn:00064527n	
bn:00037296n	
bn:00017235n	ฺู_ุงฺฏุฒฺฉูนู_ุขูุณุฑ ุณ_ุง_ุงู
bn:00046575n	
bn:00060928n	
bn:00021769n	ุชูุงุฒุน
bn:00008419n	
bn:00023681n	
bn:00066938n	
bn:00074684n	
bn:00064699n	
bn:00029680n	ูุนุงุด_ูุฏุฑ
bn:00060837n	
bn:00041611n	ููุงุฑฺฉ_ุดุฑ ูู_ุงุฑฺฉ_ุดุฑ ูููู_ุงุฑูฺฉโ ููู_ูุงุฑู_ุดุฑ ููููุงุฑู_ุดุฑ
bn:00030605n	ููุงุฑฺฉ ูู_ุงุฑฺฉ ุฑูุงุณุช_ููููุงุฑู ุฑุงุณุช_ููุงุฑฺฉ ููู_ูุงุฑู ููููุงุฑู
bn:00011099n	
bn:00070725n	
bn:00017517n	ุตุฏุฑ_ูุดู ุตุฏุฑโ ฺุฆุฑูู ฺุฆุฑูพุฑุณู ฺุฆุฑูููู ฺฉุฑุณ_ูุดู
bn:00067371n	
bn:00019763n	ฺฏุงฺฉ ุฎูุฑูุฏุงุฑโ ููุดูุชูุฑโ
bn:00008382n	ูุฏุนุช deposit ูุฏูุนุช
bn:00021329n	
bn:00052050n	
bn:00000016n	
bn:00075151n	ููุณู_ฺฏุฑูุง ฺฏุฑูุง ฺฏุฑูู ฺฏุฑููุงฺบ ฺฏุฑู ฺฏุฑูุงฺบ
bn:00055949n	
bn:00026603n	ุชูุฏุฑ
bn:00070537n	ุณุชูุจุฑ ุณุชูุจุฑโ september
bn:00081261n	
bn:00001193n	
bn:00080687n	
bn:00019403n	
bn:00050659n	
bn:00033638n	fannie_mae
bn:00033911n	
bn:00055948n	ุฑูููโ ฺฏูุฑูโ
bn:00025567n	
bn:00001134n	
bn:00002178n	ุงุฑุงุฏ
