bn:00000086n	día
bn:00000127n	hora
bn:00000427n	ausencia
bn:00000649n	aceptación
bn:00000728n	tratado
bn:00000739n	informe
bn:00000772n	acumulación
bn:00000939n	referencia
bn:00000942n	cima
bn:00000942n	pico
bn:00000942n	superior
bn:00000990n	familiaridad
bn:00001077n	acto
bn:00001127n	acción
bn:00001135n	acción
bn:00001135n	medida
bn:00001171n	activista
bn:00001267n	adaptación
bn:00001423n	administración
bn:00001549n	avance
bn:00001557n	progreso
bn:00001561n	ventaja
bn:00001582n	opositor
bn:00001592n	asesoramiento
bn:00001598n	asesor
bn:00001697n	avión
bn:00001736n	ocasión
bn:00001936n	edad
bn:00001965n	forma
bn:00002155n	asistencia
bn:00002155n	ayuda
bn:00002178n	intención
bn:00002362n	Irak
bn:00002362n	Iraq
bn:00002954n	inundación
bn:00003125n	cambio
bn:00003129n	reemplazo
bn:00003132n	opción
bn:00003263n	atmósfera
bn:00003268n	gama
bn:00003340n	multa
bn:00003341n	EE.UU.
bn:00003341n	estadounidense
bn:00003343n	estadounidense
bn:00003365n	Washington
bn:00003601n	cantidad
bn:00003601n	importe
bn:00003601n	suma
bn:00003755n	anestesista
bn:00003801n	analista
bn:00003802n	analista
bn:00004352n	anuncio
bn:00004456n	encuestado
bn:00004527n	himno
bn:00005019n	apelación
bn:00005019n	llamamiento
bn:00005022n	tribunal_de_apelación
bn:00005027n	aparición
bn:00005053n	aplauso
bn:00005092n	aplicación
bn:00005105n	tecnología
bn:00005164n	estimación
bn:00005516n	área
bn:00005599n	controversia
bn:00005600n	argumento
bn:00005601n	debate
bn:00005601n	discusión
bn:00005886n	llegada
bn:00005917n	arsénico
bn:00006143n	muñeca
bn:00006383n	aspecto
bn:00006469n	violación
bn:00006479n	reunión
bn:00006504n	activo
bn:00006559n	suposición
bn:00006642n	Astrobiología
bn:00006759n	deporte
bn:00006823n	hidrógeno
bn:00006845n	fósforo
bn:00006846n	azufre
bn:00006890n	carbono
bn:00006901n	nitrógeno
bn:00006912n	oxígeno
bn:00007013n	asistencia
bn:00007026n	consideración
bn:00007047n	actitud
bn:00007051n	abogado
bn:00007085n	subasta
bn:00007146n	nada
bn:00007299n	gobierno
bn:00007449n	media
bn:00007449n	medio
bn:00007797n	respaldo
bn:00007799n	apoyo
bn:00007805n	reserva
bn:00007854n	bacteria
bn:00007985n	estudio
bn:00008047n	resto
bn:00008267n	banalidad
bn:00008279n	círculo
bn:00008364n	Banco
bn:00008364n	bancario
bn:00008364n	banco
bn:00008382n	depósito
bn:00008419n	quiebra
bn:00008568n	acuerdo
bn:00008568n	trato
bn:00008694n	barril
bn:00008786n	base
bn:00008794n	infraestructura
bn:00008875n	cesta
bn:00009080n	batalla
bn:00009472n	cama
bn:00009652n	nombre
bn:00009654n	comportamiento
bn:00009655n	comportamiento
bn:00009677n	organismo
bn:00009717n	noción
bn:00009905n	beneficio
bn:00010203n	India
bn:00010262n	licitar
bn:00010262n	oferta
bn:00010518n	bioquímica
bn:00011099n	culpabilidad
bn:00011444n	choque
bn:00011946n	bombardeo
bn:00011974n	bono
bn:00012042n	prima
bn:00012059n	libro
bn:00012159n	impulso
bn:00012212n	frontera
bn:00012213n	perímetro
bn:00012786n	Brasil
bn:00012862n	violación
bn:00012940n	descubrimiento
bn:00012940n	hallazgo
bn:00013057n	albañil
bn:00013179n	Londres
bn:00013240n	emisora
bn:00013640n	presupuesto
bn:00013701n	microbio
bn:00013768n	volumen
bn:00013941n	carga
bn:00014136n	negocio
bn:00014139n	negocio
bn:00014152n	acuerdo
bn:00014160n	empresa
bn:00014160n	firma
bn:00014710n	mes
bn:00014711n	semana
bn:00015008n	cámara
bn:00015050n	campaña
bn:00015056n	candidato
bn:00015226n	equidad
bn:00015320n	Canon
bn:00015387n	encuesta
bn:00015410n	capacidad
bn:00015496n	capital
bn:00015501n	Washington
bn:00015656n	ejecución
bn:00015656n	pena_de_muerte
bn:00015917n	carta
bn:00015917n	tarjeta
bn:00016013n	miedo
bn:00016013n	preocupación
bn:00016140n	carnaval
bn:00016286n	actuación
bn:00016401n	caso
bn:00016401n	ejemplo
bn:00016403n	caso
bn:00016403n	demanda
bn:00016448n	efectivo
bn:00016756n	China
bn:00016851n	razón
bn:00017153n	centrar
bn:00017153n	enfoque
bn:00017172n	Centroamérica
bn:00017234n	siglo
bn:00017368n	valor
bn:00017517n	presidente
bn:00017557n	desafío
bn:00017559n	desafío
bn:00017559n	recurso
bn:00017562n	aspirante
bn:00017562n	competidor
bn:00017562n	rival
bn:00017615n	Campeonato
bn:00017621n	oportunidad
bn:00017651n	cambio
bn:00017791n	cargo
bn:00017904n	gráfico
bn:00018096n	químico
bn:00018105n	elemento
bn:00018345n	niño
bn:00018660n	selección
bn:00018661n	selección
bn:00019219n	circunstancia
bn:00019403n	reclamación
bn:00019404n	afirmación
bn:00019404n	demanda
bn:00019404n	reclamación
bn:00019404n	reclamo
bn:00019405n	afirmación
bn:00019742n	Cleveland
bn:00019763n	cliente
bn:00019780n	clima
bn:00019781n	ánimo
bn:00019782n	cambio_climático
bn:00019848n	momento
bn:00019848n	vez
bn:00019966n	cierre
bn:00020039n	club
bn:00020352n	código
bn:00020452n	conocimiento
bn:00020977n	comentario
bn:00020980n	observador
bn:00021015n	comité
bn:00021034n	compromiso
bn:00021164n	sentido
bn:00021164n	sentido_común
bn:00021207n	democracia
bn:00021221n	comunicación
bn:00021278n	enamoramiento
bn:00021286n	compañía
bn:00021286n	empresa
bn:00021322n	compatibilidad
bn:00021329n	compensación
bn:00021329n	indemnización
bn:00021338n	competición
bn:00021359n	complementariedad
bn:00021395n	parte
bn:00021538n	concentración
bn:00021556n	preocupación
bn:00021558n	preocupación
bn:00021584n	decisión
bn:00021628n	condena
bn:00021644n	condición
bn:00021721n	conferencia
bn:00021722n	liga
bn:00021723n	conferencia
bn:00021743n	confianza
bn:00021769n	conflicto
bn:00021816n	congestión
bn:00021844n	Congreso
bn:00021846n	Congreso
bn:00021869n	especulación
bn:00021870n	especulación
bn:00021904n	Connecticut
bn:00021958n	consenso
bn:00021961n	efecto
bn:00021961n	resultado
bn:00021976n	conservador
bn:00022028n	estabilidad
bn:00022095n	consumidor
bn:00022227n	contrato
bn:00022263n	contraste
bn:00022269n	contribución
bn:00022479n	Copenhague
bn:00022845n	disciplina
bn:00022995n	costo
bn:00023236n	estado
bn:00023236n	estatal
bn:00023236n	nación
bn:00023236n	país
bn:00023270n	par
bn:00023288n	camino
bn:00023301n	corte
bn:00023301n	tribunal
bn:00023302n	sala
bn:00023326n	juzgado
bn:00023362n	cobertura
bn:00023362n	reportaje
bn:00023496n	oficio
bn:00023652n	creación
bn:00023681n	cooperativa_de_crédito
bn:00023807n	crimen
bn:00023807n	delito
bn:00023844n	crisis
bn:00023858n	crítico
bn:00024417n	copa
bn:00024615n	recorte
bn:00024615n	reducción
bn:00024712n	Internet
bn:00024724n	ronda
bn:00024727n	ciclo
bn:00025080n	daño
bn:00025170n	peligro
bn:00025236n	noche
bn:00025364n	hija
bn:00025417n	día
bn:00025567n	transacción
bn:00025645n	diciembre
bn:00025646n	década
bn:00025780n	reducción
bn:00025872n	defensa
bn:00025916n	escasez
bn:00025949n	deforestación
bn:00025965n	grado
bn:00025965n	nivel
bn:00025966n	grado
bn:00025966n	nivel
bn:00025966n	punto
bn:00026025n	delegado
bn:00026149n	demócrata
bn:00026603n	destino
bn:00026622n	detalle
bn:00026684n	Alemania
bn:00026694n	país_en_desarrollo
bn:00026695n	desarrollo
bn:00026838n	negociación
bn:00027022n	diferencia
bn:00027206n	cena
bn:00027207n	cena
bn:00027260n	caída
bn:00027363n	directiva
bn:00027415n	desventaja
bn:00027473n	emisión
bn:00027529n	descubrimiento
bn:00027530n	descubrimiento
bn:00027765n	distinción
bn:00027862n	diversidad
bn:00028015n	documento
bn:00028114n	dólar
bn:00028188n	Dominicana
bn:00028249n	puerta
bn:00028548n	borrador
bn:00028548n	proyecto
bn:00028614n	dramatización
bn:00028625n	vínculo
bn:00028863n	sequía
bn:00029239n	obligación
bn:00029239n	responsabilidad
bn:00029345n	correo
bn:00029416n	salario
bn:00029424n	Mundial
bn:00029424n	Tierra
bn:00029424n	mundial
bn:00029424n	mundo
bn:00029667n	economista
bn:00029670n	crecimiento_económico
bn:00029678n	economía
bn:00029680n	valor
bn:00029708n	Ecuador
bn:00029770n	edición
bn:00029774n	editora
bn:00029806n	estudiante
bn:00030015n	expulsión
bn:00030113n	electoral
bn:00030581n	emoción
bn:00030616n	empleo
bn:00030627n	uso
bn:00030707n	invasión
bn:00030719n	final
bn:00030720n	final
bn:00030747n	riesgo
bn:00030825n	energía
bn:00030844n	participación
bn:00030861n	Inglaterra
bn:00031074n	ambiente
bn:00031083n	enviado
bn:00031605n	España
bn:00031641n	institución
bn:00031707n	ética
bn:00031707n	ético
bn:00031735n	ethos
bn:00031888n	euro
bn:00031896n	Europa
bn:00031998n	noche
bn:00032021n	evento
bn:00032047n	prueba
bn:00032099n	ejemplo
bn:00032175n	asesinato
bn:00032300n	gasto
bn:00032306n	experiencia
bn:00032308n	experiencia
bn:00032381n	fotografía
bn:00032654n	hecho
bn:00032661n	factor
bn:00032892n	familia
bn:00033729n	forma
bn:00033729n	manera
bn:00033729n	modo
bn:00033833n	favor
bn:00033854n	temor
bn:00033939n	tarifa
bn:00033960n	espíritu
bn:00033960n	tono
bn:00034004n	miembro
bn:00034265n	campo
bn:00034394n	cifra
bn:00034394n	número
bn:00034471n	película
bn:00034520n	resultado
bn:00034551n	hallazgo
bn:00034552n	veredicto
bn:00035190n	flexibilidad
bn:00035211n	trayectoria
bn:00035374n	flujo
bn:00035704n	fútbol
bn:00035851n	mañana
bn:00035907n	forma
bn:00035907n	tipo
bn:00035911n	forma
bn:00036202n	Francia
bn:00036292n	fraude
bn:00036346n	economía_de_mercado
bn:00036512n	viernes
bn:00036823n	papel
bn:00036837n	funcionario
bn:00036838n	desempeño
bn:00036838n	rendimiento
bn:00036839n	fondo
bn:00037181n	juego
bn:00037181n	partido
bn:00037187n	juego
bn:00037296n	alboroto
bn:00037691n	generosidad
bn:00040387n	gigante
bn:00040681n	calentamiento_global
bn:00040847n	gol
bn:00040851n	portero
bn:00041092n	Google
bn:00041200n	ministro
bn:00041239n	nivel
bn:00041354n	nobleza
bn:00041585n	potencia
bn:00041853n	formación
bn:00041942n	Grupo
bn:00041942n	grupo
bn:00041948n	reunión
bn:00041979n	crecimiento
bn:00042090n	invitado
bn:00042601n	medio
bn:00042601n	mitad
bn:00042759n	mano
bn:00042917n	acoso
bn:00043267n	cuestión
bn:00043267n	duda
bn:00043539n	hegemonía
bn:00044269n	historia
bn:00044488n	a_casa
bn:00044531n	regreso
bn:00044654n	honor
bn:00044758n	horda
bn:00044967n	hotel
bn:00044982n	hora
bn:00044994n	casa
bn:00045153n	mundial
bn:00045163n	derechos_humanos
bn:00045199n	ingenio
bn:00045243n	búsqueda
bn:00045800n	idea
bn:00046019n	inmigrante
bn:00046021n	inmigración
bn:00046065n	impacto
bn:00046077n	imparcialidad
bn:00046093n	imperativo
bn:00046148n	imposición
bn:00046157n	pobreza
bn:00046200n	impulso
bn:00046294n	provocación
bn:00046310n	inclusión
bn:00046356n	aumento
bn:00046418n	indicador
bn:00046418n	índice
bn:00046473n	indicación
bn:00046486n	indiferencia
bn:00046575n	industria
bn:00046721n	violación
bn:00046794n	tinta
bn:00046920n	revisión
bn:00046926n	inspiración
bn:00046933n	inestabilidad
bn:00046952n	Instituto
bn:00047017n	integridad
bn:00047043n	intensidad
bn:00047077n	interés
bn:00047081n	estaca
bn:00047081n	participación
bn:00047203n	representante
bn:00047238n	entrevista
bn:00047356n	investigador
bn:00047358n	inversión
bn:00047367n	inversor
bn:00047679n	Israel
bn:00047688n	cuestión
bn:00047688n	emisión
bn:00047688n	problema
bn:00047690n	asunto
bn:00047690n	cuestión
bn:00047691n	rendimiento
bn:00047730n	punto
bn:00047831n	gatito
bn:00048242n	problema
bn:00048461n	periodista
bn:00048488n	Justicia
bn:00048488n	juez
bn:00048507n	litigio
bn:00048587n	ocasión
bn:00048592n	junio
bn:00048655n	Derecho
bn:00048657n	jurado
bn:00048658n	jurado
bn:00050106n	último
bn:00050249n	ley
bn:00050257n	bufete
bn:00050275n	infractor
bn:00050340n	ventaja
bn:00050371n	líder
bn:00050375n	liderazgo
bn:00050522n	izquierda
bn:00051048n	vida
bn:00051054n	vida
bn:00051117n	luz
bn:00051250n	límite
bn:00051251n	restricción
bn:00051301n	línea
bn:00051693n	préstamo
bn:00052050n	pérdida
bn:00052052n	pérdida
bn:00052571n	maquinaria
bn:00052888n	planeta
bn:00053151n	mandato
bn:00053318n	marzo
bn:00053460n	mercado
bn:00053531n	esposa
bn:00053772n	partido
bn:00053933n	límite
bn:00054277n	miembro
bn:00054523n	mensaje
bn:00054693n	México
bn:00054734n	microbiología
bn:00054897n	miércoles
bn:00055094n	minuto
bn:00055180n	ministerio
bn:00055292n	miseria
bn:00055504n	rutina
bn:00055644n	dinero
bn:00055813n	luna
bn:00056879n	NASA
bn:00056893n	NASDAQ
bn:00057209n	negociador
bn:00057368n	red
bn:00057562n	reportero
bn:00057614n	Nicaragua
bn:00057832n	premio
bn:00058192n	noviembre
bn:00058511n	obstáculo
bn:00058593n	octubre
bn:00058679n	oferta
bn:00058679n	ofrecer
bn:00059122n	cirujano
bn:00059168n	opinión
bn:00059171n	fallo
bn:00059436n	regulación
bn:00059480n	organización
bn:00059788n	producción
bn:00059790n	producción
bn:00059879n	revisión
bn:00060340n	Panamá
bn:00060464n	papel
bn:00060767n	región
bn:00060798n	participante
bn:00060799n	actor
bn:00060799n	jugador
bn:00060907n	pasión
bn:00060928n	pasado
bn:00061005n	camino
bn:00061047n	patrocinador
bn:00061054n	práctica
bn:00061135n	por_ciento
bn:00061325n	castigo
bn:00061605n	período
bn:00061606n	período
bn:00061666n	sustitución
bn:00061746n	opinión
bn:00061757n	Perú
bn:00061826n	petición
bn:00061898n	fase
bn:00062309n	trabajo
bn:00062576n	plomero
bn:00062759n	plan
bn:00062759n	programa
bn:00062777n	planeta
bn:00062929n	jugada
bn:00063218n	punto
bn:00063237n	punto
bn:00063330n	política
bn:00063592n	popularidad
bn:00063739n	posibilidad
bn:00064077n	principio
bn:00064192n	norma
bn:00064192n	regla
bn:00064204n	presencia
bn:00064233n	presidente
bn:00064234n	presidente
bn:00064262n	presión
bn:00064527n	problema
bn:00064536n	proceso
bn:00064601n	profesor
bn:00064648n	programa
bn:00064699n	promesa
bn:00064763n	proximidad
bn:00064767n	proporción
bn:00064776n	propuesta
bn:00064806n	fiscal
bn:00064839n	protección
bn:00064914n	Estado
bn:00064914n	estado
bn:00065107n	publicación
bn:00065344n	empuje
bn:00065577n	trimestre
bn:00065798n	carrera
bn:00066343n	reacción
bn:00066419n	realidad
bn:00066490n	ingreso
bn:00066516n	recesión
bn:00066576n	récord
bn:00066577n	récord
bn:00066597n	recuperación
bn:00066603n	recriminación
bn:00066863n	retorno
bn:00066884n	región
bn:00066933n	regla
bn:00066938n	regulador
bn:00066995n	relación
bn:00066996n	pariente
bn:00067024n	publicación
bn:00067181n	informe
bn:00067192n	representación
bn:00067239n	Venezuela
bn:00067280n	investigación
bn:00067371n	capacidad_de_respuesta
bn:00067810n	derecha
bn:00067923n	aumento
bn:00068424n	fila
bn:00068622n	Rusia
bn:00068696n	sábado
bn:00068809n	red_de_seguridad
bn:00068915n	venta
bn:00068916n	venta
bn:00069122n	sanción
bn:00069579n	estrategia
bn:00069670n	Ciencias
bn:00069757n	marcador
bn:00069759n	goleador
bn:00070056n	temporada
bn:00070104n	segundo
bn:00070206n	sector
bn:00070225n	seguridad
bn:00070459n	Senado
bn:00070497n	sentido
bn:00070537n	septiembre
bn:00070648n	camarero
bn:00070651n	servicio
bn:00070696n	conjunto
bn:00070725n	asentamiento
bn:00070725n	liquidación
bn:00070914n	accionista
bn:00071315n	espectáculo
bn:00071432n	lado
bn:00071432n	parte
bn:00071869n	situación
bn:00072539n	sistema_social
bn:00072566n	sociedad
bn:00072653n	territorio
bn:00073170n	orador
bn:00073206n	especialista
bn:00073526n	portavoz
bn:00073699n	equipo
bn:00073989n	comienzo
bn:00073989n	principio
bn:00074010n	Estado
bn:00074010n	estatal
bn:00074678n	delantero
bn:00074684n	serie
bn:00074759n	estructura
bn:00074790n	estudio
bn:00074900n	tema
bn:00075025n	éxito
bn:00075151n	verano
bn:00075331n	apoyo
bn:00075359n	Corte_Suprema
bn:00075359n	Tribunal_Supremo
bn:00075455n	suspensión
bn:00075761n	sistema
bn:00075812n	cuadro
bn:00075959n	talento
bn:00075965n	conversación
bn:00076309n	trabajo_en_equipo
bn:00076339n	técnico
bn:00076429n	programa_de_televisión
bn:00076457n	temperatura
bn:00076496n	tendencia
bn:00076588n	plazo
bn:00076677n	testimonio
bn:00076732n	texto
bn:00076744n	jueves
bn:00076918n	cosa
bn:00077267n	tiempo
bn:00077463n	hoy
bn:00077924n	entrenador
bn:00078024n	transmisión
bn:00078198n	juicio
bn:00078365n	triunfo
bn:00078365n	victoria
bn:00078546n	martes
bn:00078738n	año
bn:00078798n	tipo
bn:00079043n	desempleado
bn:00079045n	desempleo
bn:00079107n	unidad
bn:00079330n	urgencia
bn:00079435n	vicepresidente
bn:00079940n	víctima
bn:00079944n	ganador
bn:00080036n	violencia
bn:00080111n	visita
bn:00080439n	guerra
bn:00080687n	ola
bn:00080816n	fin_de_semana
bn:00081042n	silbido
bn:00081136n	todo
bn:00081224n	voluntad
bn:00081261n	viento
bn:00081568n	trabajo
bn:00081593n	trabajador
bn:00081604n	grupo_de_trabajo
bn:00081622n	mundo
bn:00081801n	Yahoo
bn:14866890n	árbitro
