bn:00041942n	nhÃ³m
bn:00062759n	káº¿_hoáº¡ch láº­p_káº¿_hoáº¡ch chÆ°Æ¡ng_trÃ¬nh hoáº¡ch quáº£n_lÃ½_chÆ°Æ¡ng_trÃ¬nh
bn:00027473n	
bn:00019780n	khÃ­_háº­u khu_vá»±c_khÃ­_háº­u khÃ­_háº­u_Ã´n_Ä‘á»›i_láº¡nh Ä‘iÌ£a_phÆ°Æ¡ng há»‡_thá»‘ng_khÃ­_háº­u khÃ­_háº­u_toÃ n_cáº§u
bn:00021721n	há»™i_nghá»‹
bn:00063819n	giáº£_vá»
bn:00066603n	sÆ°Ì£_caÌ‰i_laÌ£i
bn:00017153n	táº­p_trung
bn:00036512n	thá»©_sÃ¡u th_6
bn:00067024n	
bn:00028015n	vÄƒn_kiá»‡n tÃ i_liá»‡u giáº¥y_tá» viáº¿t_tÃ i_liá»‡u
bn:00025780n	bÆ°á»›c_xuá»‘ng giáº£m
bn:00078738n	nÄƒm ma mÆ°á»i_hai_thÃ¡ng nÄƒm_dÆ°Æ¡ng_lá»‹ch
bn:00013941n	gÃ¡nh_náº·ng nhiÃªÌ£m_vuÌ£
bn:00076588n	giai_Ä‘oáº¡n dÃ i_háº¡n ngáº¯n_háº¡n
bn:00076732n	vÄƒn_báº£n vÄƒn_báº£n_váº¥n_Ä‘á»
bn:00008786n	cÆ¡_sá»Ÿ cÆ¡_sá»Ÿ_hamel cÆ¡_sá»Ÿ_Ä‘Ã£_ra_lá»‡nh cÆ¡_sá»Ÿ_Ä‘áº·t_hÃ ng vector_cÆ¡_sá»Ÿ vectÆ¡_cÆ¡_sá»Ÿ
bn:00008568n	
bn:00041712n	khÃ­_nhÃ _kÃ­nh khÃ­_gÃ¢y_hiá»‡u_á»©ng_nhÃ _kÃ­nh khÃ­_tháº£i_gÃ¢y_hiá»‡u_á»©ng_nhÃ _kÃ­nh hiá»‡u_á»©ng_nhÃ _kÃ­nh_phÃ¡t_tháº£i há»“i_hÆ¡i_nÆ°á»›c khÃ­_tháº£i_dioxide_carbon lÆ°á»£ng_khÃ­_tháº£i_carbon lÆ°á»£ng_khÃ­_tháº£i_gÃ¢y_hiá»‡u_á»©ng_nhÃ _kÃ­nh phÃ¡t_tháº£i_khÃ­_gÃ¢y_hiá»‡u_á»©ng_nhÃ _kÃ­nh phÃ¡t_tháº£i_khÃ­_nhÃ _kÃ­nh thÃ´ng_tin_pháº£n_há»“i_hÆ¡i_nÆ°á»›c
bn:00058511n	bÆ°á»›c_cáº£n chÆ°á»›ng_ngáº¡i trá»Ÿ_ngáº¡i
bn:00061005n	cuÃ´Ì£c_sÃ´Íng cÃ¡ch
bn:00001549n	
bn:00026838n	Ä‘Ã m_phÃ¡n Ä‘á»‘i_thoáº¡i sá»±_Ä‘Ã m_phÃ¡n cÃ¡c_cuá»™c_Ä‘Ã m_phÃ¡n thÆ°Æ¡ng_lÆ°á»£ng
bn:00077267n	thá»i_gian
bn:00045153n	tháº¿_giá»›i loÃ i_ngÆ°á»i nhÃ¢n_loáº¡i hoÃ n_cáº§u quá»‘c_táº¿ world con_ngÆ°á»i loaÍ€i_ngÆ°Æ¡Í€i nhÃ¢n_loaÌ£i
bn:00029424n	trÃ¡i_Ä‘áº¥t Ä‘á»‹a_cáº§u quáº£_Ä‘áº¥t tháº¿_giá»›i hoÃ n_cáº§u hÃ²n_bi_xanh toÃ n_cáº§u Ä‘áº¥t_máº¹ â™ ğŸŒ ğŸŒ ğŸŒ ğŸ—º ğŸœ¨ quÄ©_Ä‘áº¡o_trÃ¡i_Ä‘áº¥t trÃ¡i_Ã°áº¥t giá»›i Ä‘áº¥t
bn:00050371n	
bn:00022479n	copenhagen cÃ´-pen-ha-gen cÃ´-pen-ha-ghen cÆ¡-báº§n-hÄƒng copenhague kopenhagen kÃ¸benhavn kobenhavn Ä‘an_máº¡ch_vá»‘n
bn:00014711n	tuáº§n_báº£y_ngÃ y tuáº§n_lá»‹ch
bn:00081604n	nhÃ³m_lÃ m_viá»‡c lÃ m_viá»‡c_bÃªn lÃ m_viá»‡c_nhÃ³m
bn:00055644n	tiá»n chá»c_chim xá»¥c_cáº·c Ä‘á»¥c_Ä‘Ã­t money tiá»n_báº¡c báº±ng_tiá»n tiá»n_tá»‡
bn:00023236n	nhÃ _nÆ°á»›c quá»‘c_gia_cÃ³_chá»§_quyá»n quá»‘c_gia dÃ¢n_tá»™c quá»‘c_gia_Ä‘á»™c_láº­p Ä‘áº¥t_nÆ°á»›c quá»‘c_dÃ¢n quá»‘c_gia_Ä‘á»™c_láº­p_cÃ³_chá»§_quyá»n nhÃ³m_sáº¯c_tá»™c nhÃ _nÆ°á»›c_cÃ³_chá»§_quyá»n nÆ°á»›c_cÃ³_chá»§_quyá»n quá»‘c_gia_chá»§_quyá»n state chÃ­nh_phá»§ cÆ¡_thá»ƒ_chÃ­nh_trá»‹ lÃ½_thuyáº¿t_khai_bÃ¡o_cá»§a_má»™t_bang_má»¹ nÆ°á»›c res_publica xÃ£_há»™i_chÃ­nh_trá»‹
bn:00058969n	
bn:00040681n	áº¥m_lÃªn_toÃ n_cáº§u hÃ¢m_nÃ³ng_toÃ n_cáº§u nÃ³ng_lÃªn_toÃ n_cáº§u sá»±_nÃ³ng_lÃªn_toÃ n_cáº§u hiá»‡n_tÆ°á»£ng_áº¥m_lÃªn_toÃ n_cáº§u sá»±_nÃ³ng_lÃªn_cá»§a_khÃ­_háº­u_toÃ n_cáº§u sá»±_nÃ³ng_lÃªn_cá»§a_trÃ¡i_Ä‘áº¥t sá»±_áº¥m_lÃªn_cá»§a_trÃ¡i_Ä‘áº¥t sá»±_áº¥m_toÃ n_cáº§u váº¥n_Ä‘á»_nÃ³ng_lÃªn_cá»§a_khÃ­_háº­u áº¥m_nÃ³ng_toÃ n_cáº§u áº¥m_toÃ n_cáº§u biáº¿n_Ä‘á»•i_khÃ­_háº­u_do_con_ngÆ°á»i_gÃ¢y_ra
bn:00003268n	pháº¡m_vi ranh_giÆ¡Íi
bn:00003132n	luÃ¢n_phiÃªn thay_tháº¿
bn:00043267n	cÃ¢u_há»i
bn:00053933n	tá»‘i_Ä‘a
bn:00076457n	nhiá»‡t_Ä‘á»™ Ã´n_Ä‘á»™ æº«åº¦ nhiá»‡t_Ä‘á»™_bá»_máº·t nhiá»‡t_Ä‘á»™_khÃ´ng_khÃ­
bn:00067923n	tÄƒng
bn:00008985n	Ä‘á»‘ng great_deal gá»n_gÃ ng_tá»•ng_há»£p khÃ¡_má»™t_chÃºt mickle muckle passel ráº¥t_nhiá»u tá»‘t_Ä‘á»‘i_phÃ³ xoay
bn:00035190n	
bn:00064536n	quÃ¡_trÃ¬nh phÆ°Æ¡ng_phÃ¡p qui_trÃ¬nh thá»§_tá»¥c
bn:00015501n	
bn:00047203n	ngÆ°á»i_phÃ¡t_ngÃ´n phÃ¡t_ngÃ´n_viÃªn
bn:00036837n	chÃ­nh_thá»©c cÃ´ng_chÆ°Íc giá»¯_Ä‘Æ°á»£c_báº§u haÍ€nh_lÃªÌ‰ quan_chá»©c_chÃ­nh_phá»§
bn:00062275n	hÃ¬nh_áº£nh
bn:00059783n	phÃ¡c_tháº£o
bn:00061135n	tá»·_lá»‡_pháº§n_trÄƒm pháº§n_trÄƒm sá»‘_pháº§n_trÄƒm % má»—i_centum
bn:00025966n	giai_Ä‘oáº¡n má»©c_Ä‘á»™ Ä‘iá»ƒm
bn:00026694n	nÆ°á»›c_Ä‘ang_phÃ¡t_triá»ƒn cÃ¡c_nÆ°á»›c_Ä‘ang_phÃ¡t_triá»ƒn cÃ¡c_nÆ°á»›c_cháº­m_phÃ¡t_triá»ƒn cÃ¡c_nÆ°á»›c_kÃ©m_phÃ¡t_triá»ƒn cÃ¡c_quá»‘c_gia_cháº­m_phÃ¡t_triá»ƒn cÃ¡c_quá»‘c_gia_kÃ©m_phÃ¡t_triá»ƒn cÃ¡c_quá»‘c_gia_Ä‘ang_phÃ¡t_triá»ƒn ná»n_kinh_táº¿_Ä‘ang_phÃ¡t_triá»ƒn quá»‘c_gia_Ä‘ang_phÃ¡t_triá»ƒn cÃ¡c_quá»‘c_gia_phÃ¡t_triá»ƒn nÆ°á»›c_cÃ³_thu_nháº­p_tháº¥p nÆ°á»›c_kÃ©m_phÃ¡t_triá»ƒn tháº¿_giá»›i_Ä‘ang_phÃ¡t_triá»ƒn
bn:00061605n	khoáº£ng_thá»i_gian
bn:00021127n	liÃªn_minh_chÃ¢u_Ã¢u cá»™ng_Ä‘á»“ng_kinh_táº¿_chÃ¢u_Ã¢u eec liÃªn_minh_Ã¢u_chÃ¢u eu liÃªn_hiá»‡p_Ã¢u_chÃ¢u ğŸ‡ªğŸ‡º european_union liÃªn_hiá»‡p_chÃ¢u_Ã¢u liÃªn_minh_tiá»n_tá»‡_chÃ¢u_Ã¢u liÃªn_Ã¢u cá»™ng_Ä‘á»“ng_chÃ¢u_Ã¢u thá»‹_trÆ°á»ng_chung e.u ec thá»‹_trÆ°á»ng_chung_chÃ¢u_Ã¢u
bn:00075965n	talk nÃ³i nÃ³i_chuyá»‡n
bn:00012159n	
bn:00046065n	tÃ¡c_Ä‘á»™ng
bn:00019782n	biáº¿n_Ä‘á»•i_khÃ­_háº­u thay_Ä‘á»•i_khÃ­_háº­u biáº¿n_Ä‘á»•i_khÃ­_háº­u_toÃ n_cáº§u
bn:00002954n	lÅ©_lá»¥t lá»¥t lá»¥t_lá»™i lÅ© náº¡n_lá»¥t mÃ¹a_nÆ°á»›c_lÅ© ngáº­p_lá»¥t nÆ°á»›c_lÅ©
bn:00028863n	háº¡n_hÃ¡n cá»©u_trá»£_háº¡n_hÃ¡n
bn:00025949n	phÃ¡_rá»«ng disforestation phÃ¡
bn:00025948n	
bn:00035907n	loáº¡i hÃ¬nh_thá»©c
bn:00078848n	chÃ­nh_quyá»n_liÃªn_bang_hoa_ká»³ chÃ­nh_quyá»n_hoa_ká»³ chÃ­nh_phá»§_liÃªn_bang_cá»§a_má»¹ chÃ­nh_phá»§_hoa_ká»³ chÃ­nh_phá»§_má»¹ chÃ­nh_phá»§_liÃªn_bang_cá»§a_hoa_ká»³ chÃ­nh_phá»§_liÃªn_bang_hoa_ká»³ chÃ­nh_phá»§_liÃªn_bang_má»¹ hoa_ká»³ má»¹ phá»§_hoa_ká»³
bn:00031083n	cÃ´ng_sá»© bá»™_trÆ°á»Ÿng bá»™_trÆ°á»Ÿng_cá»‘_váº¥n bá»™_trÆ°á»Ÿng_má»‡nh_toÃ n_quyá»n bá»™_trÆ°á»Ÿng_tham_tÃ¡n hÃ m_ngoáº¡i_giao má»‡nh_toÃ n_quyá»n_bá»™_trÆ°á»Ÿng má»‡nh_toÃ n_quyá»n_cá»§a_bá»™_trÆ°á»Ÿng phÃ¡i_viÃªn_Ä‘áº·c_biá»‡t
bn:00049915n	danh_phÃ¡p thuáº­t_ngá»¯ thuáº­t_ngá»¯_há»c danh_phÃ¡p_khoa_há»c thuÃ¢Ì£t_ngÆ°_tÃ¢Ì£p tÃªn_khoa_há»c
bn:00024615n	
bn:00056029n	cá»­_Ä‘á»™ng váº­n_Ä‘á»™ng hoáº¡t_Ä‘á»™ng_váº­n váº­n_Ä‘á»™ng_cá»§a_loÃ i_váº­t
bn:00042938n	cá»©ng_dÃ²ng
bn:00016756n	cá»™ng_hÃ²a_nhÃ¢n_dÃ¢n_trung_hoa trung_quá»‘c trung_quá»‘c_Ä‘áº¡i_lá»¥c trung_hoa chnd_trung_hoa chndth tÃ u tÃ u_Ä‘á» cá»™ng_hoÃ _nhÃ¢n_dÃ¢n_trung_hoa trung_hoa_Ä‘áº¡i_lá»¥c hoa_lá»¥c trung_hoa_nhÃ¢n_dÃ¢n_cá»™ng_hÃ²a_quá»‘c cá»™ng_hÃ²a_nhÃ¢n_dÃ¢n_trung_quá»‘c trung_hoa_lá»¥c_Ä‘á»‹a china mainland_china nÆ°á»›c_tÃ u people's_republic_of_china prc tq trung-quá»‘c trung_quá»‘c_lá»¥c_Ä‘á»‹a Ä‘áº¡i_lá»¥c_trung_hoa Ä‘áº¡i_lá»¥c_trung_quá»‘c cathay cá»™ng_sáº£n_trung_quá»‘c trung
bn:00014103n	chÃ­nh_quyá»n_george_w_bush
bn:00001135n	
bn:00020980n	
bn:00020977n	bÃ¬nh_luáº­n nháº­n_xÃ©t
bn:00044982n	thá»i_gian_trong_ngÃ y giá»
bn:00035831n	bá»™_ngoáº¡i_giao bá»™_trÆ°á»Ÿng_ngoáº¡i_giao bá»™_trÆ°á»Ÿng_bá»™_ngoáº¡i_giao ngoáº¡i_trÆ°á»Ÿng
bn:00003341n	hoa_ká»³ há»£p_chÃºng_quá»‘c_hoa_ká»³ má»¹ nÆ°á»›c_má»¹ má»¹_quá»‘c há»£p_chá»§ng_quá»‘c_hoa_ká»³ há»£p_chÃºng_quá»‘c_má»¹ mÄ© us usa cá»™ng_hoÃ _liÃªn_bang_má»¹ cá»™ng_hÃ²a_liÃªn_bang_má»¹ hiá»‡p_chÃºng_quá»‘c_hoa_ká»³ hiá»‡p_chá»§ng_quá»‘c_hoa_ká»³ hoa_kÃ¬ united_states united_states_of_america nÆ°á»›c_mÄ© america hiá»‡p_chá»§ng_quá»‘c huÃª_ká»³ há»£p_chá»§ng_quá»‘c_hoa_kÃ¬ ma_li_cÄƒn ma_ly_cÄƒn mÄ©_lá»£i_kiÃªn mÄ©_quá»‘c má»¹_lá»£i_kiÃªn nhÃ£_di_lÃ­ nhÃ£_di_lÃ½ nhá»¯ng_nhÃ _nÆ°á»›c_thá»‘ng_nháº¥t_cá»§a_chÃ¢u_má»¹ quá»‘c_má»¹ u.s. u.s.a hoa u.s.a.
bn:00057209n	ngÆ°Æ¡Í€i_thÆ°Æ¡ng_thuyÃªÍt ngÆ°Æ¡Í€i_Ä‘iÃªÍ€u_Ä‘iÍ€nh xá»­_lÃ½,
bn:00021164n	láº½_thÆ°á»ng caÌ‰m_giaÍc_tÃ´Ít chung_cáº£m_giÃ¡c máº¹_wit ngá»±a_Ã½_nghÄ©a thÃ´ng_thÆ°á»ng Ä‘á»“ng_há»“_nÆ°á»›c_communis
bn:00035211n	quá»¹_Ä‘áº¡o quÄ©_Ä‘áº¡o Ä‘áº¡n_Ä‘áº¡o
bn:00041585n	siÃªu_cÆ°á»ng cÆ°á»ng_quá»‘c siÃªu_cÆ°á»ng_quá»‘c Ä‘áº¡i_cÆ°á»ng_quá»‘c liá»‡t_cÆ°á»ng cÆ°á»ng_quá»‘c_toÃ n_cáº§u má»™t_cÆ°á»ng_quá»‘c quyá»n_lá»±c_lá»›n quyá»n_lá»±c_trong_quan_há»‡_quá»‘c_táº¿ sá»©c_máº¡nh_siÃªu tháº¿_giá»›i_quyá»n_lá»±c
bn:00033819n	Ä‘Æ°á»ng_Ä‘á»©t_gÃ£y
bn:00009080n	xung_Ä‘á»™t
bn:00029678n	kinh_táº¿ há»‡_thá»‘ng_kinh_táº¿ kinh_táº¿_tá»±_nhiÃªn kinh_táº¿_nÃ´ng_thÃ´n kinh_táº¿_quá»‘c_gia kinh_táº¿_thá»±c
bn:00052888n	hÃ nh_tinh hÃ nh_tinh_giáº£_thuyáº¿t planet thiÃªn_thá»ƒ_cÃ³_khá»‘i_lÆ°á»£ng_hÃ nh_tinh tinh chÃ­nh_hÃ nh_tinh planemo
bn:00029239n	nghÄ©a_vá»¥ nhiá»‡m_vá»¥ trÃ¡ch_nhiá»‡m chá»©c_trÃ¡ch chá»©c_vá»¥
bn:00000085n	24 hai_mÆ°Æ¡i_tÆ° hai_chá»¥c xxiv
bn:00046093n	
bn:00026025n	uÌ‰y_nhiÃªÌ£m Ä‘áº¡i_biá»ƒu
bn:00022995n	chi_phÃ­ giÃ¡ giÃ¡_cáº£ phÃ­ sá»‘_tiá»n chi_phÃ­_sáº£n_xuáº¥t chi_tiÃªu_ngÅ© Ä‘áº¯t_tiá»n
bn:00001127n	hÃ nh_Ä‘á»™ng sá»±_hÃ nh_Ä‘á»™ng hoáº¡t_Ä‘á»™ng hÃ nh_vi
bn:00037187n	bÃ­_máº­t_káº¿_hoáº¡ch
bn:00043539n	bÃ¡_quyá»n quyÃªÍ€n_lanh_Ä‘aÌ£o quyá»n_bÃ¡_chá»§
bn:00054693n	mexico mÃª-hi-cÃ´ mÃ©xico má»…_tÃ¢y_cÆ¡ há»£p_chÃºng_quá»‘c_má»…_tÃ¢y_cÆ¡ má»…_tÃ¢y_cÆ¡_há»£p_chÃºng_quá»‘c há»£p_chÃºng_quá»‘c_me-xi-co há»£p_chÃºng_quá»‘c_mexico há»£p_chÃºng_quá»‘c_mÃª-hi-cÃ´ há»£p_chÃºng_quá»‘c_mÃªhicÃ´ há»£p_chÃºng_quá»‘c_má»… há»£p_chÃºng_quá»‘c_má»…-tÃ¢y-cÆ¡ liÃªn_bang_mexico liÃªn_bang_mÃª-hi-cÃ´ liÃªn_bang_mÃªhicÃ´ mÃª-xi-cÃ´ má»… nÆ°á»›c_má»… liÃªn_bang_mÃª_hi_cÃ´ mÃª_hi_cÃ´ há»£p_chá»§ng_quá»‘c_mexico liÃªn_bang_mÃ©xico mexique mÃ©jico mÃª_xi_cÃ´ mÃªhico mÃªhicÃ´ mÃªxico mÃªxicÃ´ mÆ¡hicÃ´ máº·c_tÃ¢y_kha máº·c_tÃ¢y_kha_há»£p_chÃºng_quá»‘c máº¿ch-xÃ­ch má»…-tÃ¢y-cÆ¡ má»…-xi-cÃ´ má»…_quá»‘c má»…_xi_cÃ´ quá»‘c_gia_má»… mexico_states
bn:00017172n	
bn:00001598n	chuyÃªn_gia_tÆ°_váº¥n cá»‘_váº¥n consultant tÆ°_váº¥n
bn:00000728n	hiá»‡p_Æ°á»›c pacte hiÃªÌ£p_Ä‘iÌ£nh
bn:00060798n	
bn:00054277n	há»™i_viÃªn thÃ nh_viÃªn
bn:00028548n	dá»±_tháº£o_báº£n_sao
bn:00064776n	Ä‘á»_xuáº¥t
bn:00035851n	buá»•i_sÃ¡ng buÃ´Ì‰i_saÍng buá»•i_sÃ¡ng_thá»i_gian morn sÃ¡ng
bn:00009652n	
bn:00065344n	
bn:00064262n	Ã¡p_lá»±c
bn:00010203n	áº¥n_Ä‘á»™ bharat cá»™ng_hÃ²a_áº¥n_Ä‘á»™ india nÆ°á»›c_áº¥n thiÃªn_trÃºc áº¥n-Ä‘á»™ áº¥n_Ã°á»™
bn:00079330n	
bn:00032654n	thá»±c_táº¿
bn:00047688n	váº¥n_Ä‘á»
bn:00041200n	bá»™_trÆ°á»Ÿng tá»•ng_trÆ°á»Ÿng bá»™_trÆ°á»Ÿng_chÃ­nh_phá»§ bá»™_trÆ°á»Ÿng_chÃ­nh_trá»‹ chÃ­nh_phá»§_bá»™_trÆ°á»Ÿng
bn:00001697n	mÃ¡y_bay tÃ u_bay phi_cÆ¡ airplane táº§u_bay bay
bn:00042663n	Ä‘áº¡i_sáº£nh lá»…_Ä‘Æ°á»ng phÃ²ng_chá» phÃ²ng_há»p_lá»›n phÃ²ng_khÃ¡ch_chung phÃ²ng_lÃªn_lá»›p phÃ²ng_lá»›n phÃ²ng_Äƒn_lá»›n hÃ nh_lang há»™i_trÆ°á»ng
bn:00041948n	cuá»™c_há»p há»p_máº·t mÃ­t_tinh mÃ­t-tinh há»p nhÃ³m_há»p
bn:00057552n	há»p_bÃ¡o cuÃ´Ì£c_hoÌ£p_baÍo
bn:00019405n	
bn:00006479n	
bn:00061450n	nhÃ¢n_dÃ¢n dÃ¢n_tá»™c dÃ¢n_gian ngÆ°á»i_dÃ¢n quáº§n_chÃºng quáº§n_chÃºng_nhÃ¢n_dÃ¢n tháº£o_dÃ¢n ngÆ°á»i
bn:00000086n	ngÃ y day 24_giÆ¡Í€ 24_hour_period cÃ³_nghÄ©a_lÃ _nÄƒng_lÆ°á»£ng_máº·t_trá»i_ngÃ y khoáº£ng_24-giá» ngÃ y_cÃ³_nghÄ©a_lÃ _nÄƒng_lÆ°á»£ng_máº·t_trá»i nÄƒng_lÆ°á»£ng_máº·t_trá»i_ngÃ y
bn:00001171n	pháº§n_tá»­_tÃ­ch_cá»±c chiáº¿n_binh hoáº¡t_Ä‘á»™ng
bn:00071315n	chÆ°Æ¡ng_trÃ¬nh
bn:00060464n	giáº¥y tá»_giáº¥y
bn:00029345n	thÆ°_Ä‘iá»‡n_tá»­ Ä‘iá»‡n_thÆ° thÆ¡_Ä‘iá»‡n_tá»­ e-mail email báº£o_máº­t_email lá»‹ch_sá»­_thÆ°_Ä‘iá»‡n_tá»­ mail_internet
bn:00017557n	
bn:00047043n	cÆ°á»ng_Ä‘á»™ intensiveness
bn:00054897n	thá»©_tÆ° thá»©_4 kÃªÍt_hÃ´n
bn:00010317n	big_league chuyÃªn_ngÃ nh major_league
bn:00079435n	phÃ³_chá»§_tá»‹ch phÃ³_tá»•ng_thá»‘ng executive_vice_president phÃ³_chá»§_tá»‹ch_Ä‘iá»u_hÃ nh_cáº¥p_cao phÃ³_chá»§_tá»‹ch_Ä‘iá»u_hÃ nh v.p.
bn:00063330n	chÃ­nh_sÃ¡ch qui_Ä‘á»‹nh quy_Ä‘á»‹nh cÃ¡c_nhÃ _hoáº¡ch_Ä‘á»‹nh_chÃ­nh_sÃ¡ch
bn:00009664n	
bn:00078365n	chiáº¿n_tháº¯ng tháº¯ng_lá»£i tháº¯ng
bn:00047679n	israel i-xra-en ixaren ixraen nhÃ _nÆ°á»›c_isarel nhÃ _nÆ°á»›c_ixraen nÆ°á»›c_do_thÃ¡i quá»‘c_gia_israel nhÃ _nÆ°á»›c_israel yisrael
bn:00080111n	chuyáº¿n_thÄƒm thÄƒm
bn:00073699n	táº­p_thá»ƒ Ä‘á»™i Ãª-kÃ­p Ãª_kÃ­p Ä‘á»™i_ngÅ© nhÃ³m Ä‘oÃ n nhÃ³m_ngÆ°á»i team tá»•_Ä‘á»™i Ã©quipe Ãª-kip Ä‘á»™i_nhÃ³m
bn:00052052n	
bn:00016286n	hiá»‡u_suáº¥t thá»±c_hiá»‡n_thÃ nh_hÃ nh_Ä‘á»™ng
bn:00063218n	sá»‘_Ä‘iá»ƒm Ä‘iá»ƒm Ä‘iá»ƒm_sá»‘_cao
bn:00000942n	
bn:00000427n	váº¯ng_máº·t
bn:00030844n	sá»±_tham_gia tham_gia cÃ³_sá»±_tham_gia tham_gia_chÃ­nh_trá»‹
bn:00076309n	lÃ m_viá»‡c_theo_nhÃ³m teamwork
bn:00030720n	cuá»‘i thá»©c_sÃ¢n_kháº¥u
bn:00075025n	thÃ nh_cÃ´ng
bn:00059751n	ngoÃ i_giá»›i_háº¡n
bn:00037181n	trÃ²_chÆ¡i
bn:00033833n	
bn:00069757n	scoreboard
bn:00073989n	báº¯t_Ä‘áº§u
bn:00008875n	tiÃªu_tháº£
bn:00012213n	chu_vi
bn:00021870n	phá»ng_Ä‘oÃ¡n surmisal
bn:00057368n	
bn:00006143n	cá»•_tay xÆ°Æ¡ng_cá»•_tay náº¯m_Ä‘áº¥m xÆ°Æ¡ng_cÆ°Æ¡Í€m_tay articulatio_radiocarpea cÃ´Ì‰_tay cá»•_tay_doanh khá»›p_cá»•_tay khá»›p_radiocarpal radiocarpal_doanh
bn:00069759n	
bn:00034792n	thá»i_ká»³_thá»©_nháº¥t
bn:00065577n	
bn:00081568n	cÃ´ng_viá»‡c
bn:00081042n	huÃ½t_sÃ¡o
bn:00005053n	vá»—_tay handclaps tay_vá»— tiáº¿ng_vá»—_tay voÍ€ng_treo_lÆ°Æ¡i_chuÃ´ng
bn:00044531n	trá»Ÿ_láº¡i
bn:00044488n	nhÃ 
bn:00050340n	dáº«n_Ä‘áº§u
bn:00025236n	Ä‘Ãªm ban_Ä‘Ãªm tá»‘i buá»•i_tá»‘i
bn:00042647n	giÆ¡Í€_nghiÌ‰_giaÌ‰i_lao giá»_nghá»‰_giáº£i_lao má»™t_ná»­a_thá»i_gian
bn:00042759n	bÃ n_tay tay manus
bn:00036823n	chá»©c_nÄƒng pháº§n vai_trÃ² vÄƒn_phÃ²ng
bn:00066863n	láº¥y_láº¡i
bn:00051117n	
bn:00027415n	báº¥t_lá»£i
bn:00060799n	ngÆ°á»i_tham_gia
bn:00023270n	vÃ i
bn:00062929n	chÆ¡i
bn:00002155n	giÃºp_Ä‘á»¡ há»—_trá»£ giÃºp trá»£_giÃºp sá»±_giÃºp_Ä‘á»¡ viá»‡n_trá»£
bn:00030719n	cuá»‘i
bn:00061606n	
bn:00055094n	phÃºt
bn:00051301n	
bn:00053001n	maliciousness
bn:00030341n	11_giá» phÃºt_cuá»‘i
bn:00019848n	
bn:00070056n	mÃ¹a mÃ¹a-off mÃ¹a_giáº£i mÃ¹a_nhÃ _vÃ _sÃ¢n_khÃ¡ch offseason trÆ°á»›c_mÃ¹a_giáº£i
bn:00076788n	street
bn:00046200n	xung_lÆ°á»£ng xung Ä‘Ã 
bn:00028114n	Ä‘Ã´_la Ä‘Ã´ Ä‘Ã´-la dollar dollars Ä‘Ã´la
bn:00010302n	sá»Ÿ_giao_dá»‹ch_chá»©ng_khoÃ¡n_new_york sÃ n_giao_dá»‹ch_chá»©ng_khoÃ¡n_new_york new_york_stock_exchange nyse thá»‹_trÆ°á»ng_chá»©ng_khoÃ¡n_new_york n._y._thá»‹_trÆ°á»ng_chá»©ng_khoÃ¡n
bn:00002181n	mang
bn:00053460n	thá»‹_trÆ°á»ng_tÃ i_chÃ­nh ngÃ nh_chá»©ng_khoÃ¡n
bn:00046418n	chá»‰_sá»‘ sÃ´Í_mu
bn:00028458n	chá»‰_sá»‘_trung_bÃ¬nh_cÃ´ng_nghiá»‡p_dow_jones chá»‰_sá»‘_bÃ¬nh_quÃ¢n_cÃ´ng_nghiá»‡p_dow_jones chá»‰_sá»‘_cÃ´ng_nghiá»‡p_dow_jones dow_jones chá»‰_sá»‘_dow_jones_cÃ´ng_nghiá»‡p djia dow_30 dow_jones_cÃ´ng_nghiá»‡p dow_industrials dow_jones_industrial dow_jones_industrial_average dow-jones_industrial_average
bn:00056893n	nasdaq hiá»‡p_há»™i_cÃ¡c_quá»‘c_gia_bÃ¡o_giÃ¡_Ä‘áº¡i_lÃ½_chá»©ng_khoÃ¡n_tá»±_Ä‘á»™ng
bn:00019966n	laÍ€m_tiÃªu_hÃªÍt windup Ä‘Ã³ng_cá»­a
bn:00034394n	sá»‘ sá»‘_lÆ°á»£ng
bn:00005105n	khoa_há»c_á»©ng_dá»¥ng váº­t_lÃ½_ká»¹_thuáº­t ká»¹_thuáº­t á»©ng_dá»¥ng kÄ©_nghá»‡ kÄ©_thuáº­t khoa_há»c_ká»¹_thuáº­t cÃ´ng_nghá»‡ cÃ´ng_nghá»‡_hiá»‡n_Ä‘áº¡i cÃ´ng_nghá»‡_á»©ng_dá»¥ng ká»¹_thuáº­t_váº­t_lÃ½ á»©ng_dá»¥ng_cÃ´ng_nghá»‡
bn:00064119n	sÆ°Ì£_coÍ_quyÃªÍ€n
bn:00056870n	thu_háº¹p_biÃªn_Ä‘á»™
bn:00077880n	kinh_doanh
bn:00013768n	khá»‘i_lÆ°á»£ng
bn:00016404n	trÆ°á»ng_há»£p
bn:00076496n	xu_hÆ°á»›ng
bn:00065107n	
bn:00059168n	Ã½_kiáº¿n Ã½ quan_Ä‘iá»ƒm quan_Ä‘iá»ƒm_khoa_há»c
bn:00066995n	má»‘i_quan_há»‡
bn:00042963n	sÆ°Ì£_theÍ€m_thuÃ´Í€ng Ä‘á»™t_biáº¿n_máº¡nh_máº½
bn:00066597n	
bn:00003802n	
bn:00068916n	
bn:00058192n	thÃ¡ng_mÆ°á»i_má»™t thÃ¡ng_11 thg11 31_thÃ¡ng_11
bn:00014710n	thÃ¡ng thÃ¡ng_lá»‹ch
bn:00068427n	
bn:00021743n	
bn:00022095n	ngÆ°á»i_tiÃªu_dÃ¹ng luáº­t_báº£o_vá»‡_quyá»n_lá»£i_ngÆ°á»i_tiÃªu_dÃ¹ng ngÆ°á»i_tiÃªu_thá»¥ quyá»n_ngÆ°á»i_tiÃªu_dÃ¹ng tiÃªu_dÃ¹ng
bn:00025645n	thÃ¡ng_mÆ°á»i_hai thÃ¡ng_mÆ°á»i thÃ¡ng_12 thg12
bn:00005164n	Æ°á»›c_lÆ°á»£ng Æ°á»›c_sá»‘ Æ°á»›c_tÃ­nh dá»±_toÃ¡n
bn:00044024n	
bn:00031888n	euro Ã¢u_kim eur euros kÃ½_hiá»‡u_euro Ä‘á»“ng_euro â‚¬
bn:00070206n	thÃ nh_pháº§n_kinh_táº¿
bn:00071869n	tÃ¬nh_hÃ¬nh tiÍ€nh_traÌ£ng_cuÌ‰a_tiÃªÌ‰u_bang
bn:00017368n	chá»©ng_khoÃ¡n thuáº­t_ngá»¯_chá»©ng_khoÃ¡n an_ninh chá»©ng_khoÃ¡n_ná»£ chá»©ng_khoÃ¡n_tÃ i_chÃ­nh
bn:00008870n	cÆ¡_sá»Ÿ
bn:00026339n	bá»™_ngÃ¢n_khá»‘_hoa_ká»³ bá»™_tÃ i_chÃ­nh bá»™_tÃ i_chÃ¡nh_hoa_ká»³ bá»™_tÃ i_chÃ­nh_hoa_ká»³ bá»™_tÃ i_chÃ­nh_má»¹ bá»™_ngÃ¢n_khá»‘_hoa_kÃ¬ bá»™_tÃ i_chÃ¡nh_hoa_kÃ¬ bá»™_tÃ i_chÃ­nh_hoa_kÃ¬ united_states_department_of_the_treasury bá»™_ngÃ¢n_khá»‘ bá»™_tÃ i hoa_ká»³ hoa_ká»³_kho_báº¡c
bn:00011974n	trÃ¡i_phiáº¿u trÃ¡i_phiáº¿u_giáº¥y_chá»©ng_nháº­n
bn:00047691n	nÄƒng_suáº¥t takings tiá»n_thu_Ä‘Æ°á»£c trá»Ÿ_láº¡i
bn:00078546n	thá»©_ba th_3
bn:00031998n	chiá»u_tá»‘i buá»•i_tá»‘i tá»‘i buÃ´Ì‰i_chiÃªÍ€u tháº­m_chÃ­
bn:00058745n	cÃ´ng_ty_dáº§u cÃ´ng_ty_dáº§u_khÃ­ ngÃ nh_cÃ´ng_nghiá»‡p_dáº§u_khÃ­
bn:00021556n	quan_tÃ¢m
bn:00080036n	
bn:00046933n	chÆ°a_á»•n_Ä‘á»‹nh.
bn:00007299n	cháº¿_Ä‘á»™_chÃ­nh_trá»‹ chÃ­nh_thá»ƒ_nhÃ _nÆ°á»›c chÃ­nh_thá»ƒ chÃ­nh_phá»§ chÃ­nh_quyá»n cháº¿_Ä‘á»™
bn:00008794n	cÆ¡_sá»Ÿ_háº¡_táº§ng cÃ´ng_trÃ¬nh_háº¡_táº§ng_xÃ£_há»™i háº¡_táº§ng_cÆ¡_sá»Ÿ káº¿t_cáº¥u_háº¡_táº§ng cÆ¡_sá»Ÿ_háº¡_táº§ng_Ä‘Ã´_thá»‹
bn:00007085n	Ä‘áº¥u_giÃ¡ bÃ¡n_Ä‘áº¥u_giÃ¡ nhÃ _bÃ¡n_Ä‘áº¥u_giÃ¡ nhÃ _Ä‘áº¥u_giÃ¡ vendue Ä‘áº¥u_giÃ¡_im_láº·ng
bn:00068696n	thá»©_báº£y sabbatum th_7
bn:00068622n	nga nga_la_tÆ° liÃªn_bang_nga ru russia cá»™ng_hÃ²a_liÃªn_bang_nga lb_nga nhÃ _nÆ°á»›c_liÃªn_bang_nga nÆ°á»›c_nga
bn:00024112n	dáº§u_má» dáº§u_khÃ­ dáº§u_thÃ´ vÃ ng_Ä‘en dáº§u_lá»­a dÃ¢Í€u_nguyÃªn_chÃ¢Ít dáº§u_thÃ´ng_thÆ°á»ng hÃ³a_tháº¡ch_dáº§u phÃ¢n_phá»‘i_khÃ­_Ä‘á»‘t
bn:00014160n	cÃ´ng_ty cÃ´ng_ty_kinh_doanh ty
bn:00002362n	i-ráº¯c iraq cá»™ng_hoÃ _irÄƒc cá»™ng_hÃ²a_irÄƒc i-ráº¯k i_ráº¯k irÄƒc iráº¯c iráº¯k al-iraq cá»™ng_hÃ²a_iraq irak
bn:00058741n	cÃ´ng_nghiá»‡p_dáº§u_khÃ­ cÃ´ng_nghiá»‡p_dáº§u_má» cÃ´ng_ty_dáº§u_khÃ­ dáº§u_kinh_doanh ngÃ nh_cÃ´ng_nghiá»‡p_dáº§u ngÃ nh_cÃ´ng_nghiá»‡p_dáº§u_khÃ­ tinh_chá»‰nh_ngÃ nh_cÃ´ng_nghiá»‡p
bn:00025646n	tháº­p_ká»· tháº­p_niÃªn mÆ°á»i_nÄƒm tháº­p_ká»‰ tháº­p_niÃªn_ká»· decennium khoaÌ‰ng_mÆ°Æ¡Í€i_nÄƒm
bn:00080439n	chiáº¿n_tranh cuá»™c_xung_Ä‘á»™t_quÃ¢n_sá»± xung_Ä‘á»™t_vÅ©_trang
bn:00069122n	
bn:00021286n	cÃ´ng_ty doanh_nghiá»‡p doanh_thÆ°Æ¡ng xÃ­_nghiá»‡p hÃ£ng hÃ£ng_kinh_doanh giÃ¡_trá»‹_cá»‘t_lÃµi_cá»§a_doanh_nghiá»‡p ty
bn:00047081n	quan_tÃ¢m
bn:00034265n	cÃ¡nh_Ä‘á»“ng ruá»™ng lÄ©nh_vá»±c_nÃ´ng_nghiá»‡p má»™t_vá»±c trong trong_nÃ´ng_nghiá»‡p
bn:00010262n	Ä‘áº¥u_tháº§u sá»±_tráº£_giÃ¡ sá»±_Ä‘áº·t_giÃ¡
bn:00014152n	giao_dá»‹ch_thÆ°Æ¡ng_máº¡i nÃ y
bn:00048592n	thÃ¡ng_sÃ¡u thÃ¡ng_6 thg6 thÃ¡ng_06
bn:00067192n	
bn:00040387n	
bn:00028249n	
bn:00029774n	biÃªn_táº­p_viÃªn biÃªn_táº­p_táº¡p_chÃ­ biÃªn_táº­p_viÃªn-in-chief biÃªn_táº­p_viÃªn_trÆ°á»Ÿng biÃªn_táº­p_viÃªn_Ä‘iá»u_hÃ nh chá»‰nh_sá»­a phÃ³_tá»•ng_biÃªn_táº­p tá»•ng_biÃªn_táº­p
bn:00057546n	tin_tá»©c thá»i_sá»± bÃ¡o_cÃ¡o_tin_tá»©c sá»±_kiá»‡n_hiá»‡n_táº¡i
bn:00054409n	cá»­a_hÃ ng_bÃ¡n_láº» buÃ´n_thÃ nh_láº­p cá»­a_hÃ ng_duy
bn:00001939n	ma nÄƒm nÄƒm_dÆ°Æ¡ng_lá»‹ch thá»i_gian_dÃ i thá»i_gian_kÃ©o_dÃ i
bn:00058679n	
bn:00070225n	biá»‡n_phÃ¡p_an_ninh
bn:00070219n	an_ninh
bn:00011946n	
bn:00005732n	lá»±c_lÆ°á»£ng_vÅ©_trang quÃ¢n_Ä‘á»™i chi_nhÃ¡nh_quÃ¢n_sá»± cá»—_mÃ¡y_chiáº¿n_tranh dá»‹ch_vá»¥_vÅ©_trang khÃ¡ng_chiáº¿n_vÅ©_trang lá»±c_lÆ°á»£ng_quÃ¢n_sá»± quÃ¢n quÃ¢n_lá»±c quÃ¢n_nhÃ¢n quÃ¢n_sá»± Ä‘á»™i_quÃ¢n
bn:00007805n	kho_dá»±_trá»¯
bn:00003801n	
bn:00016401n	trÆ°á»ng_há»£p
bn:00017562n	ngÆ°á»i_thÃ¡ch contender ngÆ°Æ¡Í€i_hÃ´Í€i_tiÌ£ Ä‘ua_tranh Ä‘á»‘i_thá»§_cáº¡nh_tranh
bn:00030825n	
bn:00030747n	rá»§i_ro nguy_hiá»ƒm má»‘i_nguy nguy_cÆ¡ nguy_cÆ¡_báº£o_máº­t Ä‘e_dá»a
bn:00070914n	cá»•_Ä‘Ã´ng ngÆ°á»i_cÃ³_cá»•_pháº§n ngÆ°Æ¡Í€i_coÍ_cÃ´Ì‰_phÃ¢Í€n shareowner
bn:00055180n	bá»™ bá»™_chÃ­nh_phá»§ bá»™_cá»§a_chÃ­nh_phá»§
bn:00028625n	tie tráº­n_hÃ²a
bn:00001592n	tÆ°_váº¥n
bn:00022227n	há»£p_Ä‘á»“ng contract báº£o_lÃ£nh kÃ½_káº¿t_há»£p_Ä‘á»“ng luáº­t_há»£p_Ä‘á»“ng rÃ ng_buá»™c_phÃ¡p_lÃ½ thá»a_thuáº­n_há»£p_Ä‘á»“ng
bn:00080816n	cuá»‘i_tuáº§n tuáº§n_lÃ m_viá»‡c
bn:00023288n	khÃ³a_há»c
bn:00073526n	phÃ¡t_ngÃ´n_viÃªn
bn:00031285n	
bn:00021034n	
bn:00008694n	thÃ¹ng barrel
bn:00033939n	phÃ­ lá»‡_phÃ­ cÆ°á»›c_phÃ­
bn:00059788n	sáº£n_lÆ°á»£ng sáº£n_lÆ°á»£ng_kinh_táº¿
bn:00025965n	má»©c_Ä‘á»™ lá»›p_tiáº¿n_hÃ³a má»©c_Ä‘á»™_quy_mÃ´ Ä‘á»™_quy_mÃ´
bn:00008364n	ngÃ¢n_hÃ ng nhÃ _bÄƒng hoáº¡t_Ä‘á»™ng_ngÃ¢n_hÃ ng cÃ´ng_ty_ngÃ¢n_hÃ ng há»‡_thá»‘ng_ngÃ¢n_hÃ ng lÆ°u_kÃ½_tá»•_chá»©c_tÃ i_chÃ­nh ngÃ nh_cÃ´ng_nghiá»‡p_ngÃ¢n_hÃ ng ngÃ¢n_hÃ ng_nÆ°á»›c_ngoÃ i ngÃ¢n_hÃ ng_quan_tÃ¢m ngÃ¢n_hÃ ng_quá»‘c_táº¿
bn:00074010n	nhÃ _nÆ°á»›c
bn:00007799n	há»—_trá»£_tÃ i_chÃ­nh tÃ i_chÃ­nh_á»§ng_há»™
bn:00011975n	
bn:00064839n	an_ninh
bn:00036839n	quá»¹ quá»¹_tiá»n_tá»‡
bn:00003601n	sá»‘_tiá»n tá»•ng
bn:00000739n	tin_tá»©c_bÃ¡o_cÃ¡o viÃªÍt_mÃ´Ì£t_viÃªÌ£c_giÍ€
bn:00013240n	
bn:00031641n	thiáº¿t_cháº¿_xÃ£_há»™i viá»‡n thá»ƒ_cháº¿_xÃ£_há»™i
bn:00051251n	
bn:00000649n	
bn:00051250n	
bn:00027366n	giÃ¡m_Ä‘á»‘c uá»·_viÃªn uá»·_viÃªn_ban_giÃ¡m_Ä‘á»‘c á»§y_viÃªn á»§y_viÃªn_ban_giÃ¡m_Ä‘á»‘c giÃ¡m_Ä‘á»‘c_Ä‘iá»u_hÃ nh quáº£n_lÃ½
bn:00012042n	
bn:00017791n	
bn:00047367n	nhÃ _Ä‘áº§u_tÆ° ngÆ°á»i_Ä‘áº§u_tÆ°
bn:00051693n	vay_tiá»n vay
bn:00008047n	chÃ¢Ít_hoÍa_hoÌ£c_cÄƒÌ£n cÃ²n_láº¡i
bn:00047831n	gÃ  ná»“i
bn:00068915n	bÃ¡n
bn:00014136n	cÃ´ng_ty_luáº­t kinh_doanh kinh_doanh_quan_tÃ¢m tá»•_chá»©c_kinh_doanh
bn:00079107n	Ä‘Æ¡n_vá»‹
bn:00023844n	khá»§ng_hoáº£ng cuá»™c_khá»§ng_hoáº£ng
bn:00047358n	Ä‘áº§u_tÆ° vá»‘n_Ä‘áº§u_tÆ° Ä‘áº§u_tÆ°_báº¥t_Ä‘á»™ng_sáº£n Ä‘áº§u_tÆ°_tÃ i_chÃ­nh
bn:00016448n	tiá»n_máº·t hiá»‡n_kim cá»©ng_tiá»n_máº·t
bn:00050920n	
bn:00076744n	thá»©_nÄƒm
bn:00015496n	vá»‘n_lÆ°u_Ä‘á»™ng tÆ°_báº£n vá»‘n vá»‘n_tÃ i_chÃ­nh vá»‘n_Ä‘áº§u_tÆ° vá»‘n_Ä‘áº§u_tÆ°_nÆ°á»›c_ngoÃ i
bn:00046356n	
bn:00000939n	chÃº_thÃ­ch trÃ­ch_dáº«n nguá»“n_cáº§n_thiáº¿t
bn:00008279n	báº§y bá»n lÅ© toÃ¡n tá»¥i Ä‘oÃ n ban_nháº¡c
bn:00005019n	phÃºc_tháº©m khÃ¡ng_cÃ¡o khiáº¿u_náº¡i kÃªu_gá»i ngÆ°Æ¡Í€i_chÃ´Íng_aÍn
bn:00000125n	6 sÃ¡u sá»‘_6 captain_hicks dÃ n hexad ná»­a_tÃ¡ saÍu_ngÆ°Æ¡Í€i sextuplet sise
bn:00023302n	phÃ²ng_xá»­_Ã¡n tÃ²a_Ã¡n
bn:00068424n	hÃ ng
bn:00076677n	lá»i_khai lÃ m_chá»©ng
bn:00025872n	luáº­t_sÆ°_biá»‡n_há»™ phÃ²ng_thá»§_Ä‘á»™i
bn:00054523n	tin_nháº¯n thÃ´ng_cÃ¡o
bn:00078198n	phiÃªn_tÃ²a thá»­_nghiá»‡m vá»¥_Ã¡n_hÃ¬nh_sá»± Ä‘Ã£_cá»‘_gáº¯ng
bn:00006469n	hiáº¿p_dÃ¢m cÆ°á»¡ng_hiáº¿p hÃ£m_hiáº¿p cÆ°á»¡ng_dÃ¢m xÃ¢m_háº¡i_tÃ¬nh_dá»¥c rape hiáº¿p tÃªn_hiáº¿p_dÃ¢m_ná»‘i_tiáº¿p
bn:00018345n	vá»‹_thÃ nh_niÃªn tráº»_em con_nÃ­t thiáº¿u_nhi tráº»_con cáº§u_thá»§_tráº» nhoÌ‰ tiddler tráº» tuá»•i_vá»‹_thÃ nh_niÃªn Ä‘á»©a_tráº»
bn:00009472n	giÆ°á»ng sÃ ng_tiá»n
bn:00044994n	nhÃ  nhÃ _á»Ÿ nhÃ _cÆ° ngÃ´i_nhÃ  ngÃ´i_nhÃ _á»Ÿ nhÃ _cá»­a sá»‘_nhÃ  trÃºc_trong_nÆ°á»›c
bn:00034004n	thÃ nh_viÃªn Ä‘á»“ng_thÃ nh_viÃªn
bn:00032892n	há»™_gia_Ä‘Ã¬nh gia_há»™ há»™ gia_Ä‘Ã¬nh menage
bn:00048488n	tháº©m_phÃ¡n chÃ¡nh_Ã¡n quan_tÃ²a chá»§_toáº¡_phiÃªn_toÃ  iudex tÆ°_phÃ¡p
bn:00046148n	
bn:00048658n	bá»“i_tháº©m_Ä‘oÃ n jury_system nhÃ³m_bá»“i_tháº©m ban cÃ¡c_thÃ nh_viÃªn_bá»“i_tháº©m_Ä‘oÃ n thÃ nh_viÃªn_ban_há»™i_tháº©m
bn:00007051n	luáº­t_sÆ° tráº¡ng_sÆ° tháº§y_kiá»‡n lawyer luáº­t_gia cá»‘_váº¥n_phÃ¡p_lÃ½ luÃ¢Ì£t_sÆ° luáº­t_sÆ°_bÃ o_chá»¯a luáº­t_sÆ°_thá»­_nghiá»‡m
bn:00023301n	toÃ _Ã¡n tÃ²a_Ã¡n
bn:00034444n	
bn:00005600n	Ä‘á»‘i_sá»‘
bn:00023362n	bÃ¡o_cÃ¡o phÃ³ng_sá»± sÆ°Ì£_baÍo_caÍo
bn:00057562n	phÃ³ng_viÃªn kÃ½_giáº£ nhÃ _bÃ¡o ngÆ°Æ¡Í€i_baÍn_baÍo thanh_viÃªn_tin_tá»©c
bn:00030627n	sá»­_dá»¥ng
bn:00016140n	
bn:00003263n	khÃ´ng_khÃ­
bn:00026622n	chi_tiáº¿t Ä‘iá»ƒm
bn:00060907n	Ä‘am_mÃª niá»m_Ä‘am_mÃª ná»“ng_niá»‡t
bn:00019404n	má»‡nh_Ä‘á» yÃªu_cáº§u_bá»“i_thÆ°á»ng Ä‘á»_xuáº¥t Ä‘á»_xuáº¥t_há»£p_lÃ½
bn:00064192n	maÌ£ng_liÌ£nh
bn:00025170n	nguy_hiá»ƒm
bn:00046310n	
bn:00046516n	cÃ¡_nhÃ¢n ngÆ°á»i nhÃ¢n_vá»‹ person con_ngÆ°á»i nhÃ¢n_váº­t ai_Ä‘Ã³ cháº¿t má»™t_ai_Ä‘Ã³
bn:00067807n	quyá»n_lá»£i quyá»n
bn:00025890n	luáº­t_sÆ°_biá»‡n_há»™ luáº­t_sÆ°_bÃ o_chá»¯a luáº­t_sÆ°_bÃ o_chá»¯a_hÃ¬nh_sá»± luáº­t_sÆ°_hÃ¬nh_sá»±
bn:00078207n	thá»­_nghiá»‡m_tháº©m_phÃ¡n
bn:00064914n	tá»‰nh bang tiá»ƒu_bang tá»‰nh_bang Ä‘áº¡o_thá»«a_tuyÃªn nhÃ _nÆ°á»›c provincia
bn:00075262n	toÃ _Ã¡n_cáº¥p_trÃªn tÃ²a_Ã¡n_cáº¥p_trÃªn
bn:00059171n	cáº§m_quyá»n
bn:00048459n	truyá»n_thÃ´ng_tin_tá»©c bÃ¡o_chÃ­ phÆ°Æ¡ng_tiá»‡n_truyá»n_thÃ´ng tin_tá»©c_truyá»n_thÃ´ng
bn:00032047n	báº±ng_chá»©ng chá»©ng_cá»› luáº­t_phÃ¡p_cá»§a_báº±ng_chá»©ng
bn:00050106n	trÄƒng_trá»‘i
bn:00050107n	
bn:00005022n	tÃ²a_Ã¡n_thÆ°á»£ng_tá»‘ toÃ _Ã¡n_thÆ°á»£ng_tá»‘ tÃ²a_phÃºc_tháº©m khÃ¡ng_cÃ¡o_tÃ²a_Ã¡n phÃºc_tháº©m_tÃ²a_Ã¡n tÃ²a_Ã¡n_phÃºc_tháº©m
bn:00016403n	vá»¥_kiá»‡n causa há»‡_thá»‘ng_nguyÃªn_nhÃ¢n kiá»‡n kiá»‡n_dÃ¢n_sá»± nguyÃªn_nhÃ¢n phÃ¹_há»£p_vá»›i_phÃ¡p_luáº­t quan_há»‡_nhÃ¢n_quáº£ tranh_cháº¥p_phÃ¡p_lÃ½ trÆ°á»›c_khi_xÃ©t_xá»­ trÆ°á»ng_há»£p trÆ°á»ng_há»£p_phÃ¡p_luáº­t trÆ°á»ng_há»£p_tÃ²a_Ã¡n tÃ²a_Ã¡n_dÃ¢n_sá»± vá»¥_Ã¡n_dÃ¢n_sá»± Ä‘Æ°Æ¡ng_sá»±
bn:00015226n	cÃ´ng_báº±ng_Ä‘áº§u_Ã³c
bn:00075359n	tÃ²a_Ã¡n_tá»‘i_cao_hoa_ká»³ tá»‘i_cao_phÃ¡p_viá»‡n_hoa_ká»³ tÃ²a_Ã¡n_tá»‘i_cao tá»‘i_cao_phÃ¡p_viá»‡n tÃ²a_Ã¡n_tá»‘i_cao_cá»§a_má»¹_quá»‘c tá»‘i_cao_phÃ¡p_viá»‡n_cá»§a_má»¹_quá»‘c toÃ _Ã¡n_tá»‘i_cao_cá»§a_má»¹_quá»‘c toÃ _Ã¡n_tá»‘i_cao_má»¹_quá»‘c tÃ²a_Ã¡n_tá»‘i_cao_má»¹_quá»‘c tá»‘i_cao_phÃ¡p_viá»‡n_má»¹_quá»‘c toÃ _Ã¡n_tá»‘i_cao_hoa_ká»³ tÃ²a_Ã¡n_tá»‘i_cao_cá»§a_hoa_ká»³ toÃ _Ã¡n_tá»‘i_cao_cá»§a_hoa_ká»³ toÃ _Ã¡n_tá»‘i_cao_cá»§a_má»¹ toÃ _Ã¡n_tá»‘i_cao_cá»§a_nÆ°á»›c_má»¹ toÃ _Ã¡n_tá»‘i_cao_má»¹ toÃ _Ã¡n_tá»‘i_cao_nÆ°á»›c_má»¹ tÃ²a_Ã¡n_tá»‘i_cao_cá»§a_má»¹ tÃ²a_Ã¡n_tá»‘i_cao_cá»§a_nÆ°á»›c_má»¹ tÃ²a_Ã¡n_tá»‘i_cao_nÆ°á»›c_má»¹ tá»‘i_cao_phÃ¡p_viá»‡n_cá»§a_hoa_ká»³ tá»‘i_cao_phÃ¡p_viá»‡n_cá»§a_má»¹ tá»‘i_cao_phÃ¡p_viá»‡n_cá»§a_nÆ°á»›c_má»¹ tá»‘i_cao_phÃ¡p_viá»‡n_má»¹ scotus tÃ²a_Ã¡n_tá»‘i_cao_má»¹ toÃ _Ã¡n_tá»‘i_cao_hoa_kÃ¬ tÃ²a_Ã¡n_tá»‘i_cao_hoa_kÃ¬ tá»‘i_cao_phÃ¡p_viá»‡n_hoa_kÃ¬ ussc tÃ²a_Ã¡n_tá»‘i_cao_thuá»™c_hoa_ká»³
bn:00021628n	káº¿t_Ã¡n tuyÃªn_Ã¡n cÃ¢u bá»‹_káº¿t_Ã¡n niá»m_tin phÃ¡n_quyáº¿t_cá»§a_niá»m_tin
bn:00019742n	cleveland clivÆ¡len cleaveland cleaveland,_ohio cleveland,_oh cleveland,_ohio clivÆ¡len,_Ã´haiÃ´
bn:00059674n	náº¯n_xÆ°Æ¡ng osteopathist
bn:00032175n	giáº¿t_ngÆ°á»i sÃ¡t_nhÃ¢n mÆ°u_sÃ¡t giáº¿t giáº¿t_ngÆ°á»i_cáº¥p_Ä‘á»™ giáº¿t_ngÆ°á»i_cáº¥p_Ä‘á»™_Ä‘áº§u_tiÃªn giáº¿t_ngÆ°á»i_má»©c_Ä‘á»™_thá»©_hai giáº¿t_ngÆ°á»i_má»©c_Ä‘á»™_Ä‘áº§u_tiÃªn vá»¥_giáº¿t_ngÆ°á»i
bn:00053531n	vá»£ ngÆ°á»i_vá»£ thiáº¿p vÆ¡Ì£ vá»£_chá»“ng_ngÆ°á»i_phá»¥_ná»¯
bn:00021584n	káº¿t_luáº­n quyáº¿t_Ä‘á»‹nh
bn:00023807n	tá»™i_pháº¡m tá»™i_Ã¡c ngÆ°á»i_vi_pháº¡m_luáº­t cÃ¡c_hoáº¡t_Ä‘á»™ng_báº¥t_há»£p_phÃ¡p hoáº¡t_Ä‘á»™ng_báº¥t_há»£p_phÃ¡p hoáº¡t_Ä‘á»™ng_tá»™i_pháº¡m hÃ nh_vi_pháº¡m_tá»™i hÃ nh_vi_tá»™i_pháº¡m hÃ¬nh_sá»±_hÃ nh_vi_pháº¡m_tá»™i tá»™i_pháº¡m_hÃ¬nh_sá»± vi_pháº¡m_phÃ¡p_luáº­t
bn:00046926n	
bn:00076429n	chÆ°Æ¡ng_trÃ¬nh_truyá»n_hÃ¬nh xáº¿p_lá»‹ch_truyá»n_hÃ¬nh chÆ°Æ¡ng_trÃ¬nh_tv chÆ°Æ¡ng_trÃ¬nh_giáº£i_trÃ­ mÃ¹a mÃ¹a_truyá»n_hÃ¬nh show_truyá»n_hÃ¬nh sáº£n_xuáº¥t_truyá»n_hÃ¬nh tv_show
bn:00034471n	phim Ä‘iá»‡n_áº£nh phim_áº£nh chiáº¿u_bÃ³ng mÃ n_áº£nh_Ä‘áº¡i_vÄ©_tuyáº¿n nghá»‡_thuáº­t_thá»©_báº£y nghá»‡_thuáº­t_thá»©_báº©y phim_mÃ u xi-nÃª xi-nÃª-ma xi_nÃª xi_nÃª_ma xinÃª xinÃªma Ã¡nh_há»a Ä‘áº¡i_vÄ©_tuyáº¿n di_chuyá»ƒn_hÃ¬nh_áº£nh hÃ¬nh_áº£nh_chuyá»ƒn_Ä‘á»™ng buÃ´Ì‰i_triÍ€nh_diÃªÌ‰n_tranh_aÌ‰nh bá»™_phim_sÃ¢n_kháº¥u chuyá»ƒn_Ä‘á»™ng_hÃ¬nh_áº£nh_hiá»ƒn_thá»‹ di_chuyá»ƒn,_hÃ¬nh_áº£nh_hiá»ƒn_thá»‹ dÆ¡Í€i_tÃ¢Ím_hiÍ€nh_Ä‘i_chÃ´Ì‰_khaÍc hÃ¬nh_áº£nh_chuyá»ƒn_Ä‘á»™ng_lá»›n mÃ n_hÃ¬nh_lá»›n
bn:00042601n	ná»­a 1/2 má»™t_ná»­a 1_ná»­a má»™t_pháº§n_hai
bn:00017234n	tháº¿_ká»‰ tháº¿_ká»· ká»·
bn:00033729n	cháº¿_Ä‘á»™ cÃ¡ch phong_cÃ¡ch
bn:00016851n	gÃ¢y_ra nguyÃªn_nhÃ¢n
bn:00016013n	quan_tÃ¢m
bn:00064601n	giÃ¡o_sÆ° phÃ³_giÃ¡o_sÆ° gs pgs extraordinarius_giÃ¡o_sÆ° gháº¿ gháº¿_cÃ¡_nhÃ¢n giÃ¡o_sÆ°_bÃ¬nh_thÆ°á»ng giÃ¡o_sÆ°_danh_dá»± giÃ¡o_sÆ°_extraordinarius giÃ¡o_sÆ°_phi_thÆ°á»ng giÃ¡o_sÆ°_Ä‘áº¡i_há»c prof sÆ°_Ä‘áº§y_Ä‘á»§ trá»£_lÃ½_giÃ¡o_sÆ°
bn:00021904n	connecticut tiá»ƒu_bang_connecticut hiáº¿n_phÃ¡p_nhÃ _nÆ°á»›c háº¡t_nhá»¥c_Ä‘áº­u_kháº¥u_nhÃ _nÆ°á»›c
bn:00015656n	tá»­_hÃ¬nh Ã¡n_tá»­_hÃ¬nh hÃ nh_quyáº¿t xá»­_cháº¿t xá»­_tá»­ Ã¡n_tá»­ thá»±c_hiá»‡n hÃ nh_vi_pháº¡m_tá»™i_vá»‘n thá»±c_hiá»‡n_tÆ°_phÃ¡p
bn:00067181n	bÃ¡o_cÃ¡o báº£n_bÃ¡o_cÃ¡o
bn:00045800n	Ã½_tÆ°á»Ÿng nghÄ©
bn:00021221n	giao_tiáº¿p truyá»n_thÃ´ng liÃªn_láº¡c thÃ´ng_tin_liÃªn_láº¡c truyá»n_tin ká»¹_nÄƒng_giao_tiáº¿p thÃ´ng_tin_nháº§m_láº«n truyá»n_thÃ´ng_sai_lá»‡ch truyá»n_thÃ´ng_xÃ£_há»™i
bn:00048657n	hÃ´Ì£i_thÃ¢Ì‰m jurywoman viÃªn_hÃ´Ì£i_thÃ¢Ì‰m
bn:00066343n	pháº£n_á»©ng
bn:00032381n	bá»©c_áº£nh áº£nh hÃ¬nh táº¥m_hÃ¬nh hÃ¬nh_áº£nh
bn:00079940n	náº¡n_nhÃ¢n
bn:00025364n	con_gÃ¡i
bn:00064806n	cÃ´ng_tá»‘_viÃªn truy_tá»‘_luáº­t_sÆ° bá»‹_truy_tá»‘ truy_tá»‘ truy_tá»‘_viÃªn_chá»©c
bn:00034552n	báº£n_Ã¡n phÃ¡n_quyáº¿t tÃ¬m_kiáº¿m_cá»§a_thá»±c_táº¿
bn:00021961n	káº¿t_quáº£ háº­u_quáº£ quáº£ kÃªÍt_quaÌ‰
bn:00047077n	
bn:00017559n	
bn:00030113n	báº§u_cá»­ tuyá»ƒn_cá»­ sá»±_báº§u_cá»­ tranh_cá»­ chÃ­nh_trá»‹_báº§u_cá»­ phiáº¿u_phá»•_thÃ´ng quÃ¡_trÃ¬nh_báº§u_cá»­ tÃ¡i_tranh_cá»­ Ä‘Æ°á»£c_báº§u_dÃ¢n_chá»§ Ä‘áº¯c_cá»­
bn:00015050n	chiáº¿n_dá»‹ch_chÃ­nh_trá»‹ chiáº¿n_dá»‹ch_báº§u_cá»­ chiáº¿n_dá»‹ch_tranh_cá»­ váº­n_Ä‘á»™ng_chÃ­nh_trá»‹
bn:00015056n	váº­n_Ä‘á»™ng á»©ng_cá»­_viÃªn
bn:00070459n	thÆ°á»£ng_viá»‡n_hoa_ká»³ thÆ°á»£ng_nghá»‹_sÄ©_hoa_ká»³ thÆ°á»£ng_nghá»‹_viá»‡n_hoa_ká»³ thÆ°á»£ng_nghá»‹_viá»‡n_hoa_kÃ¬ thÆ°á»£ng_viá»‡n_má»¹ thÆ°á»£ng_viá»‡n_quá»‘c_há»™i_hoa_ká»³ thÆ°á»£ng_nghá»‹_sá»¹_hoa_kÃ¬ thÆ°á»£ng_nghá»‹_sá»¹_hoa_ká»³ hoa_ká»³ hoa_ká»³_thÆ°á»£ng_nghá»‹_sÄ© thÆ°á»£ng_nghá»‹_sÄ©_má»¹
bn:00030581n	cáº£m_xÃºc cáº£m_xÃºc_con_ngÆ°á»i cáº£m_xÃºc_tiÃªu_cá»±c xÃºc_cáº£m xÃºc_Ä‘á»™ng
bn:00021278n	
bn:00015008n	mÃ¡y_áº£nh mÃ¡y_áº£nh_tÄ©nh mÃ¡y_chá»¥p_hÃ¬nh mÃ¡y_chá»¥p_hÃ¬nh_tÄ©nh camera flash_mÃ¡y_áº£nh chá»¥p_áº£nh_camera
bn:00023326n	toÃ _Ã¡n
bn:00057481n	new_haven,_connecticut new_haven new_haven,_ct
bn:00047238n	phá»ng_váº¥n
bn:00048461n	nhÃ _bÃ¡o phÃ³ng_viÃªn kÃ­_giáº£ kÃ½_giáº£ phÃ³ng_viÃªn_tin_tá»©c phÃ³ng_viÃªn_truyá»n_hÃ¬nh phÃ³ng_viÃªn_tá»_bÃ¡o
bn:00061746n	vá»‹_trÃ­ Ä‘iá»ƒm
bn:00017651n	thay_Ä‘á»•i
bn:00001267n	thÃ­ch_nghi thÃ­ch_á»©ng
bn:00066933n	quy_táº¯c
bn:00006759n	thá»ƒ_thao sá»±_kiá»‡n_thá»ƒ_thao mÃ´n_thá»ƒ_thao sports_video_game tá»•_chá»©c_thá»ƒ_thao thao Ä‘iá»n_kinh
bn:00036292n	gian_láº­n káº»_gian_láº­n lá»«a_gáº¡t phÃ¡t_hiá»‡n_gian_láº­n phÃ²ng_chá»‘ng_gian_láº­n
bn:00048655n	phÃ¡p_luáº­t luáº­t_phÃ¡p phÃ¡p_lÃ½ phÃ¡p_lÃ­ cuá»™c_chiáº¿n_phÃ¡p_lÃ½ láº­p_phÃ¡p
bn:00033750n	má»™t_nhanh
bn:00045199n	wit witticism dÃ­_dá»m hÃ i_hÆ°á»›c Ä‘á»‘i_Ä‘Ã¡p
bn:00081224n	Ã½_chÃ­
bn:00030015n	trá»¥c_xuáº¥t
bn:00046794n	má»±c má»±c_tÃ u má»±c_nho má»±c_táº§u ink má»±c_khÃ´ng_thá»ƒ_xÃ³a_nhÃ²a
bn:00009654n	hÃ nh_vi sÆ°Ì£_laÍ€m_viÃªÌ£c
bn:14866890n	
bn:00015917n	
bn:00021722n	há»™i_nghá»‹_thá»ƒ_thao liÃªn_Ä‘oÃ n_thá»ƒ_thao liÃªn_Ä‘oÃ n giáº£i_Ä‘áº¥u giáº£i_Ä‘áº¥u_thá»ƒ_thao há»™i_nghá»‹
bn:00061898n	giai_Ä‘oáº¡n Ä‘oáº¡n
bn:00021015n	á»§y_ban uá»·_ban ban_chá»‰_Ä‘áº¡o ispolkom á»§y_ban_há»™i_nghá»‹ á»§y_ban_quá»‘c_há»™i á»§y_ban_thÆ°á»ng_trá»±c á»§y_ban_thÆ°á»ng_vá»¥ á»§y_ban_Ä‘iá»u_hÃ nh
bn:00022845n	
bn:00077924n	huáº¥n_luyá»‡n_viÃªn
bn:00046294n	
bn:00019219n	bá»‘i_cáº£nh hoÃ n_cáº£nh
bn:00061054n	mÃ´_hÃ¬nh thá»±c_hÃ nh
bn:00081622n	tháº¿_giá»›i
bn:00035704n	bÃ³ng_Ä‘Ã¡ football game_bÃ³ng_Ä‘Ã¡
bn:00031735n	ethos tÃ¢Ì£p_quaÍn Ä‘áº·c_tÃ­nh
bn:00021395n	pháº§n thÃ nh_pháº§n thÃ nh_pháº§n_pháº§n thÃ nh_pháº§n_vector tá»•ng_vector vector vector_euclid
bn:00005601n	tranh_luáº­n tranh_biá»‡n bÃ¬nh_luáº­n tháº£o_luáº­n tranh_cÃ£i bÃ i_phÃ¡t_biá»ƒu_vÃ _tranh_luáº­n cuá»™c_tranh_luáº­n cuá»™c_tranh_luáº­n_chÃ­nh_trá»‹ lÃ½_thuyáº¿t_láº­p_luáº­n nhÃ³m_tranh_luáº­n tháº£o_luáº­n_vá» xÃ£_há»™i_tranh_luáº­n
bn:00059480n	tá»•_chá»©c viá»‡c_tá»•_chá»©c thÃ nh_láº­p
bn:00004527n	thÃ¡nh_ca bÃ i_thÃ¡nh_ca thÃ¡nh_ca_cÆ¡_Ä‘á»‘c thÃ¡nh_khÃºc thÃ¡nh_nháº¡c ca_haÍt hymnist hymnodist hymnographer hymnwriter
bn:00041354n	magnanimousness nobleness
bn:00044654n	danh_dá»±
bn:00001077n	hoáº¡t_Ä‘á»™ng_cá»§a_con_ngÆ°á»i hÃ nh_Ä‘á»™ng hÃ nh_Ä‘á»™ng_cho_nhÃ¢n praxeology
bn:00028614n	
bn:00044269n	lá»‹ch_sá»­
bn:00076339n	
bn:00078798n	loáº¡i
bn:00064077n	má»‡nh_lá»‡nh lá»‡nh giá»›i
bn:00059436n	cháº¿_Ä‘á»™ Ä‘iá»u_lá»‡ quy_Ä‘á»‹nh quy_Ä‘á»‹nh_cá»§a_chÃ­nh_phá»§
bn:00047690n	váº¥n_Ä‘á»
bn:00025080n	thiá»‡t_háº¡i
bn:00033960n	cáº£m_giÃ¡c tinh_tháº§n Ä‘iá»‡u
bn:00001561n	
bn:00047017n	lÃ²ng_chÃ­nh_trá»±c chÃ­nh_trá»±c tÃ­nh_toÃ n_váº¹n
bn:00006383n	
bn:00050275n	ngÆ°Æ¡Í€i_vi_phaÌ£m_luÃ¢Ì£t phÃ¡p_luáº­t_ngÆ°á»i_vi_pháº¡m
bn:00076925n	Ä‘iá»u thá»© váº­t
bn:00022078n	gian_láº­n_xÃ¢y_dá»±ng phÃ¡p_lÃ½_gian_láº­n xÃ¢y_dá»±ng_gian_láº­n
bn:00046721n	vi_pháº¡m khing_tÃ´Ì£i khinh_tá»™i niá»m_tin_tÃ³m_táº¯t sÆ°Ì£_vi_phaÌ£m tá»™i_nháº¹ vi_pháº¡m_báº±ng_sÃ¡ng_cháº¿
bn:00061325n	hÃ¬nh_pháº¡t sá»±_pháº¡t trá»«ng_trá»‹ trá»«ng_pháº¡t hÃ¬nh_pháº¡t_sá»± há»‡_thá»‘ng_hÃ¬nh_sá»± penalisation penalization pháº¡t
bn:00021348n	
bn:00009905n	lá»£i_Ã­ch
bn:00069579n	chiáº¿n_lÆ°á»£c chiáº¿n_lÆ°á»£c_lÃ _gÃ¬?
bn:00020039n	phÆ°á»ng_há»™i cÃ¢u_láº¡c_bá»™_xÃ£_há»™i guild cÃ¢u_láº¡c_bá»™ cÃ¢u_láº¡c_bá»™_tÆ°_nhÃ¢n guild_thÆ°Æ¡ng_gia guild_thÆ°Æ¡ng_máº¡i guild_thá»§_cÃ´ng há»‡_thá»‘ng_guild maÌ£ phÆ°á»ng_há»™i_thá»§_cÃ´ng thÆ°Æ¡ng_gia_guild xÃ£_há»™i_cÃ¢u_láº¡c_bá»™
bn:00017615n	chá»©c_vÃ´_Ä‘á»‹ch
bn:00046391n	báº¥t_Ä‘á»‹nh indefiniteness indefinity indeterminateness
bn:00003125n	thay_Ä‘á»•i
bn:00000674n	
bn:00024727n	
bn:00075455n	táº¡m_thá»i_loáº¡i_bá»
bn:00000772n	accruement dá»“n_tÃ­ch
bn:00051035n	thay thay_vÃ¬
bn:00024724n	
bn:00006559n	giáº£_Ä‘á»‹nh
bn:00005092n	á»©ng_dá»¥ng á»©ng_dá»¥ng_thá»±c_tiá»…n
bn:00012212n	biÃªn_giá»›i biÃªn_giá»›i_quá»‘c_gia biÃªn_giá»›i_quá»‘c_táº¿ borders cÃ¡c_Ä‘Æ°á»ng_biÃªn_giá»›i phÃ¢n_Ä‘á»‹nh phÃ¢n_Ä‘á»‹nh_ranh_giá»›i qua_biÃªn_giá»›i viá»‡c_khu_vá»±c_báº§u_cá»­ Ä‘iÌ£nh_giÆ¡Íi Ä‘o Ä‘Æ°á»ng_biÃªn_giá»›i
bn:00048587n	dá»‹p
bn:00005599n	tranh_cÃ£i disceptation gÃ¢y_tranh_cÃ£i khÃ´ng_cÃ´ng_nhÃ¢Ì£n Ä‘á»‘i_sá»‘
bn:00032661n	tá»‘
bn:00078024n	chuyá»ƒn truyá»n
bn:00027363n	chá»‰_thá»‹
bn:00013701n	vi_khuáº©n vi_truÍ€ng
bn:00063739n	kháº£_nÄƒng possibleness
bn:00027530n	khÃ¡m_phÃ¡
bn:00007854n	vi_khuáº©n bacteria bacterium
bn:00005917n	asen arsenic as arsen tháº¡ch_tÃ­n nguyÃªn_tá»­_sá»‘_33 nhÆ°
bn:00035649n	cháº¥t_dinh_dÆ°á»¡ng dÆ°á»¡ng_cháº¥t vi_cháº¥t_dinh_dÆ°á»¡ng macronutrient thá»±c_pháº©m
bn:00035911n	cepa chá»§ng hÃ¬nh_thá»©c var var.
bn:00047356n	nhÃ _nghiÃªn_cá»©u nghiÃªn_cá»©u_cÃ´ng_nhÃ¢n
bn:00051054n	sá»±_sá»‘ng cuá»™c_sá»‘ng cuá»™c_Ä‘á»i cÃ¡c_biá»ƒu_hiá»‡n_cá»§a_sá»±_sá»‘ng sinh_máº¡ng sinh_má»‡nh sá»‘ng
bn:00018105n	nguyÃªn_tá»‘_hÃ³a_há»c nguyÃªn_tá»‘ nguyÃªn_tá»‘_hoÃ¡_há»c lá»‹ch_sá»­_phÃ¡t_hiá»‡n_cÃ¡c_nguyÃªn_tá»‘_hÃ³a_há»c nguyÃªn_tá»‘_phÃ³ng_xáº¡
bn:00009677n	sinh_váº­t há»¯u_thá»ƒ cÆ¡_thá»ƒ_sá»‘ng loÃ i_váº­t sinh_váº­t_sá»‘ng
bn:00015410n	
bn:00006845n	phá»‘tpho photpho phosphor phá»‘t_pho p lÃ¢n_tinh phospho phosphorus phÃ´t-pho phá»‘t-pho sá»‘_nguyÃªn_tá»­_15
bn:00029770n	
bn:00048453n	táº­p_san nháº­t_bÃ¡o nháº­t_trÃ¬nh journal táº¡p_chÃ­
bn:00006890n	cacbon carbon cÃ¡cbon c cac-bon cÃ¡c-bon cÃ¡c_bon than nguyÃªn_tá»­_carbon sá»‘_nguyÃªn_tá»­_6
bn:00006823n	hydro hiÄ‘rÃ´ khinh_khÃ­ hi-Ä‘rÃ´ hy-Ä‘rÃ´ hyÄ‘rÃ´ khÃ­_hydro h hidro hiÄ‘ro hydrogen hydrÃ´ hyÄ‘ro khÃ­_hydrogen dihydrogen nguyÃªn_tá»­_sá»‘_1 phÃ¢n_tá»­_hydro tá»­_hydro
bn:00006901n	nitÆ¡ Ä‘áº¡m_khÃ­ n ni-tÆ¡ ni_tÆ¡ nitro nitrogen nitrÃ´ khÃ­_nitÆ¡ nguyÃªn_tá»­_sá»‘_7 Ä‘initÆ¡ Ä‘áº¡m
bn:00006912n	oxy dÆ°á»¡ng_khÃ­ Ã´xy Ã´-xy Ã´xi o khÃ­_oxy o2 oxi oxygen Ã´-xi Ã´_xi Ã´_xy Ã´xy_phÃ¢n_tá»­ sá»‘_nguyÃªn_tá»­_8
bn:00006846n	lÆ°u_huá»³nh s sulfur lÆ°u_huá»³nh_báº£n_Ä‘á»‹a sulfuric sá»‘_nguyÃªn_tá»­_16
bn:00014403n	california ca_li ca-li-pho-ni-a ca-li-phoÃ³c-ni-a ca-li califonia thÃ nh_phá»‘ tiá»ƒu_bang_california us-ca calif. golden_state
bn:00012940n	
bn:00045243n	tÃ¬m_kiáº¿m
bn:00007985n	chá»§_Ä‘á» liÃªn_ngÃ nh lÄ©nh_vá»±c lÄ©nh_vá»±c_chá»§_Ä‘á» lÄ©nh_vá»±c_nghiÃªn_cá»©u ngÃ nh_há»c tiÃªu_Ä‘á»_lÄ©nh_vá»±c
bn:00004352n	cÃ´ng_bá»‘ hoÃ ng_gia_cÃ´ng_bá»‘ lá»i_tuyÃªn_bá»‘
bn:00021869n	giáº£_thuyáº¿t phá»ng_Ä‘oÃ¡n Æ°á»›c_Ä‘oÃ¡n
bn:00024712n	internet khÃ´ng_gian_máº¡ng máº¡ng há»‡_thá»‘ng máº¡ng_lÆ°á»›i in-tÆ¡-nÃ©t liÃªn_máº¡ng máº¡ng_toÃ n_cáº§u máº¡ng_internet cyber_space cyberspace há»‡_thá»‘ng_liÃªn_máº¡ng in-tá»-náº¹t khÃ´ng_gian_áº£o máº¡ng_káº¿t_ná»‘i_toÃ n_cáº§u sá»±_hÃ¬nh_thÃ nh_vÃ _phÃ¡t_triá»ƒn_cá»§a_internet
bn:00027529n	khÃ¡m_phÃ¡ phÃ¡t_minh phÃ¡t_hiá»‡n khÃ¡m_phÃ¡_khoa_há»c trÃ´ng_tháº¥y
bn:00031074n	mÃ´i_trÆ°á»ng
bn:00010518n	hÃ³a_sinh hoÃ¡_sinh_há»c hÃ³a_sinh_há»c sinh_hoÃ¡_há»c hoÃ¡_sinh sinh_hÃ³a sinh_hoÃ¡ hÃ³a_há»c_sinh_lÃ½ sinh_vÃ¢Ì£t_hoÍa_hoÌ£c
bn:00070696n	táº­p_há»£p
bn:00059768n	khÃ´ng_gian_ngoÃ i_thiÃªn_thá»ƒ khÃ´ng_gian_liÃªn_sao khÃ´ng_gian_bÃªn_ngoÃ i khÃ´ng_gian_cislunar mÃ´i_trÆ°á»ng_giá»¯a_cÃ¡c_thiÃªn_hÃ 
bn:00069670n	khoa_há»c khoa_há»c_thuáº§n_tÃºy ngÃ nh_khoa_há»c khoa_há»c_chÃ­nh_thá»‘ng khoa_há»c_ká»·_luáº­t khoa_há»c_thá»±c_nghiá»‡m
bn:00059087n	bachelor_of_art_in_film_,_the_open_university,_uk open_university Ä‘áº¡i_há»c_má»Ÿ trÆ°á»ng_Ä‘áº¡i_há»c_má»Ÿ
bn:00013173n	vÆ°Æ¡ng_quá»‘c_liÃªn_hiá»‡p_anh_vÃ _báº¯c_ireland vÆ°Æ¡ng_quá»‘c_anh vÆ°Æ¡ng_quá»‘c_liÃªn_hiá»‡p_anh_vÃ _báº¯c_ai-len anh_quá»‘c uk united_kingdom vÆ°Æ¡ng_quá»‘c_liÃªn_hiá»‡p vÆ°Æ¡ng_quá»‘c_liÃªn_hiá»‡p_anh vÆ°Æ¡ng_quá»‘c_liÃªn_hiá»‡p_anh_vÃ _báº¯c_ai_len great_britain liÃªn_hiá»‡p_vÆ°Æ¡ng_quá»‘c liÃªn_hiá»‡p_vÆ°Æ¡ng_quá»‘c_anh liÃªn_hiá»‡p_vÆ°Æ¡ng_quá»‘c_anh_vÃ _báº¯c_ai-len liÃªn_hiá»‡p_vÆ°Æ¡ng_quá»‘c_anh_vÃ _báº¯c_ireland vÆ°Æ¡ng_quá»‘c_anh_vÃ _báº¯c_ireland vÆ°Æ¡ng_quá»‘c_anh_vÃ _báº¯c_Ã¡i_nhÄ©_lan vÆ°Æ¡ng_quá»‘c_anh_vÃ _ireland vÆ°Æ¡ng_quá»‘c_liÃªn_hiá»‡p_anh_vÃ _báº¯c_ailen vÆ°Æ¡ng_quá»‘c_liÃªn_hiá»‡p_anh_vÃ _báº¯c_Ã¡i_nhÄ©_lan vÆ°Æ¡ng_quá»‘c_liÃªn_hiá»‡p_Ä‘áº¡i_anh_vÃ _báº¯c_ireland anh vÆ°Æ¡ng_quá»‘c_anh. vÆ°Æ¡ng_quá»‘c_anh_vÆ°Æ¡ng_quá»‘c_anh_vÃ _báº¯c_ai-len
bn:00067280n	nghiÃªn_cá»©u kháº£o_cá»©u nghiÃªn_cá»©u_gia nghiÃªn_cá»©u_sinh nghiÃªn_cá»©u_ban_Ä‘áº§u phÆ°Æ¡ng_phÃ¡p_nghiÃªn_cá»©u
bn:00062309n	cÃ´ng_viá»‡c pháº§n_cá»§a_cÃ´ng_viá»‡c
bn:00061666n	
bn:00074759n	cáº¥u_trÃºc
bn:00056879n	nasa cÆ¡_quan_hÃ ng_khÃ´ng_vÃ _vÅ©_trá»¥_hoa_ká»³ cÆ¡_quan_hÃ ng_khÃ´ng_vÅ©_trá»¥_hoa_ká»³ cá»¥c_quáº£n_trá»‹_hÃ ng_khÃ´ng_vÃ _khÃ´ng_gian_quá»‘c_gia cá»¥c_quáº£n_trá»‹_hÃ ng_khÃ´ng_vÃ _khÃ´ng_gian_quá»‘c_gia_hoa_ká»³ cÆ¡_quan_hÃ ng_khÃ´ng_vÅ©_trá»¥_má»¹ cÆ¡_quan_hÃ ng_khÃ´ng_vÃ _khÃ´ng_gian_hoa_ká»³ cÆ¡_quan_hÃ ng_khÃ´ng_vÃ _khÃ´ng_gian_má»¹ cÆ¡_quan_hÃ ng_khÃ´ng_vÃ _vÅ©_trá»¥_má»¹ cÆ¡_quan_khÃ´ng_gian_hoa_ká»³ national_aeronautics_and_space_administration quá»‘c_gia_hÃ ng_khÃ´ng_vÃ _khÃ´ng_gian
bn:00006642n	sinh_há»c_vÅ©_trá»¥ sinh_há»c_thiÃªn_vÄƒn mÃ´n_sinh_há»c_thiÃªn_vÄƒn mÃ´n_sinh_há»c_vÅ©_trá»¥ sinh_há»c_ngoÃ i_trÃ¡i_Ä‘áº¥t sinh_há»c_ngoÃ i_vÅ©_trá»¥ sinh_há»c_ngÆ°á»i_ngoÃ i_hÃ nh_tinh exobiology sinh_váº­t_há»c_vÅ©_trá»¥ khÃ´ng_gian_sinh_há»c nhÃ _sinh_váº­t_há»c_vÅ©_trá»¥
bn:00046952n	viá»‡n há»c_viá»‡n
bn:00074790n	nghiÃªn_cá»©u
bn:00018096n	hÃ³a_cháº¥t cháº¥t_hÃ³a_há»c hoÃ¡_cháº¥t cháº¥t
bn:00009655n	hÃ nh_vi cÃ¡ch_cÆ°_xá»­ hÃ nh_vi_sai_trÃ¡i
bn:00042951n	thÃ´_cÃ´ng_viÃªÌ£c
bn:00052571n	mÃ¡y_mÃ³c mÃ¡y mÃ¡y_mÃ³c_thiáº¿t_bá»‹
bn:00021538n	ná»“ng_Ä‘á»™ ná»“ng_Ä‘á»™_molan ná»“ng_Ä‘á»™_mol táº­p_trung_phÃ¢n_tÃ­ch
bn:00051067n	cuá»™c_sá»‘ng_hÃ¬nh_thá»©c
bn:00062777n	
bn:00055813n	vá»‡_tinh_tá»±_nhiÃªn máº·t_trÄƒng
bn:00006525n	giÃ¡o_sÆ°_táº­p_sá»± gs gsts giÃ¡o_sÆ°_nghiÃªn_cá»©u giÃ¡o_sÆ°_ná»•i_tiáº¿ng phÃ³_giÃ¡o_sÆ° trá»£_lÃ½_giÃ¡o_sÆ°
bn:00054734n	vi_sinh_váº­t_há»c vi_sinh_há»c vi_sinh vi_sinh_váº­t_há»c_á»©ng_dá»¥ng vi_sinh_váº­t vi_truÍ€ng_hoÌ£c
bn:00001965n	cÃ¡ch cÆ¡_quan phÆ°Æ¡ng_tiá»‡n
bn:00026317n	bá»™_nÄƒng_lÆ°á»£ng_hoa_ká»³ bá»™_nÄƒng_lÆ°á»£ng_má»¹ united_states_department_of_energy bá»™_nÄƒng_lÆ°á»£ng
bn:00056932n	viá»‡n_y_táº¿_quá»‘c_gia nih viá»‡n_y_táº¿_quá»‘c_gia_hoa_ká»³ cÃ¡c_viá»‡n_y_táº¿_quá»‘c_gia cÃ¡c_viá»‡n_y_táº¿_quá»‘c_gia_hoa_kÃ¬ cÃ¡c_viá»‡n_y_táº¿_quá»‘c_gia_hoa_ká»³ viá»‡n_y_táº¿_quá»‘c_gia_hoa_kÃ¬
bn:00055504n	modus_operandi
bn:00075331n	há»—_trá»£
bn:00021207n	dÃ¢n_chá»§ cháº¿_Ä‘á»™_dÃ¢n_chá»§ chÃ­nh_phá»§_dÃ¢n_chá»§ hÃ²a má»™t_tháº¿_tá»¥c trÃ¬nh_dÃ¢n_chá»§
bn:00050165n	má»¹_latinh chÃ¢u_má»¹_la_tinh má»¹_la_tinh má»¹_latinh_vÃ _caribe má»¹_latinh_vÃ _quáº§n_Ä‘áº£o_caribbean chÃ¢u_mÄ©_latin chÃ¢u_má»¹-latinh chÃ¢u_má»¹_la_tin chÃ¢u_má»¹_latin chÃ¢u_má»¹_latinh má»¹_chÃ¢u_la_tinh má»¹_latin
bn:00007797n	
bn:00036346n	kinh_táº¿_thá»‹_trÆ°á»ng ná»n_kinh_táº¿_thá»‹_trÆ°á»ng kinh_táº¿_thá»‹_trÆ°á»ng_tá»±_do doanh_nghiá»‡p_tÆ°_nhÃ¢n cÃ´ng_ty_thuá»™c_sá»Ÿ_há»¯u_tÆ°_nhÃ¢n cÃ´ng_ty_tÆ°_nhÃ¢n dá»±a_trÃªn_thá»‹_trÆ°á»ng kinh_táº¿_dá»±a_trÃªn_thá»‹_trÆ°á»ng kinh_táº¿_tiá»n_tá»‡ laissez-faire_ná»n_kinh_táº¿ miá»…n_phÃ­_doanh_nghiá»‡p ná»n_kinh_táº¿_thá»‹_trÆ°á»ng_tá»±_do ná»n_kinh_táº¿_tiá»n_tá»‡ ty_tÆ°_nhÃ¢n tÆ°_nhÃ¢n
bn:00021558n	lo_láº¯ng
bn:00079045n	tháº¥t_nghiá»‡p sá»±_tháº¥t_nghiá»‡p tá»·_lá»‡_tháº¥t_nghiá»‡p thiáº¿u_viá»‡c_lÃ m tá»‰_lá»‡_tháº¥t_nghiá»‡p chÆ°Æ¡ng_trÃ¬nh_cá»©u_trá»£_lÃ m_viá»‡c chÆ°Æ¡ng_trÃ¬nh_táº¡o_viá»‡c_lÃ m táº¡o_viá»‡c_lÃ m
bn:00012786n	brasil ba_tÃ¢y bra-xin brazil bra_xin braxin brazin cá»™ng_hoÃ _liÃªn_bang_brasil cá»™ng_hoÃ _liÃªn_bang_brazil cá»™ng_hÃ²a_liÃªn_bang_brasil cá»™ng_hÃ²a_liÃªn_bang_brazil liÃªn_bang_brasil liÃªn_bang_brazil liÃªn_bang_cá»™ng_hÃ²a_cá»§a_brazil
bn:00066884n	miá»n vÃ¹ng khu_vá»±c khu_vá»±c_hÃ nh_chÃ­nh
bn:00034551n	
bn:00015387n	thÄƒm_dÃ²_Ã½_kiáº¿n cuá»™c_thÄƒm_dÃ²_Ã½_kiáº¿n_cÃ´ng_chÃºng cÃ¡c_cuá»™c_thÄƒm_dÃ²_dÆ°_luáº­n phiáº¿u_láº¥y_Ã½_kiáº¿n phiáº¿u_láº¥y_Ã½_kiáº¿n_cÃ´ng_cá»™ng thÄƒm_dÃ²_Ã½_kiáº¿n_cÃ´ng_chÃºng váº£i_báº¡t Ä‘Ã¡nh_giÃ¡_phÃª_duyá»‡t
bn:00007047n	thÃ¡i_Ä‘á»™ tinh_tháº§n_thÃ¡i_Ä‘á»™
bn:00076918n	Ä‘iá»u
bn:00058593n	thÃ¡ng_mÆ°á»i thÃ¡ng_10 thg10
bn:00019781n	
bn:00070104n	háº¡ng_hai háº¡ng_nhÃ¬
bn:00022028n	lÃ½_thuyáº¿t_á»•n_Ä‘á»‹nh lÃ m_rÃµ lá»c pháº¡t_tiá»n xá»­_pháº¡t á»•n_Ä‘á»‹nh
bn:00072966n	nam_má»¹ chÃ¢u_nam_má»¹ nam_mÄ© nam_má»¹_chÃ¢u south_america
bn:00075812n	báº£ng biá»ƒu báº£ng_káº¿ báº£ng_máº£ng
bn:00032099n	vÃ­_dá»¥ dá»¥
bn:00061757n	peru pÃª-ru cá»™ng_hÃ²a_peru cá»™ng_hoÃ _pÃªru cá»™ng_hÃ²a_pÃªru perÃº pÃªru
bn:00029670n	tÄƒng_trÆ°á»Ÿng_kinh_táº¿ lÃ½_thuyáº¿t_tÄƒng_trÆ°á»Ÿng tÄƒng_trÆ°á»Ÿng_gdp
bn:00052148n	
bn:00027260n	
bn:00059790n	
bn:00004456n	tráº£_lá»i Ä‘Æ¡n
bn:00060767n	vÃ¹ng khu_vá»±c_Ä‘á»‹a_lÃ½ khu_vá»±c khu_vá»±c_Ä‘á»‹a_lÃ­ vÃ¹ng_Ä‘á»‹a_lÃ­ vÃ¹ng_Ä‘á»‹a_lÃ½
bn:00026149n	nhÃ _dÃ¢n_chá»§ Ä‘aÌ‰ng_viÃªn_Ä‘aÌ‰ng_nhÃ¢n_dÃ¢n
bn:00007449n	bÃ¬nh bÃ¬nh_sá»‘ trung_bÃ¬nh
bn:00017904n	biá»ƒu_Ä‘á»“ báº£ng_xáº¿p_háº¡ng Ä‘á»“
bn:00021846n	
bn:00075069n	Ä‘au_khá»•
bn:00066516n	suy_thoÃ¡i_kinh_táº¿ suy_thoÃ¡i
bn:00001294n	tÄƒng Ä‘áº¡t_Ä‘Æ°á»£c
bn:00068809n	
bn:00078931n	liÃªn_hiá»‡p_quá»‘c liÃªn_há»£p_quá»‘c lhq un ban_kinh_táº¿_vÃ _xÃ£_há»™i_liÃªn_há»£p_quá»‘c tá»•_chá»©c_liÃªn_hiá»‡p_quá»‘c united_nations cá»§a_liÃªn_há»£p_quá»‘c quá»‘c u.n
bn:00029665n	á»§y_ban_kinh_táº¿_má»¹_latinh
bn:00064767n	
bn:00046157n	nghÃ¨o sá»±_nghÃ¨o_nÃ n thu_nháº­p_tháº¥p báº§n_hÃ n nghÃ¨o_khá»• nghÃ¨o_nÃ n nghÃ¨o_Ä‘Ã³i Ä‘Ã³i_nghÃ¨o cÃ³_thu_nháº­p_tháº¥p lá»i_kháº¥n_khÃ³_nghÃ¨o nghÃ¨o_khÃ³ nghÃ¨o_tÆ°Æ¡ng_Ä‘á»‘i nghÃ¨o_tá»±_nguyá»‡n nghÃ¨o_Ä‘Ã´_thá»‹ paupers
bn:00036838n	hoáº¡t_Ä‘á»™ng
bn:00063592n	Ä‘á»™_phá»§_sÃ³ng má»©c_phá»•_biáº¿n Ä‘á»™_phá»•_biáº¿n phá»•_biáº¿n
bn:00064234n	tá»•ng_thá»‘ng tá»•ng
bn:00070497n	cáº£m_giÃ¡c
bn:00001557n	tiáº¿n_bá»™ sá»±_tiáº¿n_bá»™
bn:00081136n	toÃ n_bá»™
bn:00048242n	váº¥n_Ä‘á»
bn:00066996n	há»_hÃ ng ngÆ°á»i_thÃ¢n thÃ¢n_nhÃ¢n
bn:00026695n	kinh_táº¿_phÃ¡t_triá»ƒn phÃ¡t_triá»ƒn phÃ¡t_triá»ƒn_kinh_táº¿
bn:00075761n	há»‡_thá»‘ng há»‡_thá»‘ng_cÃ¡c_quy_táº¯c
bn:00067239n	venezuela vÃª-nÃª-du-Ãª-la vÃª-nÃª-zu-Ãª-la cá»™ng_hÃ²a_bolivar_venezuela venezuela_bolÃ­var vÃªnÃªxuÃªla vÃªnÃªxuÃªla_bÃ´livarian cá»™ng_hÃ²a_venezuela
bn:00050375n	kháº£_nÄƒng_lÃ£nh_Ä‘áº¡o
bn:00027765n	phÃ¢n_biá»‡t sÆ°Ì£_hoaÍ€n_toaÍ€n
bn:00029708n	ecuador Ãª-cu-a-Ä‘o Ãª-qu-a-Ä‘o cá»™ng_hÃ²a_ecuador ec ecu Ã¡ch_qua_Ä‘a_nhÄ© ÃªcuaÄ‘o
bn:00028188n	cá»™ng_hÃ²a_dominica cá»™ng_hoÃ _Ä‘Ã´-mi-ni-ca-na Ä‘Ã´-mi-ni-ca-na cá»™ng_hoÃ _Ä‘Ã´-mi-ni-ca cá»™ng_hoÃ _dominica cá»™ng_hoÃ _dominican cá»™ng_hoÃ _dominicana cá»™ng_hoÃ _Ä‘Ã´minica cá»™ng_hoÃ _Ä‘Ã´minicana cá»™ng_hÃ²a_dominican cá»™ng_hÃ²a_dominicana cá»™ng_hÃ²a_Ä‘Ã´-mi-ni-ca cá»™ng_hÃ²a_Ä‘Ã´minicana dominican_republic Ä‘á»‡_tá»©_cá»™ng_hÃ²a_dominica nÆ°Æ¡Íc_cÃ´Ì£ng_hoÍ€a_dominican
bn:00057614n	nicaragua ni-ca-ra-goa cá»™ng_hoÃ _nicaragua ni_ca_ra_goa nicaragoa cá»™ng_hÃ²a_cá»§a_nicaragua
bn:00043361n	y_táº¿ chÄƒm_sÃ³c_sá»©c_khoáº» chÄƒm_sÃ³c_sá»©c_khá»e chÄƒm_sÃ³c_bá»‡nh_nhÃ¢n chÄƒm_sÃ³c_Ä‘áº¡i_há»c dá»‹ch_vá»¥_y_táº¿
bn:00050249n	phÃ¡p_luáº­t
bn:00025417n	ngÃ y
bn:00027206n	bá»¯a_Äƒn_tá»‘i bá»¯a_Äƒn_chÃ­nh bá»¯a_chiá»u bá»¯a_trÆ°a bá»¯a_tá»‘i
bn:00050257n	cÃ´ng_ty_luáº­t vÄƒn_phÃ²ng_luáº­t_sÆ°
bn:00044064n	toÍ€a_thÆ°Æ¡Ì£ng_thÃ¢Ì‰m tÃ²a_Ã¡n_cuá»‘i_cÃ¹ng tÃ²a_Ã¡n_tá»‘i_cao tÃ²a_Ã¡n_tá»‘i_cao_bang
bn:00001736n	xÃ£_há»™i_chá»©c_nÄƒng xÃ£_há»™i_nhÃ¢n_dá»‹p
bn:00021723n	tháº£o_luáº­n_nhÃ³m
bn:00061826n	kiáº¿n_nghá»‹ yÃªu_cáº§u
bn:00046920n	kiá»ƒm_tra
bn:00059879n	tÃ¡i_phÃ¡t_triá»ƒn
bn:00021844n	quá»‘c_há»™i_hoa_ká»³ quá»‘c_há»™i_má»¹ nghá»‹_viá»‡n_hoa_ká»³ quá»‘c_há»™i_hoa_kÃ¬ há»™i há»™i_hoa_ká»³ há»™i_má»¹ há»™i_u_s Ä‘áº¡i_há»™i_hoa_ká»³
bn:00009086n	kÃªu_chiáº¿n_Ä‘áº¥u
bn:00000127n	giá» tiáº¿ng_Ä‘á»“ng_há»“ tiáº¿ng_há»“ tiáº¿ng giá»_Ä‘á»“ng_há»“ g h 60_phÃºt hr
bn:00053318n	thÃ¡ng_ba thÃ¡ng_3 thg3 thÃ¡ng_03
bn:00065798n	
bn:00075589n	
bn:00027207n	yÃªÍn_tiÃªÌ£c
bn:00048506n	phÃ¡p_lÃ½_nguyÃªn_táº¯c tÆ°_phÃ¡p_há»c_thuyáº¿t tÆ°_phÃ¡p_nguyÃªn_táº¯c
bn:00061047n	nhÃ _tÃ i_trá»£ tÃ i_trá»£ báº£o_trá»£ báº£o_trá»£_chÃ­nh_trá»‹ báº£o_trá»£_nghá»‡_thuáº­t bá»•n_máº¡ng trá»£ trá»£_danh_hiá»‡u
bn:00034520n	káº¿t_quáº£ káº¿t_quáº£_cuá»‘i_cÃ¹ng quáº£_lÃ 
bn:00048507n	kiá»‡n_tá»¥ng tranh_cháº¥p_phÃ¡p_lÃ½ trÆ°á»ng_há»£p_phÃ¡p_luáº­t trÆ°á»ng_há»£p_tÃ²a_Ã¡n tÆ°_phÃ¡p_tiáº¿p_tá»¥c
bn:00003365n	hoa_thá»‹nh_Ä‘á»‘n washington washington,_d.c. oa-sinh-tÆ¡n,_d.c. thá»§_Ä‘Ã´_washington Ä‘áº·c_khu_columbia thÃ nh_phá»‘_hoa_thá»‹nh_Ä‘á»‘n washington_dc oa-sinh-tÆ¡n oasinhtÆ¡n quáº­n_columbia oasinhtÆ¡n,_d.c oasinhtÆ¡n,_d.c. oasinhtÆ¡n,_dc quáº­n_cÃ´lumbia thá»§_Ä‘Ã´_hoa_thá»‹nh_Ä‘á»‘n washington,_d._c. washington,_d.c washington,_dc washington_d.c washington_d.c. washington_Ä‘áº·c_khu_colombia Ä‘áº·c_khu_colombia Ä‘áº·c_khu_cÃ´lumbia má»¹_vá»‘n vá»‘n_Ä‘áº§u_tÆ°_cá»§a_hoa_ká»³
bn:00044967n	khÃ¡ch_sáº¡n lá»¯_quÃ¡n chuá»—i_khÃ¡ch_sáº¡n khÃ¡ch_sáº¡n_kinh_doanh khÃ¡ch_sáº¡n_ngÃ¢n_sÃ¡ch khÃ¡ch_sáº¡n_sang_trá»ng kinh_doanh_khÃ¡ch_sáº¡n ngÃ nh_cÃ´ng_nghiá»‡p_khÃ¡ch_sáº¡n
bn:00007013n	
bn:00001582n	keÌ‰_thuÍ€ Ä‘i_ngÆ°á»£c_láº¡i
bn:00042090n	khaÍch_mÆ¡Í€i khÃ¡ch
bn:00032021n	sá»±_kiá»‡n sá»±_viá»‡c
bn:00007146n	nothing vÃ´ sá»‘_khÃ´ng zÃªrÃ´ 0 hÆ°_vÃ´ khÃ´ng_cÃ³ khÃ´ng_cÃ³_gÃ¬ vÃ´_giÃ¡_trá»‹ chuyÃªÌ£n hÆ°_khÃ´ng khÃ´ng laÍ€m_khÃ´ng_cÃ´ng nada ngÆ°Æ¡Í€i_khÃ´ng_coÍ_taÍ€i null zilch zippo
bn:00031707n	mÃ£_Ä‘áº¡o_Ä‘á»©c Ä‘áº¡o_Ä‘á»©c Ä‘áº¡o_Ä‘á»©c_mÃ£
bn:00020356n	bá»™_quy_táº¯c_á»©ng_xá»­ mÃ£_cá»§a_hÃ nh_vi quy_táº¯c_á»©ng_xá»­
bn:00020352n	mÃ£ há»‡_thá»‘ng_hÃ³a mÃ£_cá»§a_phÃ¡p_luáº­t mÃ£_phÃ¡p_luáº­t
bn:00015320n	canon
bn:00073170n	ngÆ°á»i_diá»ƒn_thuyáº¿t nhÃ _hÃ¹ng_biá»‡n giáº£ ngÆ°Æ¡Í€i_hay_noÍi verbaliser verbalizer
bn:00042093n	khÃ¡ch_má»i_danh_dá»±
bn:00064648n	
bn:00064763n	sÆ°Ì£_Æ¡Ì‰_gÃ¢Í€n
bn:00012862n	
bn:00046486n	taÍnh_lanh_Ä‘aÌ£m
bn:00064233n	chá»§_tá»‹ch chá»§_tá»‹ch_há»™i_Ä‘á»“ng_quáº£n_trá»‹ tá»‹ch
bn:00036850n	chiáº¿n_dá»‹ch_gÃ¢y_quá»¹ gÃ¢y_quá»¹ váº­n_Ä‘á»™ng_gÃ¢y_quá»¹
bn:00005027n	
bn:00046077n	vÃ´_tÆ° nonpartisanship
bn:00007026n	chÃº_Ã½ lÆ°u_yÍ
bn:00023858n	
bn:00014139n	kinh_doanh
bn:00021976n	
bn:00072716n	hÃ´Ì£i_Ä‘Ã´Í€ng_cÃ´Í_vÃ¢Ín_phaÍp_luÃ¢Ì£t
bn:00001423n	tá»•_chá»©c cÆ¡_quan_chá»§_quáº£n giÃ¡o_há»™i_thÃ nh_láº­p tÃ´n_giÃ¡o_chÃ­nh_thá»©c tÃ´n_giÃ¡o_nhÃ _nÆ°á»›c tÃ´n_giÃ¡o_Ä‘Æ°á»£c_thÃ nh_láº­p
bn:00078206n	phiÃªn_tÃ²a tÃ²a_Ã¡n_cáº¥p_sÆ¡_tháº©m
bn:00046473n	dáº¥u_hiá»‡u
bn:00000990n	conversancy tiÍnh_thÃ¢n_mÃ¢Ì£t
bn:00031605n	tÃ¢y_ban_nha y_pha_nho vÆ°Æ¡ng_quá»‘c_tÃ¢y_ban_nha espaÃ±a i_pha_nho spain tÃ¢y-ban-nha tá»•ng_tuyá»ƒn_cá»­_tÃ¢y_ban_nha_2023 espana
bn:00071432n	
bn:00023012n	costa_rica cá»‘t-xta_ri-ca crc cÃ´-xta_ri-ca cÃ´xta_rica cá»‘t-xta-ri-ca cá»™ng_hÃ²a_costa_rica
bn:00022263n	phÃ¢n_chia_dÃ²ng
bn:00077463n	ngÃ y_hÃ´m_nay
bn:00015531n	san_josÃ©,_costa_rica san_josÃ© san_jose thá»§_Ä‘Ã´_cá»§a_costa_rica
bn:00031896n	chÃ¢u_Ã¢u Ã¢u_chÃ¢u Ã¢u europe Ã¢u_la_ba
bn:00034737n	Ä‘áº§u_tiÃªn
bn:00066576n	
bn:00018661n	sá»±_quyáº¿t_Ä‘á»‹nh chá»n lá»±a_chá»n
bn:00060340n	panama pa-na-ma cá»™ng_hÃ²a_panama panamÃ¡
bn:00035713n	cáº§u_thá»§_bÃ³ng_Ä‘Ã¡ cáº§u_thá»§_Ä‘Ã¡_banh ngÆ°Æ¡Í€i_chÆ¡i_banh
bn:00030861n	anh anh_cÃ¡t_lá»£i nÆ°á»›c_anh anh_quá»‘c england anh_cÃ¡ch_lan xá»©_anh
bn:00024417n	
bn:00021338n	cáº¡nh_tranh thi_Ä‘áº¥u cuá»™c_thi Ä‘á»‘i_thá»§_cáº¡nh_tranh
bn:00011444n	
bn:00032308n	
bn:00081625n	giáº£i_vÃ´_Ä‘á»‹ch_bÃ³ng_Ä‘Ã¡_tháº¿_giá»›i world_cup cÃºp_bÃ³ng_Ä‘Ã¡_tháº¿_giá»›i cÃºp_tháº¿_giá»›i danh_sÃ¡ch_cÃ¡c_Ä‘Ã i_truyá»n_hÃ¬nh_phÃ¡t_sÃ³ng_giáº£i_vÃ´_Ä‘á»‹ch_bÃ³ng_Ä‘Ã¡_tháº¿_giá»›i fifa_world_cup giáº£i_vÃ´_Ä‘á»‹ch_bÃ³ng_Ä‘Ã¡_tháº¿_giá»›i_2038 giáº£i_vÃ´_Ä‘á»‹ch_bÃ³ng_Ä‘Ã¡_tháº¿_giá»›i_2042
bn:00032306n	kinh_nghiá»‡m tráº£i_nghiá»‡m
bn:00005516n	khu_vá»±c trong vá»±c
bn:00041239n	
bn:00018660n	chá»n
bn:00040851n	thá»§_mÃ´n thá»§_thÃ nh thá»§_mÃ´n_bÃ³ng_Ä‘Ã¡ goalkeeper goaltender netminder thá»§_mÃ´n_má»¥c_tiÃªu
bn:00013179n	luÃ¢n_Ä‘Ã´n london london,_anh london,_england london,_uk luÃ¢n-Ä‘Ã´n anh_vá»‘n greater_london vá»‘n_Ä‘áº§u_tÆ°_cá»§a_vÆ°Æ¡ng_quá»‘c_anh
bn:00066577n	ká»‰_lá»¥c
bn:00053772n	
bn:00074678n	
bn:00064204n	
bn:00040847n	má»¥c_tiÃªu
bn:00046021n	nháº­p_cÆ° sá»±_nháº­p_cÆ° dÃ¢n_nháº­p_cÆ° cÃ³_dÃ¢n_di_cÆ° di_cÆ° ngÆ°á»i_di_cÆ° ngÆ°á»i_di_cÆ°_kinh_táº¿
bn:00017621n	cÆ¡_hÃ´Ì£i cÆ¡_há»™i
bn:00021816n	quÃ¡_crowding
bn:00022026n	cáº£nh_sÃ¡t lá»±c_lÆ°á»£ng_cáº£nh_sÃ¡t cÃ´ng_an cá»›m sen_Ä‘áº§m lÆ°Ì£c_lÆ°Æ¡Ì£ng_caÌ‰nh_saÍt chÃ­nh_sÃ¡ch cáº£nh_sÃ¡t_báº£o_vá»‡ cáº£nh_sÃ¡t_vÅ©_trang lá»±c_lÆ°á»£ng_an_ninh sÃ¡t sá»Ÿ_cáº£nh_sÃ¡t
bn:00070651n	dá»‹ch_vá»¥
bn:00021322n	
bn:00021644n	
bn:00045163n	nhÃ¢n_quyá»n quyá»n_con_ngÆ°á»i vi_pháº¡m_nhÃ¢n_quyá»n
bn:00042917n	quáº¥y_rá»‘i láº¡m_dá»¥ng_tÃ¬nh_dá»¥c
bn:00029806n	sinh_viÃªn há»c_sinh há»c_trÃ² educatee
bn:00036202n	phÃ¡p nÆ°á»›c_phÃ¡p pha-lang-sa cá»™ng_hÃ²a_phÃ¡p cá»™ng_hoÃ _phÃ¡p lang_sa france pha_lang_sa phÃ¡_lÄƒng_sa phÃ¡p_quá»‘c phÃº_lang_sa phÃº_lÃ£ng_sa quá»‘c_phÃ¡p
bn:00075959n	
bn:00013057n	thá»£_ná» thá»£_há»“
bn:00070648n	bá»“i_bÃ n cháº¡y_bÃ n háº§u_bÃ n nhÃ¢n_viÃªn_bÃ n nhÃ¢n_viÃªn_cháº¡y_bÃ n nhÃ¢n_viÃªn_phá»¥c_vá»¥_bÃ n tiá»ƒu_nhá»‹ nhÃ¢n_viÃªn_phá»¥c_vá»¥ phá»¥c_vá»¥_bÃ n nv_bÃ n nv_phá»¥c_vá»¥ nv_phá»¥c_vá»¥_bÃ n
bn:00063237n	quan_Ä‘iá»ƒm gÃ³c_nhÃ¬n Ä‘iá»ƒm_nhÃ¬n
bn:00021958n	sá»±_Ä‘á»“ng_thuáº­n sá»±_nháº¥t_trÃ­ sá»±_Ä‘á»“ng_lÃ²ng sá»±_Ä‘á»“ng_tÃ¢m quÃ¡_trÃ¬nh_Ä‘á»“ng_thuáº­n
bn:00050522n	bÃªn_trÃ¡i_cÃ¡nh chÃ­nh_trá»‹_cÃ¡nh_trÃ¡i chÃ­nh_trá»‹_cÃ¡nh_táº£ cÃ¡nh_trÃ¡i cÃ¡nh_táº£ thiÃªn_táº£ trÃ¡i trÃ¡i_chÃ­nh_trá»‹
bn:00067810n	cÃ¡nh_pháº£i chÃ­nh_trá»‹_cÃ¡nh_há»¯u cÃ¡nh_há»¯u pháº£i quyá»n_chÃ­nh_trá»‹
bn:00074900n	chá»§_Ä‘á» chá»§_Ä‘á»_bÃ¬nh_luáº­n
bn:00079043n	tháº¥t_nghiá»‡p ngÆ°á»i_tháº¥t_nghiá»‡p
bn:00081593n	
bn:00055292n	khá»• miserableness
bn:00027022n	sá»±_khÃ¡c_nhau khÃ¡c_biá»‡t
bn:00037691n	generousness
bn:00030707n	
bn:00072653n	
bn:00044758n	Ä‘áº¡o_quÃ¢n loáº¡t
bn:00062576n	thá»£_sá»­a_á»‘ng_nÆ°á»›c thá»£_sá»¯a_á»‘ng_nÆ°á»›c thÆ¡Ì£_Ã´Íng_nÆ°Æ¡Íc thá»£_á»‘ng_nÆ°á»›c Ã´Íng_loÌ£c_dÃ¢Í€u á»‘ng_fitter
bn:00046019n	dÃ¢n_nháº­p_cÆ° nháº­p_cÆ° ngÆ°á»i_nháº­p_cÆ°
bn:00072566n	xÃ£_há»™i xÃ£_há»™i_loÃ i_ngÆ°á»i
bn:00008267n	clichÃ© sÃ¡o_ngá»¯ cliche clichÃ©d cÃ¢u_saÍo cá»¥m_tá»«_chá»©ng_khoÃ¡n phá»•_biáº¿n sÃ¡o_rá»—ng thÆ°Æ¡Í€ng_tiÍ€nh vÃ´_viÌ£
bn:00009717n	cáº£m_giÃ¡c áº¥n
bn:00006504n	tÃ i_sáº£n
bn:00029667n	nhÃ _kinh_táº¿_há»c nhÃ _kinh_táº¿ chuyÃªn_gia_kinh_táº¿ kinh_táº¿
bn:00012059n	sÃ¡ch cuá»‘n_sÃ¡ch
bn:00020452n	nháº­n_thá»©c tri_thá»©c kiáº¿n_thá»©c noesis chá»©c_nÄƒng_nháº­n_thá»©c kháº£_nÄƒng_nháº­n_thá»©c quÃ¡_trÃ¬nh_nháº­n_thá»©c sÆ°Ì£_liÃªn_quan thá»©c xá»­_lÃ½_nháº­n_thá»©c
bn:00054907n	di_dÃ¢n di_cÆ° dÃ¢n_di_cÆ°
bn:00028141n	tháº¿_giá»›i
bn:00036941n	tÆ°Æ¡ng_lai mai_má»‘t thá»i_gian_tá»›i
bn:00073206n	nhÃ _chuyÃªn_mÃ´n chuyÃªn_gia specialiser specializer
bn:00035374n	
bn:00029416n	lÆ°Æ¡ng tiá»n_cÃ´ng cÃ¡t-xÃª cÃ¡t_xÃª cat-xÃª cÃ¡t-sÃª tiá»n_lÆ°Æ¡ng chi_phÃ­_lao_Ä‘á»™ng má»©c_lÆ°Æ¡ng traÌ‰
bn:00030616n	viá»‡c_lÃ m sá»­_dá»¥ng_lao_Ä‘á»™ng cÃ´ng_Äƒn_viá»‡c_lÃ m cuá»™c_Ä‘á»i_lÃ m_viá»‡c há»£p_Ä‘á»“ng_lao_Ä‘á»™ng lao_Ä‘á»™ng_há»£p_Ä‘á»“ng ngÆ°á»i_sá»­_dá»¥ng_lao_Ä‘á»™ng nhÃ¢n_viÃªn sá»­_dá»¥ng thuÃª
bn:00041979n	tÄƒng
bn:00033854n	sá»£ sá»±_khiáº¿p_Ä‘áº£m sá»±_sá»£_hÃ£i sá»£_hÃ£i ná»—i_sá»£ kinh_khuÌ‰ng
bn:00066419n	
bn:00003129n	luÃ¢n_phiÃªn
bn:00049570n	giai_cáº¥p_cÃ´ng_nhÃ¢n giai_cáº¥p_vÃ´_sáº£n vÃ´_sáº£n táº§ng_lá»›p_lao_Ä‘á»™ng giai_cÃ¢Íp_vÃ´_saÌ‰n lao_Ä‘á»™ng
bn:00023496n	thá»§_cÃ´ng thá»§_cÃ´ng_nghiá»‡p thÆ°Æ¡ng_máº¡i hÃ ng_thá»§_cÃ´ng
bn:00025916n	excess_dmand sá»±_thÃ¢m_há»¥t thiáº¿u_há»¥t sá»±_thiáº¿u_há»¥t
bn:00041853n	Ä‘Ã o_táº¡o
bn:00059122n	bÃ¡c_sÄ©_pháº«u_thuáº­t bÃ¡c_sá»¹_pháº«u_thuáº­t hoáº¡t_Ä‘á»™ng_bÃ¡c_sÄ©_pháº«u_thuáº­t xÆ°Æ¡ng_caÍ
bn:00003755n	bÃ¡c_sÄ©_gÃ¢y_mÃª anaesthesiologist gÃ¢y_mÃª ngÆ°Æ¡Í€i_biÌ£_mÃ¢Ít_cam_giaÍc
bn:00021359n	
bn:00005886n	
bn:00027862n	diverseness multifariousness Ä‘a_dáº¡ng
bn:00023652n	sÃ¡ng_táº¡o_hoáº¡t_Ä‘á»™ng táº¡o_ra
bn:00003343n	ngÆ°á»i_má»¹ ngÆ°á»i_hoa_ká»³ ngÆ°á»i_mÄ© má»¹
bn:00057832n	giáº£i_nobel giáº£i_thÆ°á»Ÿng_nobel giáº£i_nÃ´-ben giáº£i_nÃ´_ben giáº£i_nÃ´ben giáº£i_thÆ°á»Ÿng_nÃ´ben nobelpriset
bn:00079944n	ngÆ°á»i_chiáº¿n_tháº¯ng
bn:00041092n	google_tÃ¬m_kiáº¿m google_search google.com.vn google
bn:00081801n	yahoo! yahoo táº­p_Ä‘oÃ n_yahoo! yahoo.com yahoo!,_inc yahoo!,_inc. yahoo!_developer_network yahoo!_inc yahoo!_inc.
bn:00054906n	di_cÆ°
bn:00022274n	
bn:00072539n	tá»•_chá»©c_xÃ£_há»™i cÆ¡_cáº¥u_xÃ£_há»™i cáº¥u_trÃºc_xÃ£_há»™i xÃ£_há»™i_há»‡_thá»‘ng
bn:00013640n	ngÃ¢n_sÃ¡ch ngÃ¢n_quá»¹
bn:00031903n	chÃ¢u_Ã¢u_quá»‘c_gia nÆ°á»›c_chÃ¢u_Ã¢u
bn:00026684n	Ä‘á»©c cá»™ng_hÃ²a_liÃªn_bang_Ä‘á»©c de chlb_Ä‘á»©c ger brd cá»™ng_hoÃ _liÃªn_bang_Ä‘á»©c cá»™ng_hÃ²a_liÃªn_bang_Ã°á»©c germany Ä‘á»©c_quá»‘c deutschland
bn:00001936n	tuá»•i lÃ£o_hÃ³a lÃ£o_hÃ³a_cá»§a_rÆ°á»£u_vang tiá»m_nÄƒng_lÃ£o_hÃ³a
bn:00022269n	Ä‘Ã³ng_gÃ³p
bn:00066490n	biÃªn_lai nháº­n
bn:00032300n	chi_tiÃªu ra_ngoaÍ€i
bn:00051048n	cuá»™c_sá»‘ng cuá»™c_sá»‘ng_thá»i_gian tuá»•i_thá» Ä‘á»i
bn:00053151n	nhiá»‡m_vá»¥
bn:00047730n	má»¥c
bn:00013194n	báº£ng_anh báº£ng Â£ pound_sterling anh_kim gbp Ä‘á»“ng_báº£ng_anh sterling
bn:00003340n	tiá»n_bá»“i_thÆ°á»ng tiá»n_pháº¡t biÌ£_phaÌ£t khÃ¢Íu tá»‘t
bn:00064527n	váº¥n_Ä‘á»
bn:00037296n	garboil tumultuousness
bn:00017235n	giÃ¡m_Ä‘á»‘c_Ä‘iá»u_hÃ nh tá»•ng_giÃ¡m_Ä‘á»‘c_Ä‘iá»u_hÃ nh tá»•ng_giÃ¡m_Ä‘á»‘c giÃ¡m_Ä‘á»‘c ceo tgÄ‘ tgÄ‘Ä‘h chief_executive_officer giÃ¡m_Ä‘á»‘c_quáº£n_lÃ½
bn:00046575n	ngÃ nh_cÃ´ng_nghiá»‡p
bn:00060928n	quÃ¡_khá»©
bn:00021769n	xung_Ä‘á»™t sá»±_khÃ¡c_biá»‡t_vá»_quan_Ä‘iá»ƒm
bn:00008419n	
bn:00023681n	tá»•_chá»©c_tÃ­n_dá»¥ng cÃ´ng_Ä‘oÃ n_tÃ­n_dá»¥ng
bn:00066938n	
bn:00074684n	
bn:00064699n	lá»i_há»©a
bn:00029680n	giÃ¡_trá»‹_kinh_táº¿ giÃ¡_trá»‹
bn:00060837n	bÃªn
bn:00041611n	thÃ nh_phá»‘_new_york new_york niu_oÃ³c ná»¯u_Æ°á»›c thÃ nh_phá»‘_niu_oÃ³c thÃ nh_phá»‘_ná»¯u_Æ°á»›c new_york_city nyc city_of_new_york new_york,_new_york new_york,_ny new_york_city,_new_york niu_yooc niu_yoÃ³c thÃ nh_phá»‘_new_york,_new_york thÃ nh_phá»‘_tÃ¢n_york tÃ¢n_york greater_new_york
bn:00030605n	new_york ná»¯u_Æ°á»›c tiá»ƒu_bang_new_york tiá»ƒu_bang_ná»¯u_Æ°á»›c ny niu_oÃ³c bang_new_york bang_niu_yooc new_york_state state_of_new_york tiá»ƒu_bang_niu_oÃ³c tiá»ƒu_bang_niu_yooc empire_state
bn:00011099n	blameworthiness culpableness phaÌ£m_tÃ´Ì£i
bn:00070725n	
bn:00017517n	chá»§_tá»‹ch chá»§_tá»‹ch_há»™i_Ä‘á»“ng_quáº£n_trá»‹ chá»§_tá»‹ch_nÆ°á»›c chuÌ‰_tiÌ£ch_Ä‘aÍ€n_baÍ€ chá»§_tá»‹ch_Ä‘iá»u_hÃ nh phÃ³_chá»§_tá»‹ch sá»± triá»‡u_táº­p
bn:00067371n	
bn:00019763n	khÃ¡ch_hÃ ng ngÆ°á»i_khÃ¡ch
bn:00008382n	kÃ½_quá»¹ tiá»n_gá»­i_ngÃ¢n_hÃ ng
bn:00021329n	bá»“i_thÆ°á»ng
bn:00052050n	máº¥t_mÃ¡t
bn:00000016n	
bn:00075151n	mÃ¹a_háº¡ mÃ¹a_hÃ¨ hÃ¨ hÃ¨_phÆ°Æ¡ng_nam thÆ¡Í€i_gian_heÍ€
bn:00055949n	an_ninh_tháº¿_cháº¥p chá»©ng_khoÃ¡n_tháº¿_cháº¥p chá»©ng_khoÃ¡n_tháº¿_cháº¥p_háº­u_thuáº«n
bn:00026603n	Ä‘á»‹nh_má»‡nh destimy pháº­n
bn:00070537n	thÃ¡ng_chÃ­n thÃ¡ng_9 thg9 31_thÃ¡ng_9 thÃ¡ng_09
bn:00081261n	
bn:00001193n	actus_reus hÃ nh_vi_sai_trÃ¡i sai_trÃ¡i_tiáº¿n_hÃ nh
bn:00080687n	
bn:00019403n	
bn:00050659n	cho_vay vay
bn:00033638n	fannie_mae federal_national_mortgage_association fnma hiá»‡p_há»™i_tháº¿_cháº¥p_quá»‘c_gia_liÃªn_bang liÃªn_bang_hiá»‡p_há»™i_tháº¿_cháº¥p_quá»‘c_gia
bn:00033911n	freddie_mac federal_home_loan_mortgage_corporation fhlmc liÃªn_bang_home_loan_mortgage_corporation
bn:00055948n	quyá»n_cáº§m_cá»‘ tháº¿_cháº¥p
bn:00025567n	giao_dá»‹ch
bn:00001134n	hÃ nh_Ä‘á»™ng_phÃ¡p_lÃ½ hÃ nh_Ä‘á»™ng_theo_phÃ¡p_luáº­t
bn:00002178n	Ã½_Ä‘á»‹nh cá»‘_Ã½ má»¥c_Ä‘Ã­ch
