bn:00041942n	组
bn:00062759n	计划 計劃 设计 計畫
bn:00027473n	发射物
bn:00019780n	气候 氣候 风土 气候区 氣候帶 氣候變化 中国大陆中学教材气候分类法 气候带 全球气候 气候系统
bn:00021721n	讨论会 会议
bn:00063819n	装腔作势
bn:00066603n	对骂
bn:00017153n	重点 集中
bn:00036512n	周五 星期五 礼拜五 禮拜五 週五 ㈮ ㊎ 星期伍 禮拜伍 金曜日
bn:00067024n	放出 松开 解放 释放
bn:00028015n	文件 文献 公文 文档 文书 文書 文獻 书面文件
bn:00025780n	减少 缩减 缩小 降低 降压
bn:00078738n	年 一年 十二个月 12个月
bn:00013941n	负担 责任
bn:00076588n	期限 阶段 階段 短期 长期
bn:00076732n	文本 课文 原文 課文 文字问题
bn:00008786n	基础 基本原理 根本 基礎 有序基础
bn:00008568n	买卖 买卖合同 交易 成交协议 成交条件 合同 合約 合约 契約 契约
bn:00041712n	温室气体 溫室氣體 溫室效應氣體 温室气体排放 在大气中的寿命 水汽反馈 的二氧化碳排放量 碳排放量
bn:00058511n	障碍 妨碍 妨礙 障礙
bn:00061005n	生活方式 路 路线 路途 轨道 途径 道路 方式 路径
bn:00001549n	
bn:00026838n	谈判 談判 交涉 会谈 國際談判 議價 说服 協商
bn:00077267n	时间
bn:00045153n	人类 世界 人類 天地 world 世上 全世界 全球 真实世界
bn:00029424n	地球 世界 大地 ♁ 太陽3 太陽系第三行星 泰拉 蓋亞 🌍 🌎 🌏 🗺 🜨
bn:00050371n	会长 领导 领导人 领袖 首领 领导者
bn:00022479n	哥本哈根 copenhagen københavn 丹麦首都哥本哈根
bn:00014711n	周 星期 礼拜 日历周
bn:00081604n	工作群体 工作组 工作小組 審議會 工作小组
bn:00055644n	钱 货币 金钱 貨幣 金錢 money 付费 流幣 货币发行 錢 錢幣 钱财 💰
bn:00023236n	国家 国 國 國家 主权国家 主權國家 國民 主权国 共和国 国土 州 主权国家列表 國族 主權國 人民 国民 邦 邦国 邦國 政府 主權州 主權獨立國家 独立国家 state 国族 政府政体 res出版物 国内 政治体 政治社会
bn:00058969n	
bn:00040681n	全球变暖 全球暖化 全球變暖 全球升温 全球温室效应 global_warming 世界暖化 世界變暖 全球增温 全球暖化防治 地球暖化 地球變暖 气候变暖
bn:00003268n	范围 界限 音域
bn:00003132n	选项 抉择 选择 選項 替代
bn:00043267n	问题
bn:00053933n	最大量 最大
bn:00076457n	温度 溫度 冷暖 大气温度 气温 氣溫 空气温度 表面温度
bn:00067923n	上升
bn:00008985n	书库 堆 批 一笔可观的 大量 好对付 帕塞尔 很多 很多的 很好的协议 摆 相当小的 穆克勒
bn:00035190n	
bn:00064536n	程序 过程 手续 做法 方法 過程
bn:00015501n	
bn:00047203n	发言人 代言人 解释者 新聞官 新闻发言人
bn:00036837n	官员 公务员 官員 做负责人或行使特殊使命的人 官 职员 公務員 主持 工作人员 民选官员 职能 选举办公室
bn:00062275n	事态 写照 局面 景象 状况 生动的描写
bn:00059783n	大綱 图式 圖式 阴谋 陰謀
bn:00061135n	百分比 百分率 百分之 百分数 比率 部分 巴仙 百分數 ％ % 趴线 趴线豆 百份比 比例
bn:00025966n	程度 阶段 级
bn:00026694n	发展中国家 發展中國家 欠发达国家 欠發達國家 開發中國家 不发达国家 developing_country 开发中国家 欠已开发国家 欠已開發國家 開發途上國 在国家 在的国家
bn:00061605n	一段时间 时代 时期 期 期间 阶段 时间段
bn:00021127n	欧洲经济共同体 欧洲联盟 歐洲聯盟 欧盟 eu 歐盟 🇪🇺 european_union 內部市場（歐盟） 欧洲联盟内部市场 欧罗巴洲联盟 欧罗巴联盟 歐洲經濟共同體 歐洲聯合 e.u ec 共同市场 欧共体 欧洲共同体 欧洲共同市场
bn:00075965n	交谈 演讲 讲话 说话 谈话 talk 说
bn:00012159n	
bn:00046065n	影响
bn:00019782n	气候变化 气候变迁 氣候變化 气候改变 气候转变 氣候變率與變化 氣候改變 全球氣候變化 全球氣候變遷 氣候變遷 全球气候变化
bn:00002954n	洪水 水灾 洪灾 水災 洪災 发大水 泛滥 大水 山洪 水患 水淹 氾濫 河患 河水氾濫 泛濫 洪涝 涝 防汛 淹没
bn:00028863n	干旱 旱灾 乾旱 旱災 大旱 旱 抗旱救灾
bn:00025949n	森林開伐 伐林 森林採伐 森林砍伐 烧荒 砍伐森林 采伐森林 森林破壞 濫伐 鄱阳湖
bn:00025948n	森林开伐 采伐森林
bn:00035907n	类 類 形式 样
bn:00078848n	美國聯邦政府 federal_government_of_the_united_states government_of_the_united_states 合众国政府 合众国联邦政府 合眾國聯邦政府 美国政府 美国 美国联邦政府
bn:00031083n	特命全權公使 公使 全权公使 使节非凡 公使衔参赞 特使 部长
bn:00049915n	术语 命名法 术语学 術語學 用语 術語 物種命名 命名 科学术语 长期
bn:00024615n	删节 削减
bn:00056029n	运动 动作 移动 行动 動作 運動 动物运 自发活动
bn:00042938n	硬线
bn:00016756n	中华人民共和国 中国 中華人民共和國 中国大陆 契丹 中國大陸 中國 中 中华 中華 大陆 大陸 中国内地 中國內地 內地 内地 华 華 国泰 prc 國泰 红色中国 🇨🇳 people's_republic_of_china proc 中共国 中华人民共和国大陆 中国大陆地区 中国定义 中國大陸人民 中華人​​民共和國 中華民國大陸地區 大陆地区 大陸地區 社会主义中国 祖國大陸 中国红 共产党中国
bn:00014103n	美國布希總統政府團隊 乔治·沃克·布什总统任期 喬治·w·布什總統 喬治·布希的美國總統任期 喬治·沃克·布希政府 喬治·沃克·布希總統任期 小布什的总统任期 小布希總統任期 布什政府 布殊政府 社會保障制度改革
bn:00001135n	
bn:00020980n	觀察者 观察者 評論員 评论员
bn:00020977n	发言 评论
bn:00044982n	时钟时间 点钟 一天中的时间
bn:00035831n	外交部长 外長 外长 外交部長 外務大臣 葡萄牙外交部长 外交部部长 外交部
bn:00003341n	美国 美國 美利坚合众国 美利堅合眾國 美 亚美利加 亞美利加 合众国 合眾國 花旗国 usa america american eeuu estados_unidos the_united_states_of_america u.s. u.s.a united_states united_states_of_america us 亞米利加合眾國 亞美利加合眾國 亞美利堅合眾國 亞美理駕合眾國 亞美理駕洲大合眾國 北方聯邦 大亞美理駕合眾國 漂亮國 米利坚合众国 美利堅合衆國 美利堅聯邦 美國聯邦 美洲合眾國 花旗國 阿美利堅合眾國 u.s.a.
bn:00057209n	negotiant 处理机 谈判
bn:00021164n	常识 常理 常識 母亲的智慧 良好的意识 马感
bn:00035211n	弹道 轨道 軌跡 彈道 軌道 轨迹 弹道轨线 轨线
bn:00041585n	大国 超级大国 大國 強權 世界强国 强国 超級大國 权力 世界強國 強國 列強 大国力量 國際關係中的權力 權力 權力（國際關係） 超級強權 great_power 一流大国 一流大國 一流強權 一流强权 世界霸主 全球霸主 列强 世界大国
bn:00033819n	断层线
bn:00009080n	冲突 衝突
bn:00029678n	经济 經濟 经济体系 經濟活動 經濟體 經世濟民 经济制度 国民经济 經濟體系 农村经济 经济体制
bn:00052888n	行星 仍列為行星 地外行星 惑星 主要的行星
bn:00029239n	义务 责任 義務 任务 勤务 职责 責任
bn:00000085n	二十四 24 二四 廿四 xxiv 两打
bn:00046093n	
bn:00026025n	代表 會議代表
bn:00022995n	成本 支出 代价 花费 財務成本 开支
bn:00001127n	行動 動作 行动
bn:00037187n	密谋 密謀 阴谋 陰謀 秘密计划
bn:00043539n	霸權 霸权主义 霸权 霸權主義 称霸亚太 称霸亚太战略
bn:00054693n	墨西哥 墨西哥合眾國 estados_unidos_mexicanos mexico méxico 墨西哥合众国
bn:00017172n	
bn:00001598n	顾问 顧問 指导教授 諮詢者
bn:00000728n	条约 协议 协定 公約 帕克 條約 国际条约
bn:00060798n	参与者 参加者
bn:00054277n	会员 成员 成員 會員
bn:00028548n	草稿 原稿 初稿 底稿 手稿 一份草案副本
bn:00064776n	建议
bn:00035851n	早晨 上午 早上 午前 拂晓 早 晨 清晨 上午的时间
bn:00009652n	
bn:00065344n	
bn:00064262n	压力
bn:00010203n	印度 㐖毒 印度共和国 印度共和國 印 天竺 india भारत_गणराज्य 婆罗多 婆罗多共和国 婆羅多國 巴拉特共和國 巴拉特
bn:00079330n	紧迫 紧急 緊迫
bn:00032654n	事实 事實
bn:00047688n	争议中的事 待解决的事 问题
bn:00041200n	大臣 部长 部長 閣員 局長 政府部长 初级部长 政治部长
bn:00001697n	飞机 飛機 飛行機 飞行机 固定翼飛機 飛龍機 飞龙机 定翼機 airplane plane
bn:00042663n	大厅 门厅 走廊 大廳 禮堂 厅 廳 会议厅
bn:00041948n	會議 會面 会议 聚會 代表大會 年會 開會 小组会议
bn:00057552n	新闻发布会 記者會 记者会 新聞發佈會 記者招待會 記招 新闻发布会上 记者招待会
bn:00019405n	声称 要求
bn:00006479n	
bn:00061450n	人民 人们 人士 人类 国民 國民 民族 人物雜誌 大众 民众 民眾 renmin 人
bn:00000086n	太阳日 日 24小时 天 平均太阳日 一昼夜 恒星日 日历日 民用日 太陽日 地球日 日间 24小时期间 24小时的时间间隔
bn:00001171n	活动家 武裝分子 活动分子 活動分子 活動家 活跃分子 活躍分子 积极分子 積極分子 激进分子 好战的
bn:00071315n	
bn:00060464n	纸 紙 打印纸 纸张 草稿紙
bn:00029345n	电子邮件 電子郵件 电邮 電郵 伊妹儿 伊妹兒 电子信函 電子信件 e-mail .eml email 电子函件 网络邮箱 電郵地址 📧 internet邮件
bn:00017557n	挑战
bn:00047043n	强度 強度 強烈 强烈 烈度 密集
bn:00054897n	星期三 周三 礼拜三 禮拜三 週三 ㈬ ㊌ 星期參 水曜日 禮拜參
bn:00010317n	专业 大联盟
bn:00079435n	副總統 副总统 副主席 v.p. 副总裁 执行副总裁 高级副总裁
bn:00063330n	政策 政治策略 政策類型 政見 方針 政策制定者
bn:00009664n	
bn:00078365n	胜利 喜悦 成功 凯旋 凱旋 勝利 捷
bn:00047679n	以色列 以国 以國 以色列国 israel 以色列國 选票
bn:00080111n	访问 作客 参观 拜访 游览 看望 探訪
bn:00073699n	团队 队 球队 隊 팀
bn:00052052n	
bn:00016286n	表现 实行 履行 执行 执行行动
bn:00063218n	得分 分 比分 点
bn:00000942n	极点 顶点
bn:00000427n	不在 缺席 在外 外出期 没有
bn:00030844n	参与 参加 參加 參與 政治参与
bn:00076309n	團隊合作 全队合作 全隊合作 团队协作 团队合作 團隊協作 合作
bn:00030720n	最后阶段 结束
bn:00075025n	成功
bn:00059751n	出界
bn:00037181n	
bn:00033833n	
bn:00069757n	記分板 记分牌 記分牌 記分版 计分板
bn:00073989n	开始 開始
bn:00008875n	拋踢球得分 得分
bn:00012213n	边境 边缘
bn:00021870n	推测 假设 猜测 surmisal
bn:00057368n	
bn:00006143n	手腕 腕 腕骨 腕关节 腕子 wrist carpal carpal_bone 腕關節 articulatio_radiocarpea
bn:00069759n	
bn:00034792n	比赛的第一节 第一期
bn:00065577n	
bn:00081568n	工作
bn:00081042n	
bn:00005053n	鼓掌 拍手 掌声 掌聲 👏
bn:00044531n	回乡 归国 回来 归来 返回 还乡 回鄉 歸國
bn:00044488n	
bn:00050340n	领先 率先
bn:00025236n	晚上 夜晚 夜里 夜间 夜裡 晚 晚間 晚间 黑夜 夜間 夜 🝯
bn:00042647n	中场休息 中場表演 半場休息時間
bn:00042759n	手 前足 前肢骨 右手 左手 手心 手部 雙手 手底板 手底背 手掌 手掌心 手背 掌心 掌骨 马努斯
bn:00036823n	作用 办公室 功能
bn:00066863n	恢复 复原 归还 送还
bn:00051117n	
bn:00027415n	坏处 不利 不利条件 不利环境 不利的情况
bn:00060799n	竞赛者 运动员 选手 比赛的人 玩家 競賽者 運動員 選手 参与者 参加者 參加者 參與者
bn:00023270n	一些 几个 数个 夫妇
bn:00062929n	发挥
bn:00002155n	帮助 帮 援助 幫 幫助 帮忙
bn:00030719n	末尾 末期 端 终止 结束 結局 结局
bn:00061606n	周期
bn:00055094n	分 分钟 分鐘
bn:00051301n	
bn:00053001n	恶意 怨恨 易怒
bn:00030341n	最后一刻 最后一分钟
bn:00019848n	
bn:00070056n	賽季 季节 體育季度 赛季 主场和客赛季 常规赛 接近赛季 赛季前的 赛季结束
bn:00076788n	中英街
bn:00046200n	冲量 衝量 冲力 推动力 衝力 势头
bn:00028114n	元 一美元 块 dollar 圆 圓 dollars 美元
bn:00010302n	纽约证券交易所 new_york_stock_exchange nyse 紐交所 紐約股票交易所 紐約證交所 紐約證券交易市場 紐約證券交易所 紐約證券交易所集團股份有限公司 纽约股票交易所 纽约证券交易委员会 纽约证券市场 纽约证卷交易所 n.y.证券交易所
bn:00002181n	方位 轴承
bn:00053460n	金融市场 金融市場 金融市场学 金融市場學 证券业
bn:00046418n	指标 經濟指數 指数 索引号
bn:00028458n	道琼斯工业平均指数 杜瓊斯工業平均指數 杜瓊斯指數 美国道琼斯工业指数 道指 道琼斯指数 道瓊工業平均指數 道瓊工業指數 道瓊斯工業平均指數 道瓊斯工業指數 道瓊工業平均指數成分股 道瓊斯工業平均指數成份股 道琼斯
bn:00056893n	纳斯达克 全国证券业协会行情自动传报系统 納斯達克 納斯達克股票交易所 纳斯达克交易所 美國納斯達克市場 那斯達克 nasdaq 全國證券交易商協會自動報價系統 美國全國證券業協會行情自動傳報系統 全国证券交易商协会自动报价系统 納斯達克_omx 納斯達克證券交易所 美国证券交易商协会自动报价系统 全国证券交易商自动报价系统协会
bn:00019966n	发条 扫荡
bn:00034394n	数 数字 数目 数量
bn:00005105n	工程 工程学 技术 應用科學 工程物理 工学 工程學 工程科學 应用研究 工程科学 应用科学 应用技术 现代技术
bn:00064119n	优势 卓越 显著 优生
bn:00056870n	险胜
bn:00077880n	贸易
bn:00013768n	量
bn:00016404n	
bn:00076496n	趋势 倾向
bn:00065107n	发表 發表
bn:00059168n	意见 意見 觀點 科学的意见
bn:00066995n	关系
bn:00042963n	鲁棒性 健壮性 稳健性 鲁棒 lustiness
bn:00066597n	
bn:00003802n	经济分析家
bn:00068916n	卖 销售
bn:00058192n	11月 十一月 11月份 ㋊ 一一月
bn:00014710n	月 月份 历月
bn:00068427n	
bn:00021743n	信任 信心 信念 把握 确实性 自信
bn:00022095n	消费者 消費者
bn:00025645n	12月 十二月 12月份 ㋋ 一二月
bn:00005164n	估计 估計 估价 判断 评价 近似值 估算 判斷 低估 高估
bn:00044024n	
bn:00031888n	欧元 歐元 欧 € 歐羅 eur euro 欧圆 💶
bn:00070206n	经济部门
bn:00071869n	事态 情况 境遇 情势 状态 局面 形势 原子事態 事態 情勢 情況 狀態
bn:00017368n	證券 证券 凭证 单据 有价证券 証券 证券业 證卷 证券交易 金融证券
bn:00008870n	基点或基础 基础
bn:00026339n	美国财政部 财政部 国库 國庫 財政部 美國財政部
bn:00011974n	债券 債券 債劵 公司債券 债券证书
bn:00047691n	收益 利润 收入 赢利 回报 征收
bn:00078546n	周二 星期二 禮拜二 礼拜二 週二 ㈫ ㊋ 星期貳 火曜日 禮拜貳
bn:00031998n	晚上 傍晚 黄昏 薄暮 前夕 前夜 黃昏 暮 甚至
bn:00058745n	油公司
bn:00021556n	涉及 关注
bn:00080036n	暴力
bn:00046933n	不稳定性 不稳固 不稳固性 不稳定 不穩固 不穩固性 不穩定 不穩定性
bn:00007299n	政权 政府 政体 养生术 养生法 養生法 養生術 国家政权 國權 封建君主制国家 封建君主制政權 封建君主国 封建君主政權 封建国家 封建政權 封建王朝 封建皇朝 政權 政權組織 权威国家 绝对主义国家 資本主義國家 资本主义国家 当局
bn:00008794n	基础设施 基建 基礎設施 公共建設 基礎建設 infrastruction 公共設施 城市基础设施 基本建设 铁公机
bn:00007085n	拍卖 拍賣 公开拍卖 竞卖 拍買賣 竞拍 拍卖行 集合競價 无声拍卖
bn:00068696n	星期六 周六 礼拜六 禮拜六 週六 ㈯ ㊏ 土曜日 星期陸 禮拜陸 sabbatum
bn:00068622n	俄罗斯 俄国 俄國 俄羅斯 露西亞 露西亚 俄罗斯联邦 russia россия 俄 俄羅斯聯邦 俄羅斯聯邦共和國 俄联邦 羅宋
bn:00024112n	石油 原油 shiyou 天然气分销 岩油 常规石油 石油燃料 矿物油
bn:00014160n	公司 事务所 企业 商号 商行 商业企业
bn:00002362n	伊拉克 伊拉克共和国 iraq 伊拉克共和國 irak 铝伊拉克
bn:00058741n	石油產業 石油产业 石油业 石油和天然气行业 石油公司 石油業 炼油行业 石油业务 石油工业
bn:00025646n	十年 十年间 年代 十年期 decennium
bn:00080439n	战争 戰爭 戰事 武装冲突 兵荒馬亂 征戰 战 战乱 戰火 打仗 武力解决 武裝衝突 用兵 用兵打仗 行軍打仗 軍事衝突 军事冲突
bn:00069122n	
bn:00021286n	公司 企业 事业 事業 企業 事业者 inc. 会社 商家 商業單位 商業機構 非牟利公司
bn:00047081n	利润 权益 股份 利益 兴趣
bn:00034265n	田 田野 旱田 野外 英亩 英畝 农业领域 领域
bn:00010262n	出价 出價 招标
bn:00014152n	交易 生意 贸易 买卖 商业 经商 貿易
bn:00048592n	6月 六月 6月份 06月 ㋅ 6月日
bn:00067192n	
bn:00040387n	
bn:00028249n	
bn:00029774n	主编 總編輯 主編 总编辑 編輯長 總編 编辑 副主编 执行编辑 编辑，总
bn:00057546n	新闻 消息 时事 六要素 新聞 新聞報導 新闻要素 時事 新闻报道
bn:00054409n	零售商店 零售店 贸易的建立 销售渠道
bn:00001939n	长时间 周岁 周歲 岁 年紀 年纪 年齡 年龄 歲 久
bn:00058679n	
bn:00070225n	安全性措施
bn:00070219n	安全 保安 保卫 安全文化 保全 安保 安全保障 安全管理員 安管 安管員 看更 衛士 警衛 護衞
bn:00011946n	
bn:00005732n	武裝部隊 军队 軍隊 武装部队 武装力量 軍事 军事 部队 武力 武装斗争 武裝 武裝人員 武裝力量 defense 入伍 兵制 军事制度 军事部队 军务 军方 军队事务 国防 國家防衛 國家防衛事務 國防 軍中 軍中事務 軍事制度 軍事力量 軍務 軍用 軍隊事務 军事机器 战争机器 武装抵抗 武装服务
bn:00007805n	储备 存货 贮存 储存 儲備 儲存 后备 库存 庫存 後備
bn:00003801n	分析师 分析员 分析家 分析者
bn:00016401n	实例 事例 例子 场合 情况 情况下
bn:00017562n	挑战者 挑戰者 对手 竞争者
bn:00030825n	
bn:00030747n	风险 風險 危险 危害 冒险 危险之源 安全危害 安全风险 有害
bn:00070914n	股东 股東 持股人 株主 的股东
bn:00055180n	部 部门
bn:00028625n	平局 领带
bn:00001592n	忠告 劝告 建议
bn:00022227n	合同 合约 契约 合約 契約 契約行為 合同法 合約法 合約精神 契約法 盟約 具有法律约束力的 承包 担保
bn:00080816n	周末 週末
bn:00023288n	航向 路 路径 路线 轨道 途径 道路 航路 课程
bn:00073526n	发言人 代表者
bn:00031285n	同等 平等 相等 相等的状态
bn:00021034n	
bn:00008694n	桶 一桶的量 大琵琶桶 油桶
bn:00033939n	费 小费 費用 費 服務費 課金
bn:00059788n	产量 產量 产出 收成 輸出 输出 经济产出
bn:00025965n	水平 程度 等级 层次 度 度数 等級
bn:00008364n	银行 銀行 存放款金融机构 银行业 🏦 国际银行 外资银行 存款类金融机构 银行公司 银行关注 银行家 银行系统
bn:00074010n	国家
bn:00007799n	财政支持 供给 财政支援 资金后盾 资金支持 金融支持
bn:00011975n	手铐 束缚物 枷锁 桎梏
bn:00064839n	经济安全 保护 保证 保障 担保 經濟安全 經濟安全保障 經濟保障 国家经济安全 安全
bn:00036839n	基金 存款 货币基金
bn:00003601n	款项 金额 一笔钱 金額 的钱数
bn:00000739n	报道 报告 写了
bn:00013240n	
bn:00031641n	制度 建立 机构 设立 社會制度 制度主义 建制 社會機制 social_institution
bn:00051251n	限制 限制规定
bn:00000649n	接受 认可 采纳
bn:00051250n	局限 极限 限制 限制因素 限度
bn:00027366n	董事 主任 主管 经理 导演 当家人 理事 總監 取締役 常务董事
bn:00012042n	奖金 獎金 津贴 红包 额外津贴 额外酬金
bn:00017791n	费用 收費 收费 費用
bn:00047367n	投資者 投资者 投資人 投资家 投資家 投资人 股民
bn:00051693n	贷款 借款 借贷 借錢 融資 貸款 電影融資 贷款人 借 放債 貸款人
bn:00008047n	余数 剩余 剩余部分 存余者 残渣 其余部分 渣油
bn:00047831n	累积赌注 锅
bn:00068915n	出售
bn:00014136n	买卖 買賣 企业关注 企业组织 公司法
bn:00079107n	单位 单元
bn:00023844n	危机 危機
bn:00047358n	投资 投資 投入 短期投资 外国投资者 物业投资 资本投 金融投资
bn:00016448n	现金 現金 现款 现钱 現款 現錢 硬通货 真金白银
bn:00050920n	责任
bn:00076744n	星期四 周四 礼拜四 禮拜四 週四 ㈭ ㊍ 星期肆 木曜日 禮拜肆
bn:00015496n	资本 流动资本 营运资本 营运资金 營運資金 周转资产 资本（经济） 民资 資本 資本額 外资 投资本 金融资本
bn:00046356n	增加 增量 增额
bn:00000939n	引用 参考文献 引文 语录 參考文獻 文内引用 源需要
bn:00008279n	党 黨 带
bn:00005019n	上诉 上訴 上告 上诉审查 提出上诉 被上诉人
bn:00000125n	六 6 ⅵ ⓺ ❻ ➅ ➏ 〦 ６ hexad sise sixer 六重 六重奏 半打 船长希克斯
bn:00023302n	法庭 法院
bn:00068424n	排
bn:00076677n	自白 口供 证词 作证
bn:00025872n	联防队员 辩护律师
bn:00054523n	訊息 信息 短信 讯息 音信 传言 傳言 消息 公报
bn:00078198n	审判 审讯 审理 受审 審理 無效審判 刑事案件 试图
bn:00006469n	强奸 强奸罪 姦淫 強制性交 強姦 性侵 强奸犯 性強迫 性要脅 奸杀 奸污 姦污 姦污婦女 姦淫婦女 強姦法 强奸案 强奸者 施暴 誘姦 迷奸 騙奸 騙姦 连续强奸犯
bn:00018345n	未成年人 儿童 孩子 兒童 孩 小儿 小孩 小孩子 孩儿 孩兒 小兒 兒少 再見，未成年 未成年 童年 人类幼崽 囡 囡仔 孩童 小囡 小把戏 小朋友 小童 少儿 幼儿 未成人 未成年兒童 未成年少女 未成年少男 未成年者 童 适龄儿童 🧒 少年 鲰
bn:00009472n	床 卧榻 床鋪 床铺 睡鋪 睡铺 臥榻 床具 床笫 牀 bed 眠床
bn:00044994n	房子 房屋 住宅 家 家屋 厝 屋 民宅 厝宅 宅 宅第 屋仔 徛家 民家 茨 邸 住宅區 住屋 住房 住所 宅子 居室 屋企 屋子 屋家 屋里 楼房 樓宇 民宅區 民居 民房 私人樓宇 🏠 🏡 住宅建筑
bn:00034004n	成员 会员 队员 资深会员
bn:00032892n	家庭 戶 人家 户 家庭成员 家族 一家人 家人 世帯 世帶 家戶 家政
bn:00048488n	法官 推事 裁判官 審判長 👨‍⚖️ 👩‍⚖️ 🧑‍⚖️ iudex 司法
bn:00046148n	
bn:00048658n	陪审团 陪审员 陪審團 法國陪審制
bn:00007051n	律师 律師 辩护人 執業律師 辯護士 辯護律師 刑事律师 法律顾问 辩护律师
bn:00023301n	法庭 法院 仲裁庭 審議庭 法官 審裁處 专门法院 公堂
bn:00034444n	
bn:00005600n	论据
bn:00023362n	报告 新闻报导 新闻报道 报告文学
bn:00057562n	记者 新闻工作者 記者 新闻人物 新闻记者
bn:00030627n	僱用 就业 就業 用法 雇佣 雇用 使用 采用
bn:00016140n	
bn:00003263n	气氛 周围环境 大气 大气圈 大气层 氛围 氣氛
bn:00026622n	细节 一点
bn:00060907n	激情 热情 狂熱 passionateness
bn:00019404n	声称 断言 命题 要求 逻辑命题
bn:00064192n	规定
bn:00025170n	危险 威胁
bn:00046310n	包含 包括
bn:00046516n	人 个人 个体 凡人 個人 某人 灵魂 個體 有些人 有人 谁
bn:00067807n	权利 權利
bn:00025890n	辩护律师 辯護律師 刑事律师 刑事辩护律师
bn:00078207n	主审法官
bn:00064914n	省 县 国家 州 府 省份
bn:00075262n	高級法院 上级法院
bn:00059171n	裁决
bn:00048459n	新闻媒体 新聞媒體 新聞媒體業 新聞業
bn:00032047n	證據 证据 作证 證物 明證 罪証 罪证
bn:00050106n	
bn:00050107n	
bn:00005022n	上诉法院 上訴法院 受理上诉的法院 上訴審查 上訴法庭
bn:00016403n	诉讼 案件 官司 起诉 控告 案 讼案 诉讼案 诉讼案件 民事诉讼 禁制令 訴訟 司法案件 法律判例 法律訴訟 法律诉讼 緊急處分 诉讼律师 民事案件 原因 因果 审前 当事人 民事法庭 法律纠纷 病因 系统原因
bn:00015226n	公平意识
bn:00075359n	美国最高法院 美國最高法院 united_states_supreme_court 美国最高法庭 美国联邦最高法院 美國聯邦最高法院 联邦最高法院 中美最高法院 中美最高法院的 司各脱 最高法院美利坚合众国 美国最高法院大官
bn:00021628n	定罪 判决 判罪 证明有罪 量刑 判決 裁决 裁決 刑事定罪 刑罚 定罪判决
bn:00019742n	克利夫兰 克里夫蘭 企城 企李崙 克里夫兰 克利夫蘭 cleveland 克利夫兰市
bn:00059674n	osteopathist 整骨
bn:00032175n	谋杀 謀殺 凶杀 杀人 杀戮 故意杀人 故意杀人罪 謀殺罪 一級謀殺罪 故杀 蓄意殺人 预谋杀人 一级谋杀罪 二级谋杀 二级谋杀罪 杀害 酷刑谋杀
bn:00053531n	妻子 太太 老婆 爱人 家室 堂客 妻 家後 拙荆 賤內 人妻 内子 前妻 娘子 妇人
bn:00021584n	决定 结论
bn:00023807n	罪行 犯罪行为 罪案 刑事犯罪 犯罪 罪 犯罪行為 刑事罪行 兇犯 刑事案件 刑事犯罪分子 外国人犯罪 无价值 犯人 犯法 犯罪分子 犯罪活動 罪名 罪犯 赃款 违法者 違法犯罪 犯罪活动 违法 非法活动
bn:00046926n	
bn:00076429n	电视节目 電視節目 電視編排 电视编排
bn:00034471n	电影 影片 電影 大電影 片 电影剧 第八藝術 movie 彩色电影 影畫戲 映畫 电影作品 电影学 主要的电影 大屏幕 影 戏剧电影 画展 移动图片 移动图片展示 运动图片展示 运动画面的
bn:00042601n	一半 半 二分之一 0.5 50% 的二分之一
bn:00017234n	世纪 世紀 百年
bn:00033729n	模式 方式 风格
bn:00016851n	原因
bn:00016013n	关心 挂念 关注
bn:00064601n	教授 老师 大学教授 副教授 博士生导师 正教授 个人的椅子 助理教授 名誉教授 教授extraordinarius 普通教授 椅子
bn:00021904n	康乃狄克州 康涅狄格州 connecticut 康乃狄克 康乃狄格 康乃狄格州 康乃迪克州 康尼迪克州 康涅狄克州 宪法国家 肉豆蔻国家
bn:00015656n	死刑 处决 极刑 处死 極刑 死罪 處死 處決 伏法 大辟 弃市 执行死刑 生命刑 重辟 执行 司法执行
bn:00067181n	报告 報告 報告書 报告书 书面报告
bn:00045800n	想法 主意 构想 理念 思想 思维 構想 思考 考慮 考虑 意念 構思 构思 點子
bn:00021221n	沟通 溝通 通信 通訊
bn:00048657n	jurywoman 陪审员
bn:00066343n	反应
bn:00032381n	照片 相片 像片 寫真 摄影作品
bn:00079940n	受害者 受害人 牺牲者
bn:00025364n	女儿 女兒 姑娘 閨女 闺女 千金 囡囡
bn:00064806n	檢察官 控方律师 检察官 檢事 起訴人 檢控 檢控官 檢方 公诉人 起诉 起诉人 起诉官
bn:00034552n	判决 裁定 陪审团裁决 裁决 裁決 裁斷 判决书 发现的事实
bn:00021961n	结果 后果 結果 影响 效果
bn:00047077n	兴趣 興趣
bn:00017559n	盘问 诘问 质疑 质问
bn:00030113n	选举 選舉 競選 國政選舉 竞选 民選 竞选连任 第民选
bn:00015050n	竞选运动 政治运动 选战 助选 政治競選 政治運動 竞选活动 競選活動 选举活动 選戰 選舉活動 总统竞选
bn:00015056n	候选人 候补 竞选者 被提名的人 活动家 被提名人
bn:00070459n	美国参议院 美國參議院 参议院 參議院 議會 議院 议会 议院 美利堅合眾國參議院 合众国参议院 合眾國參議院 美利坚合众国参议院 美国联邦参议院 美國參議員 美国参议员
bn:00030581n	情绪 情感 感情 喜怒哀樂 情緒
bn:00021278n	压碎 粉碎 压实 壓實
bn:00015008n	照相機 照相机 相机 靜態影像相機 翕相機 影相機 相機 📷 摄影摄像
bn:00023326n	法院 法庭 法院大楼 法院大樓 法院建築 縣法院
bn:00057481n	纽黑文 纽哈芬市 紐黑文 新哈芬 紐哈芬 新港 new_haven 紐海芬 纽黑文市
bn:00047238n	面談 访问 走访 采访 落區 訪問 面試 面谈 面试
bn:00048461n	记者 新聞工作者 記者 新闻工作者 新聞從業員 媒体报道 电视记者
bn:00061746n	观点 见解 位置
bn:00017651n	更换 变化
bn:00001267n	适应 適應 顺应
bn:00066933n	规则 准则 惯例
bn:00006759n	运动 体育 運動 竞技 体育运动 體育 競技 體育運動 体育的概念 競技運動 體壇 体育赛事
bn:00036292n	詐騙 诈骗 做假帳 出千 千术 商業騙案 拐骗 欺詐 欺骗 街頭騙案 被騙 詐欺 詐欺師 詐欺犯 詐欺罪 詐騙案 讹诈 诈欺 诈欺犯 诈骗罪 騙子 騙案 骗子 敲诈 欺騙 老千 金融詐騙 骗 a走 出老千 行騙 詐騙業 詐騙活動 詐騙行業 詐騙錢財 誘騙 诈骗手法 欺诈
bn:00048655n	法律 法律系统 法律理论 律 律法 法 法例 王法 法律战 立法
bn:00033750n	诡计 骗局 快一
bn:00045199n	妙語 打趣 抖机灵 抖激灵 妙语 对答 幽默 急智 机智
bn:00081224n	意志
bn:00030015n	驅逐出場 开除 開除 驱逐 退學 驅逐 开除学籍 退学 開除學籍 取消资格
bn:00046794n	墨水 油墨
bn:00009654n	行为 为人 举动 举止 品行
bn:14866890n	
bn:00015917n	薄纸板
bn:00021722n	運動會 體育聯盟 联赛 体育联赛 競技會 運動聯盟 会议 体育联盟
bn:00061898n	阶段 时期
bn:00021015n	委员会 委員會 考察团 调查团 常设委员会 执行委员会 指导委员会 议会委员
bn:00022845n	
bn:00077924n	教练员 驯兽师 教練 教練員 教练
bn:00046294n	
bn:00019219n	情况 场合 环境 背景 情況 上下文 来龙去脉 場合 状态 狀態 環境
bn:00061054n	模式 惯例 习惯 習慣 做法
bn:00081622n	世界
bn:00035704n	足球 橄榄球 球类运动 足球類運動 足球类运动 足球比赛
bn:00031735n	道德觀 思潮 气质 氣質 精神 ethos 伊逤斯 社会思潮
bn:00021395n	部分 局部 要素 部位 部分-整体关系 一部分 矢量分 矢量和 组件 组成部分
bn:00005601n	辩论 讨论 辯論 争论 討論 口頭辯論 思辯 辩 辩论赛 雄辯 政治辩论 演讲和辩论 论证 论证理 辩论队
bn:00059480n	组织 团体 机构 集团 組織 團體 機構 集團 社会组织 社會組織 建立
bn:00004527n	讚美詩 赞美诗 圣歌 聖歌 頌 颂 基督教讚美詩 聖詩
bn:00041354n	magnanimousness 高贵
bn:00044654n	名誉 荣誉 榮譽 名譽 信用 光栄 光荣 榮譽感
bn:00001077n	行为 作为 动作 人的行动 人类活动
bn:00028614n	
bn:00044269n	
bn:00076339n	
bn:00078798n	类型
bn:00064077n	令狀 戒律
bn:00059436n	规则 条令 条例 條令 條例 法令 規例 規則 规例 政府监管 监管
bn:00047690n	
bn:00025080n	损坏 损害 毁坏 傷害 損害賠償
bn:00033960n	感觉 心情 情绪 气氛 风气 精神 音
bn:00001561n	优势 利益 好处 报酬
bn:00047017n	正直 誠信 诚实 廉正 诚信
bn:00006383n	
bn:00050275n	坏人 法律的罪犯
bn:00076925n	东西 東西 事物 物 物件
bn:00022078n	推定欺诈 法律欺诈
bn:00046721n	轻罪 违反 輕罪 微罪 专利侵权 专利诉讼 侵害 违规行为
bn:00061325n	惩罚 处罚 刑罚 刑罰 懲罰 惩 罚 惩治 懲處 penalisation 刑事处罚 惩罚性
bn:00021348n	
bn:00009905n	利益 得益 益处 好处 福利 益處
bn:00069579n	战略 策略 戰略 計劃 计划 軍事策略 戰略位置
bn:00020039n	行會 同業公會 公会 俱乐部 团体 社交俱樂部 公會 同业公会 行会 職業團體 guild 基爾特 行業工會 公会系统 商人公会 手工业行会 社交俱乐部 私人俱乐部 镀金
bn:00017615n	锦标赛 錦標賽
bn:00046391n	不确定性 indeterminateness 期不确定性
bn:00003125n	变化 修改 改变
bn:00000674n	增加物 添加物
bn:00024727n	
bn:00075455n	停權 暫停 停職 临时搬迁
bn:00000772n	积聚 累积 权责发生制 计提
bn:00051035n	代替
bn:00024724n	循环地
bn:00006559n	假定 假设
bn:00005092n	实际应用 应用
bn:00012212n	疆界 边界 国境 边境 边界线 邊界 界线 國境 邊境 國界 徼 界限 边缘 過境 不设防疆界 国境线 国界 划界 判决 国家边境 国际边界 跨境 选区划界
bn:00048587n	际
bn:00005599n	争论 争议 爭論 论争 爭議 論爭 disceptation 有争议的
bn:00032661n	因素
bn:00078024n	传送 发射
bn:00027363n	指示
bn:00013701n	微生物
bn:00063739n	可能性 可能 possibleness
bn:00027530n	发现 發現
bn:00007854n	细菌 細菌 bacteria 病菌 真細菌 真細菌域 真細菌界 細菌域 细菌域 细菌界 菌
bn:00005917n	砷 砒 as 33號元素 arsenic 元素33 砷元素 第33號元素 原子序数33
bn:00035649n	營養素 食品 食物 養分 滋养物 营养物 营养 菜 养分 营养素 macronutrients 營養成份 營養物質 营养价值 营养成分 营养物质 营养素的
bn:00035911n	变种 分型 变型 應變 型 毒株 變型 株 菌株 形式
bn:00047356n	研究员 研究者 科学研究工作者 研究員 科研工作者
bn:00051054n	生命 性命 存活 生命現象 生存
bn:00018105n	化学元素 化學元素 元素 chemical_element
bn:00009677n	有机体 生物 有機體 存有 生物体 存在 存在狀態 存在體 生命个体 生物个体 生物基础・生物 生物有机体 動植物 生命体 生命體 生物體 植物群和动
bn:00015410n	能力 容量 性能 本领
bn:00006845n	磷 燐 p 15號元素 phosphorus 元素15 磷元素 第15號元素 原子序数15
bn:00029770n	版本形式
bn:00048453n	期刊 報刊 报刊 journal
bn:00006890n	碳 碳原子 c 6號元素 carbon 元素6 有机碳化合物 炭素 第6號元素 原子数6 碳质
bn:00006823n	氢 氫 氢气 h 1號元素 hydrogen 氢元素 水素 活泼氢 第1號元素 轻气 二氢 原子序数1 氢分子
bn:00006901n	氮 氮气 氮氣 n 7號元素 nitrogen 元素7 双氮 氮2 氮元素 氮原子 淡气 窒素 第7號元素 高纯氮 二氮 原子序数7 含氮
bn:00006912n	氧 o 8號元素 oxygen 元素8 氧元素 氧原子 氱 第8號元素 纯氧 酸素 高纯氧 分子氧 原子数8
bn:00006846n	硫 硫磺 硫黄 s 16號元素 sulfur sulphur 元素16 硫黃 第16號元素 自然硫 🜏 原子序数16 硫酸
bn:00014403n	加利福尼亚州 加州 加利福尼亞 加裏福尼亞 加裏福尼亞州 california 加利佛尼亞州 加利弗尼亞州 加利福利亞州 加利福尼亚 加利福尼亞州 加利福尼亞洲 加利褔尼亞州 加里福尼亚 加里福尼亚州 加里福尼亞 加里福尼亞州 美国加利福尼亚州 金州勇士队
bn:00012940n	发现 发觉 突破性进展 重大成就
bn:00045243n	搜索
bn:00007985n	学科 领域 主题 题目 科目 學科 主题字段 学术领域 学科领域 研究领域 跨学科
bn:00004352n	公告 声明 宣言 布告 宣布 文告
bn:00021869n	猜想 推测 推測 臆测 臆測 構想
bn:00024712n	互联网 因特网 互聯網 网络空间 赛博空间 因特網 網際網路 网际网路 信息空间 虚拟空间 计算机网络 電腦網路 網絡 網路 网络 网路 塞爆空間 数字空间 英特网 賽博空間 internet 英特網 cyberspace 互连网 互連網 交互网 全球互连网 国际互联网 国际互联网络 国际电脑网络 国际计算机互联网 國際網路 網路空間 网际网络 计算机互联网
bn:00027529n	發現 发现 科学发现
bn:00031074n	环境
bn:00010518n	生物化学 生物化學 生化 生理化学 biochemistry 生化反應 生化學 生化檢驗 生物化學家
bn:00070696n	一套 组
bn:00059768n	外层空间 外太空 太空 地球空间 外層空間 外空 宇宙空間 星际空间 行星际空间 地球和月亮之间的空
bn:00069670n	科学 科學 知識 女性科学家 科學領域中的女性 賽先生 一般科学 实证科学 科学学科
bn:00059087n	開放大學 open_university 英国公开大学 公开大学
bn:00013173n	英国 大不列颠及北爱尔兰联合王国 联合王国 大不列顛及北愛爾蘭聯合王國 聯合王國 英 英國 大英联合王国 大英聯合王國 英联合王国 英聯合王國 uk 不列颠 2009年英国 2010年英国 united_kingdom united_kingdom_of_great_britain_and_northern_ireland 大不列顛暨北愛爾蘭聯合王國 大不列顛與北愛爾蘭聯合王國 大不列颠和北爱尔兰联合王国 聯合皇國 腐国 英吉利國 英联王国 英聯王國 英国大不列颠及北爱尔兰
bn:00067280n	研究 基础研究 学术研究 应用研究 研究伦理学 研究人员
bn:00062309n	一件工作 工作
bn:00061666n	代入 替代
bn:00074759n	结构
bn:00056879n	美国国家航空航天局 美国航空航天局 nasa 国家航空航天局 國家航空暨太空總署 美国国家宇航局 美国宇航局 美国航天局 美国航空及太空总署 美國國家航天暨太空總署 美國國家航空暨太空總署 美國太空總署 美國航太總署 美國航空暨太空總署 美國航空航天局 航太總署 national_aeronautics_and_space_administration 国家航空航天管理局 國家航太總署 美国国家航空暨太空总署 美国太空总署 美國國家太空總署 美國國家航天局 美國國家航太總署 美國國家航空航天局 国家航空和天局 美国国家航空和航天局
bn:00006642n	天體生物學 外空生物学 太空生物學 太空生物学 天体生物学家 外太空生物學 天文生物學 宇宙生物學 天体生物学 宇宙生物学 空间生物学
bn:00046952n	體制 學院 体制 体制内 體制內 学院 机构 研究所
bn:00074790n	調查 研究
bn:00018096n	化学物质 化学 化學物質 化学制剂 化学制品 化学品 化学药品 純物質 纯净物 純淨物 纯物质 化学物种 化學物品 化学的
bn:00009655n	行为 表现 运行状况 不当行为
bn:00042951n	不利情况 低潮 粗糙的雪橇
bn:00052571n	机械 机器 机械装置
bn:00021538n	浓度 濃度 分析浓度
bn:00051067n	生命形式
bn:00062777n	
bn:00055813n	衛星 卫星 月亮 月球 天然衛星 天然卫星
bn:00006525n	助理教授 美国教授体系 荣誉退休教授 兼职教师 兼职教授 研究教授
bn:00054734n	微生物学 微生物學 微生物
bn:00001965n	手段 方式 办法 方法 机构
bn:00026317n	美國能源部 美国能源部 u.s._department_of_energy united_states_department_of_energy 能源部
bn:00056932n	國立衛生研究院 國家衛生院 national_institutes_of_health 国立卫生研究院 國家衛生研究院 國立健康研究院 美國國家衛生研究院 美國國家衛生院 nih 美国国家卫生总局 美国国家卫生研究院 美國國立衛生研究院 美国国立卫生研究院 美国立卫生研究院
bn:00055504n	犯罪手法 常规手法 惯例 modus_operandi 手法
bn:00075331n	支持 帮助 拥护 赞成
bn:00021207n	民主 民主主義 共和国 民主政治 民主主义 联邦 得莫克拉西 民主制 民主制度 democracy 反民主 平民政体 得谟 德谟克拉西 德谟克里西 民主原則 民主國家 民主體制 民主政府
bn:00050165n	拉丁美洲 拉美 中南美 中南美洲 拉丁美洲國家 拉美國家
bn:00007797n	
bn:00036346n	市场经济 市場經濟 自由企业 自由企業 市場力量 市場經濟體系 自由市場經濟 自由市场经济 巿場經濟 自由巿場經濟 市场经济地位 市場機制 自由經濟 以市场为基础的 市场为基础的经济 民营企业 私人拥有的 私人拥有的公司 私人控股公司 自由放任经济 货币经济
bn:00021558n	
bn:00079045n	失业 失業 失业状态 失业率 失業問題 失業如何解決 失業率 季節性失業 待业 創業方案 失业理论 無職 自然失业率 以工代赈计划 创造就业机会 创造就业机会的计划
bn:00012786n	巴西 巴西联邦共和国 brasil brazil 巴西共和国
bn:00066884n	区域 地区 區域 地區 行政区域
bn:00034551n	
bn:00015387n	民意调查 舆论调查 民意测验 民意調查 民調 輿論調查 民意測驗 民调 作民意调查 投票 支持率
bn:00007047n	态度 態度 心理态度
bn:00076918n	局面 形势 情况
bn:00058593n	10月 十月 10月份 ㋉ 一0月 一〇月 一零月
bn:00019781n	气候
bn:00070104n	第二 第２
bn:00022028n	穩定性理論 穩定 稳定性理论 澄清 稳定 过滤
bn:00072966n	南美洲 南美 south_america 南亚美利加洲 南美洲地區
bn:00075812n	表格 表 列表 表阵
bn:00032099n	例子 例 事例 例证 榜样 榜樣
bn:00061757n	秘鲁 秘魯 秘鲁共和国 祕魯 祕魯共和國 peru perú 土豆之乡 秘鲁国 馬鈴薯之鄉
bn:00029670n	经济增长 經濟增長 經濟成長 經濟成長率
bn:00052148n	
bn:00027260n	
bn:00059790n	产量 生产 生产量 输出量 產量
bn:00004456n	被上訴人 响应者 回答者
bn:00060767n	地区 地理地区 地區 地域 地理区域
bn:00026149n	民主主义者 民主主義者 民粹主义
bn:00007449n	平均 基准 平均数 算术平均值
bn:00017904n	图表 統計圖表 圖表
bn:00021846n	代表大会 国会
bn:00075069n	不幸
bn:00066516n	经济衰退 衰退 不景气 经济萧条 萧条 蕭條 退去 景氣衰退 經濟衰退 经济下滑 经济低迷 经济收缩 经济萎缩
bn:00001294n	增加量 增加 增大 增幅 增長 增长 收益
bn:00068809n	社会保障网 社會保障網
bn:00078931n	联合国 聯合國 地球聯合國 naciones_unidas organisation_des_nations_unies un united_nations организация_объединённых_наций الأمم_المتحدة 國際聯合 連合國 u.n 联合国的 联合国组织
bn:00029665n	拉丁美洲和加勒比经济委员会 联合国拉丁美洲及加勒比地区经济委员会 拉丁美洲经济委员会
bn:00064767n	
bn:00046157n	贫困 贫穷 貧窮 贫乏 贫瘠 貧困 穷 窮人 窮困 貧民 贫 贫困人口 低收入 城市贫困 相对贫困 贫困率 贫民
bn:00036838n	执行 运行 运转 功能
bn:00063592n	人氣 人气 声望 知名度 人和 人望 名望 聲望 名氣 普及
bn:00064234n	总统 總統 主席 大統領 总统先生 president
bn:00070497n	
bn:00001557n	进步 前进 提升 进展 進步
bn:00081136n	整体
bn:00048242n	问题 困难 問題 困難 难题 難題 麻烦 麻煩
bn:00066996n	亲戚 亲属 家属 親戚
bn:00026695n	发展 发展经济学家
bn:00075761n	的规则系统 系统
bn:00067239n	委内瑞拉 委內瑞拉 venezuela 委內瑞拉玻利瓦爾共和國 委内瑞拉共和国
bn:00050375n	領導能力 领导能力
bn:00027765n	卓越 杰出 的区别
bn:00029708n	厄瓜多尔 厄瓜多爾 ec ecu ecuador 厄瓜多 厄瓜多爾共和國 厄瓜多尔共和国 república_del_ecuador 厄瓜多共和國 赤道国 赤道國
bn:00028188n	多明尼加 多米尼加共和国 多米尼加 多米尼加共和國 多米尼克 多米尼加联邦 多米尼加聯邦 多明尼加共和国 多明尼加共和國 dominican_republic 基斯克亚 多明尼加共和国文化 多明尼加國
bn:00057614n	尼加拉瓜 尼加拉瓜共和国 nicaragua
bn:00043361n	醫療保健 医疗卫生 医疗保健 衛生保健 醫療 医疗 卫生保健 health_care_industry 醫療體系 医疗条件 行医治病 行醫看病 衛生事務 醫療衛生 醫療護理 医疗服务
bn:00050249n	法律
bn:00025417n	一天
bn:00027206n	晚餐 正餐 晚饭 主餐 晚飯 飧
bn:00050257n	律师事务所 律師事務所 法律事務所 律所 法律事务所 律师楼 律师行
bn:00044064n	最高法院 州最高法院 高等法院 終審機關 高院 美國州最高法院 高等法院大樓 最高法 高法院
bn:00001736n	社交场合 典礼 庆典 聚会 集会 社会功能
bn:00021723n	小组讨论
bn:00061826n	请愿 要求 请愿书 请求 請願 訴願 請願權
bn:00046920n	檢測 检查 检测 檢查 突击检查 突擊檢查
bn:00059879n	整建 翻新 再開發 刷新 整修 再开发 重建
bn:00021844n	美国国会 美國國會 国会 國會 united_states_congress 國會議員 美国议院 美國國會參議院 美國議會 美国会
bn:00009086n	
bn:00000127n	小时 小時 鐘頭 钟头 鐘點 60分钟 点 钟点 點 點齊 人力资源
bn:00053318n	3月 三月 03月 ㋂
bn:00065798n	
bn:00075589n	
bn:00027207n	晚宴
bn:00048506n	法律原則 法教义学 司法原则 法理
bn:00061047n	贊助 出资人 保證人 保证人 募款 樂捐 贊助人 贊助商 金主 守護人 赞助者 赞助 企业赞助 政治庇护 赞助商
bn:00034520n	结果 結果 最终结果
bn:00048507n	诉讼 讼争 诉讼案件 起诉 司法程序 法律纠纷
bn:00003365n	华盛顿特区 華盛頓特區 華府 華盛頓哥倫比亞特區 华盛顿哥伦比亚特区 华府 哥倫比亞特區 華盛頓市 华盛顿 浣洗屯 花生屯 華盛頓 district_of_columbia washington,_d.c. washington,_dc washington_d.c. washington_dc 华盛顿市 哥伦比亚特别行政区 哥伦比亚特区 哥伦比亚特区华盛顿市 美京 華盛頓dc 美国的资本 美国资本 首都华盛顿哥伦比亚特区
bn:00044967n	酒店 宾馆 旅馆 旅館 饭店 賓館 飯店 住宿 旅店 旅社 hotel 商務酒店 客房 連鎖酒店 🅗 商务酒店 经济型酒店 连锁酒店 酒店业
bn:00007013n	出席 参加
bn:00001582n	对手 敌手 對手 敵手 异议
bn:00042090n	客人 被邀请者 受邀者
bn:00032021n	事件 活动 活動
bn:00007146n	无 零 虚无 無 什么也没有 空值 零蛋 鴨蛋 鸭蛋 0 沒有 没有 虛無 空 zippo 任何事物 尼克斯 虚无缥缈 鹅蛋 齐尔希
bn:00031707n	倫理準則 道德守则 伦理 道德准则
bn:00020356n	行為準則 行为守则 行為守則 条例 條例 行为准则 行动规范 行動規範 行为规范
bn:00020352n	准则 法典 準則 章程 規章 规章 代码 代码的法律 法码 编纂
bn:00015320n	佳能
bn:00073170n	发言者 讲演者 说话的人 報告人 报告人 演說者 演講人 演讲人 演说者 發言者 講員 讲员 verbaliser 健谈的 描述器
bn:00042093n	座上客
bn:00064648n	
bn:00064763n	接近性 紧临
bn:00012862n	
bn:00046486n	冷淡
bn:00064233n	总裁 主席 總裁 会长 會長 总统
bn:00036850n	籌款 筹款 募捐活动 募捐活動 籌錢
bn:00005027n	
bn:00046077n	公正 公正的 无党派
bn:00007026n	注意 注重 关注
bn:00023858n	
bn:00014139n	
bn:00021976n	
bn:00072716n	法律政策專員 司法部副部长 总检察长
bn:00001423n	组织 政府 机关 機關 国家教会 管理机构
bn:00078206n	原訟法庭 原讼法庭 初審法院 原訟庭 审判法院 審判法庭 審判法院 一审 原审法院
bn:00046473n	指示 标志
bn:00000990n	了解 熟悉 精通 认识 熟练
bn:00031605n	西班牙 西班牙王國 西班牙王国 espana españa spain 以西巴尼亚 士班雅 大呂宋 日斯巴尼亞 西屬
bn:00071432n	
bn:00023012n	哥斯达黎加 哥斯達黎加 哥斯大黎加 哥斯达黎加共和国 costa_rica 丰饶海岸 哥斯大尼加 哥斯大黎加國 哥斯德黎加 哥斯達尼加 哥斯達黎加共和國 格斯達里加
bn:00022263n	分界线 界限
bn:00077463n	
bn:00015531n	聖荷西 圣何塞 圣荷西 聖何塞縣 聖何塞 san_josé 聖荷西區 聖荷西縣 哥斯达黎加首都
bn:00031896n	欧洲 欧罗巴 欧罗巴洲 歐洲 歐羅巴洲 欧 歐 歐羅巴 日落之地 西日洲 europa europe 欧罗巴半岛 歐洲地區
bn:00034737n	头等 第一 第一个
bn:00066576n	记录
bn:00018661n	選擇 选择
bn:00060340n	巴拿马 巴拿馬 panama 巴拿马共和国
bn:00035713n	足球运动员 足球員 足球员 足球选手 足球選手 職業足球員
bn:00030861n	英格兰 英格蘭 英國 英国 england 英倫 英吉利 英格蘭地區 英蘭
bn:00024417n	奖杯 优胜杯 獎盃
bn:00021338n	竞争 比赛 竞赛 赛 競技 競爭 競爭者 竞争对手
bn:00011444n	
bn:00032308n	
bn:00081625n	國際足協世界盃 世界盃足球賽 不同意 世界杯 fifa_world_cup fifa世界杯 世界杯足球赛 世界盃 世足 世足賽 fwc 世界杯足球比赛 世界杯足球賽 世界杯足球赛决赛周 世界盃足球 世界足球锦标赛 世盃 国际足联世界杯 国际足联世界杯足球赛 足球世界杯
bn:00032306n	经验 經驗 经历 經歷 體驗
bn:00005516n	领域 场 场地 田地 范围 方面
bn:00041239n	分等 等级 水平
bn:00018660n	选择 選擇
bn:00040851n	守门员 守門員 门将 門將 冰上曲棍球位置 足球守門員 足球守门员 龍門 netminder
bn:00013179n	伦敦 倫敦 london 大伦敦 英国的资本 英国首都
bn:00066577n	最高纪录 最好成績 最好成绩 最高記錄 最高记录 紀錄 纪录
bn:00053772n	比赛 赛
bn:00074678n	
bn:00064204n	出席 存在
bn:00040847n	得分 进球 目标
bn:00046021n	移民 迁入 外來移民 外来的移民 移居入境 遷入 在迁移
bn:00017621n	机会
bn:00021816n	堵塞 阻塞 人满为患 人滿為患 过度拥挤
bn:00022026n	警察 警方 警隊 公安 警 警察機構 警队 警察機關 警務機關 警政機關 警察部門 安全部队 武警 警察部门 警察部队
bn:00070651n	服务 劳务 勞務 服務
bn:00021322n	
bn:00021644n	形势 情况 情势 状况 状态
bn:00045163n	人权 人權 个人权利 人权状况 人权问题 人类基本权利 人类权利 人身权利 基本人權
bn:00042917n	骚扰 騷擾 妨害 干扰 折磨 烦恼 网络骚扰
bn:00029806n	学生 學生 弟子 生徒 女學生 學生妹 学员 學生階級 學童 門生 受教育者
bn:00036202n	法国 法國 法兰西 法蘭西 法 法兰斯 法蘭斯 法兰西共和国 法蘭西共和國 france francia république_française 佛朗西 佛蘭西 法国伊斯兰教 法国农产业
bn:00075959n	
bn:00013057n	砌磚工 瓦工 泥水匠 砌砖工 砖匠 磚匠
bn:00070648n	服务员 服務員 侍者 侍應 企堂 伙计 侍应 侍應生 夥計 小妹 店小二 服务生 服務生 看板娘 跑㑽 侍应生 跑堂
bn:00063237n	观点 立场 觀點 角度 看法 见解 立場 观点（哲学） 视角 角度来看
bn:00021958n	共识 一致的意见 一致看法 共同意见 集体意见 共識
bn:00050522n	左翼 左倾的 左派 左翼政治
bn:00067810n	右派 右翼分子 右翼 右翼政治
bn:00074900n	主题 论题 话题 课题 题目 主題 話題 主题评论
bn:00079043n	失业 失业人 失业的
bn:00081593n	劳动者 劳工 工人 工作者
bn:00055292n	不幸 悲惨的境遇 痛苦 难受的罪啊
bn:00027022n	差异 差別 差别 差異
bn:00037691n	慷慨 大方 宽厚 寬厚 心地宽厚
bn:00030707n	侵入 侵占 侵害 侵犯 侵略 入侵 闯入
bn:00072653n	领土
bn:00044758n	主机
bn:00062576n	水管工 管子工 配管工 水暖工 鉛管工 铅管工 管工 管道工 管鉗工 水喉匠 水喉工 水喉技工 水管工人 管道安装工
bn:00046019n	移民 移民者 侨民
bn:00072566n	社会 社会团体 社會 人类社会 文明社会 文明社會
bn:00008267n	陈词滥调 陳腔濫調 老套 陳詞濫調 老生常談 老生常谈 平凡 平庸 老生常谈的问题 股票短语
bn:00009717n	印象 感觉
bn:00006504n	优点 有利的情况或因素 财富 资产
bn:00029667n	经济学家 經濟學家 經濟師 經濟顧問 经济学者 总经济师 經濟學者 總經濟師 经济师 经济顾问 经济专家
bn:00012059n	书 书籍 圖書 書 書籍 图书 書本 书本 印刷书籍 📕 📖 📗 📘 📙 📚
bn:00020452n	知识 认知 認知 知識 学问 认识 認識 學問 心智功能 心靈功能 思維過程 思维过程 人類知識 認知功能 認知過程 意向作用 认知能力 认知过程
bn:00054907n	迁移 人口遷徙 徒动 移民 徙动 徙動 遷移 人口遷移 人類遷徙 人類遷移
bn:00028141n	世界
bn:00036941n	未来 将来 將來 未來 今后 以后 前途 不久的将来 来
bn:00073206n	专家 专门家 專家 專門家 specialiser 专用函数
bn:00035374n	流 流动 飘扬
bn:00029416n	工资 薪水 薪金 工資 報酬 作报偿的东西 报酬 工錢 工钱 薪資 酬金 薪酬 酬勞 付 劳动力成本 工资率
bn:00030616n	工作 职业 僱傭 職業 受雇 被雇用 就业 僱主 僱傭者 僱傭關係 僱用 勞方 受薪階層 就業 職工 被雇佣 被雇佣者 被雇用者 雇佣 雇佣者 雇用 雇主 雇傭關係 僱員 就業機會 职员 雇佣关系 人员 使用 合同工 工作生活
bn:00041979n	增加 增大 增值 增多 增量
bn:00033854n	恐怖 恐惧 害怕 怕 恐 恐懼 惧 畏惧 惊骇
bn:00066419n	真实性
bn:00003129n	候补者 替换者 备用
bn:00049570n	工人阶级 无产阶级 勞動階級 工人階級 劳动阶级 一伙 一堆 劳工 无产者 勞動階層 工人階層 普羅大眾 無產階級 半无产者 半无产阶级 工薪階層 劳动力 工薪阶层的
bn:00023496n	工艺 职业 工藝 贸易
bn:00025916n	不足 赤字 經濟短缺 不足额 缺额 超額需求 短缺经济 短缺
bn:00041853n	訓練 准备工作 训练 在职训练 在職學習 培训
bn:00059122n	外科医生 外科醫生 外科醫師 外科大夫 外科医师 sawbones 手术的医生
bn:00003755n	麻醉师 麻醉師 麻醉科醫師 麻醉学者 麻醉科医师 麻醉科醫生
bn:00021359n	互相依赖 互相补充 互补作用
bn:00005886n	
bn:00027862n	变化 多样性 多样化 主体多元化 品种 差异性
bn:00023652n	创造 发明 创造性活动
bn:00003343n	美国人 美國人 美国国籍 americans people_of_the_united_states 合众国人民 合眾國人民 美利坚人 美利堅人 美国
bn:00057832n	诺贝尔奖 諾貝爾獎 nobel_prize 炸药奖 諾獎 诺贝尔获奖者 荣获诺贝尔奖
bn:00079944n	胜利者 优胜者 勝利者 優勝者 得勝者 得胜者 獲勝者 获胜者 贏家 赢家
bn:00041092n	google搜索 谷歌搜索 google搜尋 google_search google google.com google_搜尋 google_搜索 google图像搜索 google搜索引擎 google本地搜索 google网页搜索 谷歌
bn:00081801n	雅虎 yahoo!_雅虎 杰瑞戴夫互聯網導航 雅虎! 雅虎公司 雅虎！ yahoo yahoo! yahoo.com 中国雅虎 雅虎中国 雅虎美國
bn:00054906n	农民
bn:00022274n	
bn:00072539n	社会结构 社会组织 社會系統 社會結構 社会制度
bn:00013640n	预算案 財政預算案 預算 预算 预算报告 經費 经费 财政预算 預算案 财政预算案
bn:00031903n	欧洲国家
bn:00026684n	德国 德國 德意志联邦共和国 德意志聯邦共和國 德 联邦德国 聯邦德國 德意志聯邦 德意志 德意志联邦 deutschland germany 德國第三共和 frg
bn:00001936n	年龄 寿命 年岁 年纪 陈年潜力
bn:00022269n	贡献 份额 局部 要素 部分
bn:00066490n	收据 收據 发票 收条 🧾
bn:00032300n	支出 费用 花费 費用
bn:00051048n	一生 寿命 生命周期
bn:00053151n	任务
bn:00047730n	项
bn:00013194n	英镑 英鎊 英国货币 英磅 鎊 镑 £ british_pound gbp pound_sterling uk_pound united_kingdom_pound 💷
bn:00003340n	罚款 罚金 罰金 罰款 罰鍰 罚锾 罰錢 抢夺 精
bn:00064527n	问题 困难 难题 麻烦
bn:00037296n	动乱 吵闹 喧哗 喧闹 暴乱 混乱 骚动 garboil tumultuousness
bn:00017235n	首席执行官 执行总裁 首席執行官 執行總裁 最高執行官 最高执行官 營運長 营运长 企業執行長 執行長 行政總監 行政總裁 首席執行長 ceo chief_executive_officer 行政总裁 首席营运官 董事总经理
bn:00046575n	行业
bn:00060928n	过去
bn:00021769n	纠纷 争端 争议 争论 衝突 争执 爭端 爭論 爭議 糾紛 流血衝突 恩怨 紛爭 不同的意见
bn:00008419n	破产
bn:00023681n	儲蓄互助社 信用合作社 储蓄互助社 遮仔會 信用組合 信用社
bn:00066938n	
bn:00074684n	
bn:00064699n	承诺 允诺 誓言 责任 任務 責任
bn:00029680n	价值 估价 评价 價值 經濟價值 经济价值
bn:00060837n	当事人 一方 當事人
bn:00041611n	纽约 紐約 紐約州 纽约州 紐約市 纽约市 city_of_new_york new_york new_york,_ny new_york_city the_city_of_new_york 大蘋果 新約克 紐約克 纽约城 美國紐約 鳥約 大纽约
bn:00030605n	纽约州 纽约 紐約 紐約州 new_york 帝國州 ny 帝国
bn:00011099n	有罪 有过失 當受譴責 culpableness 过失责任
bn:00070725n	庭外和解
bn:00017517n	主席 议长 董事长 会长 議長 总裁 高官 董事長 委员长 會長 理事长 主持 副主席 副会长 召集人 执行董事长
bn:00067371n	
bn:00019763n	客户 顾客 顧客 主顾 委托人 客人
bn:00008382n	存款 银行存款 存钱
bn:00021329n	补偿 赔偿
bn:00052050n	损失 失去的东西 失物
bn:00000016n	兆 十亿
bn:00075151n	夏季 夏 夏天 舊愛來作客 仲夏 盛夏 盛夏時節 真夏 南半球夏季 夏令
bn:00055949n	抵押支付证券 不動產抵押貸款證券 住房抵押貸款證券 住房抵押贷款支持证券 抵押貸款支持證券 抵押贷款担保证券 抵押贷款证券 抵押贷款支持证券
bn:00026603n	命運 命运 運勢 運命
bn:00070537n	九月 9月 9月份 09月 ㋈ 9月日
bn:00081261n	
bn:00001193n	不当行为 不法行为 严重行为不当 犯罪行为
bn:00080687n	挥手示意 挥手致意
bn:00019403n	
bn:00050659n	贷款人 出借人 貸款人
bn:00033638n	房利美 fannie_mae 联邦国民抵押贷款协会 fnma 房利美（fannie_mae） 美国联邦国民抵押贷款协会
bn:00033911n	房地美 联邦住房贷款抵押公司 freddie_mac 房貸美 聯邦住房抵押貸款公司 fhlmc 房地美（freddie_mac） 美国联邦住宅贷款抵押公司
bn:00055948n	抵押 抵押贷款 按揭 房貸 房贷 抵押貸款
bn:00025567n	交易 买卖 生意 处理 處理
bn:00001134n	诉讼 法律诉讼 起诉 在法律上的行动
bn:00002178n	意图 目的 意向 打算 目标 意圖 故意 有意
