bn:00041942n	ฺฏุฑูู
bn:00062759n	ุทุฑุญ ุชุฏุจุฑ ุชุฏุจุฑโ ุทุฑุญโ ููุดูโ ูพูุงูโ ุจุฑูุงูู ูุฏุฑ_ุจุฑูุงูู
bn:00027473n	
bn:00019780n	ุณุฑุฒูู ุงููู ุขุจ_ู_ููุงโ ุงูููโ ุขุจโูููุง ุงุจ_ู_ููุง ุขุจ_ู_ููุง ุขุจ_ู_ููุง ุขุจ_ูููุง ุงุจ_ูููุง ุงุจโูููุง ุงูููู ุชูุณููุงุช_ุงููููู_ูุนูุงุฑู_ุงูุฑุงู ุชูุณูุงุช_ุงููู_ูุนูุงุฑ_ุงุฑุงู ุขุจ_ู_ููุง ุณุณุชู_ุขุจ_ู_ููุง
bn:00021721n	ูุฐุงฺฉุฑู ูุดุงูุฑู ูู_ุฑุงุฒู ฺฏูุชฺฏู ฺฉููุฑุงูุณ
bn:00063819n	ููุถุน_ฺฏุฑ
bn:00066603n	ุงุชูุงู_ูุชูุงุจู
bn:00017153n	ุชูุฑฺฉุฒ
bn:00036512n	ุฌูุนู ุขุฏูู ุขุฏููโ ุฌูุนูโ ุขุฏููู ุงุฏููู ุงุฏูู ูุงููุฏุดูุฏ ูุงูุฏุดุฏ ูู_ุงูุฌูุนู
bn:00067024n	
bn:00028015n	ุณูุฏ ูุฏุฑฺฉ ุญูุฌููุชโ ุณูููุฏโ ููุฏุฑูฺฉโ ุงูุฑุงู ููุงูุงุช ููุดุชู_ุดุฏู_ุณูุฏ
bn:00025780n	ูุงูุด ฺฉุงูุด ฺฏุงู_ุจู_ูพุงู
bn:00078738n	ุณุงู ุณุงู_ูุฌูู twelvemonth ุฏุฑ_ุณุงู ฺฉุงุฑุดูุงุณ_ุงุฑุดุฏ
bn:00013941n	ุจุงุฑ ฺฏุฑู ุชุนูุฏ
bn:00076588n	ูุงุฒโ ูุฑุญููโ ูุฏุช ฺฉูุชุงู_ูุฏุช
bn:00076732n	ูุชู ูุงุฏู_ูุชู
bn:00008786n	ุงุณุงุณ ุงุณุงุณโ ุจูุงุฏโ ุจูโ ุดุงููุฏูโ ูพุงูโ ุจุฑุฏุงุฑ_ุงุณุงุณ ุตูุฑุช_ูุฑุชุจ
bn:00008568n	ุฎุฑุฏ_ุงุฑุฒุงู ุณูุฏุง ูุฑุงุฑุฏุงุฏ_ูุนุงููู ูุนุงููู
bn:00041712n	ฺฏุงุฒ_ฺฏูุฎุงููโุง ฺฏุงุฒูุง_ฺฏูุฎุงูู_ุง ุงูุชุดุงุฑ_ฺฉุฑุจู ุงุซุฑุงุช_ฺฏูุฎุงูู_ุง ุงุซุฑุงุช_ฺฏูุฎุงููโุง ูพุฑูฺูู_ูุชุฑุฌูุงู/ุงูุชุดุงุฑ_ฺฉุฑุจู ฺฏุงุฒ_ูุง_ฺฏูุฎุงูู_ุง ฺฏุงุฒ_ฺฏูุฎุงูู_ุง ฺฏุงุฒูุง_ฺฏู_ุฎุงูู_ุง ฺฏุงุฒูุง_ฺฏูุฎุงููโุง ฺฏุงุฒูุง_ฺฏูโุฎุงููโุง ฺฏุงุฒโูุง_ฺฏูุฎุงููโุง ฺฏุงุฒโูุง_ฺฏูโุฎุงููโุง ุงุซุฑุงุช_ฺฏูุฎุงูู_ุงู ุงุซุฑุงุช_ฺฏูุฎุงููู_ุงู ุงุซุฑุงุช_ฺฏูุฎุงููู_ุง ุงูุชุดุงุฑ_ูุฑุจู ูพุฑูฺูู_ูุชุฑุฌูุงู/ุงูุชุดุงุฑ_ูุฑุจู ฺฏุงุฒ_ูุงู_ฺฏู_ุฎุงูู_ุงู ฺฏุงุฒ_ูุงู_ฺฏูุฎุงูู_ุงู ฺฏุงุฒ_ูุง_ฺฏู_ุฎุงูู_ุง ฺฏุงุฒ_ฺฏูุฎุงูู_ุงู ฺฏุงุฒูุงู_ฺฏู_ุฎุงูู_ุงู ฺฏุงุฒูุงู_ฺฏูุฎุงูู_ุงู ุงูุชุดุงุฑ_ุฏ_ุงฺฉุณุฏ_ฺฉุฑุจู ุงูุชุดุงุฑ_ฺฏุงุฒูุง_ฺฏูุฎุงูู_ุง ุงูุชุดุงุฑ_ฺฏูุฎุงูู_ุง ุจุงุฒุฎูุฑุฏ_ุจุฎุงุฑ_ุขุจ ุทูู_ุนูุฑ_ุฌู
bn:00058511n	ูุงูุน ูพุงฺฏุฑ ูุงูุนโ
bn:00061005n	ุฑุงู ุณุฑุช ูุณุฑ
bn:00001549n	
bn:00026838n	ูุฐุงฺฉุฑู ูุฐุงฺฉุฑูโ ูุฐุงฺฉุฑุงุช ูุฐุงูุฑู
bn:00077267n	ุฒูุงู
bn:00045153n	ุฌูุงู ุฌูุณ_ุจุดุฑ ูุฑุฏู ููุน_ุงูุณุงู ุจุดุฑ ุงูุณุงู ุงูุณุงู_ุงุณุช ุจุดุฑุช ูฺุงุฏ_ุจุดุฑ
bn:00029424n	ุฒูู ุงุฑุถ ฺฏู ะทะฐะผะธะฝ ุฒููโ ุณุงุฑู_ุฒูู ฺฉุฑู_ุฒูู โ ุชูู_ุขุจ ุฌูุงู ุณุงุฑู_ุขุจ ููุทู_ุขุจ_ฺฉูุฑูฺฏ ๐ ๐ ๐ ๐บ ๐จ ุฒููู ุณุงุฎุชูุงู_ุฒููู ุณุงุฎุชูุงู_ุฒูู ุณูุงุฑู_ุฒููู ุณูุงุฑูู_ุฒููู ุณุงุฑูู_ุฒูู ูุฑู_ุฒููู ูุฑูู_ุฒููู ูุฑ_ุฒููู ฺฉุฑูู_ุฒูู ฺฉุฑ_ุฒูู ุฌูุงูุ
bn:00050371n	ุฑูุจุฑ
bn:00022479n	ฺฉูพููุงฺฏ ฺฉูพููุงฺฏโ ูููพููุงฺฏ ูููพููุงฺฏู ููพููุงู ููพููุงฺฏ ููพููุงฺฏู ฺฉููพููุงฺฏ ฺฉููพููุงฺฏู ฺฉูพููุงฺฉ ฺฉูพููุงฺฏู kobenhavn ูพุงุชุฎุช_ุฏุงููุงุฑฺฉ
bn:00014711n	ููุชู_ุชููู
bn:00081604n	ฺฏุฑูู_ฺฉุงุฑ ฺฏุฑูู_ูุงุฑู ฺฉุงุฑ_ุญุฒุจ ฺฉุงุฑ_ฺฏุฑูู
bn:00055644n	ูพูู ููุฏ ูพูู
bn:00023236n	ููุช ุฏููุช ฺฉุดูุฑ_ูุณุชูู ุญุงฺฉูุช_ุฏููุช ุฏููุช_ูุฏุฑุงู ุฏูููููุชโ ููุฑููุงููุฑููุงโ ููุชโ ฺฉูุดููุฑโ ุฏููุช ูู ุฏููุชู ูุดูุฑ_ูุณุชูู ููู ุจุฏู_ุณุงุณ ุฌุงูุนู_ุณุงุณ ูุธุฑู_ุงุฎุจุงุฑ_ุงุฒ_ุงุณุชููุงู ูพฺููุด_ุฏุฑ_ูุดุฑู ฺฉุดูุฑ
bn:00058969n	ุงุฏู ุดุฎุต ฺฉุณ ฺฉ
bn:00040681n	ฺฏุฑูโุดุฏู_ุฒูู ุชุบุฑ_ุงููู ฺฏุฑูุงุด_ุฒููโ ฺฏุฑูุงุด_ุฌูุงู ุชุบุฑุงุช_ุงููู ุฏฺฏุฑฺฏูู_ุงููู ฺฏุฑู_ุดุฏู_ุฌูุงู ฺฏุฑู_ุดุฏู_ุฒููู ฺฏุฑู_ุดุฏู_ุฒูู ฺฏุฑู_ุดุฏู_ฺฉุฑู_ุฒูู ฺฏุฑูุงูุด_ุฌูุงูู ฺฏุฑูุงูุด_ุฒููู ฺฏุฑูุง_ุฌูุงู ฺฏุฑูุงุด_ุฒูู ฺฏุฑูุงุด_ููุง ฺฏุฑูโุดุฏู_ฺฉุฑู_ุฒูู ุชุบุฑุงุช_ุขุจ_ู_ููุง_ุงูุณุงู
bn:00003268n	ุญุฏูุฏ ูุญูุทู ููุณุงู_ููุง ุญูุฒู ุฏุงููู
bn:00003132n	ุฏฺฏุฑ ุงุฎุชุงุฑ ุงุฒุงุฏ ุงูุชุฎุงุจ ุฎุงุฑ ุฎุงุฑ_ูุณุฎ ุจูุฑฺฏูุฒุฏูู_ุดูุฏููโ ุจูุฑฺฏูุฒุฏููโ ุฌุงฺฏุฒู
bn:00043267n	ุณูุงู
bn:00053933n	ุญุฏ_ุจุงูุง ุญุฏ_ูููุงู ูุงฺฉุณููโ ุญุฏุงฺฉุซุฑ
bn:00076457n	ุฏุฑุฌู_ุญุฑุงุฑุช ุฏูุง ุฏุฑุฌู_ฺฏุฑูุง ุฏุฑุฌูู_ุญุฑุงุฑุชโ ุฏูุงโ ุฏุฑุฌุฉ_ุญุฑุงุฑุช ุฏุฑุฌูู_ุญุฑุงุฑุช ุฏูุงู_ุชุฑููุฏููุงูููู ุฏูุงู_ููุง ุฏูุง_ููุง
bn:00067923n	ุงูุฒุงุด
bn:00008985n	ุฏุณุชู ุชูุฏู ุชูุฏู_ฺฉุงู ุฏูุฏฺฉุด ุฒุงุฏ ุณู_ฺฉููุงุช ุณูุงุจ ูุฑุงูุงู ูุฑุงูุงู ฺฉูู ฺฉููุณุชุงู ฺฉููุณุชุงู mickle muckle ุจุณุงุฑ ูุฌููุน_ูุฑุชุจ ูุนุงููู_ุจุฒุฑฺฏ ูุนุงููู_ุฎูุจ ูุนุงููู_ุฎูุจ_ุงุณุช ููุฏุงุฑ_ุฒุงุฏ ฺฉุงููุง_ฺฉู ฺฉุดุช
bn:00035190n	
bn:00064536n	ุฑูุงูโ ุฑููุฏโ ูุฑุขูุฏโ ูพุฑูุณูโ ุฑูุด
bn:00015501n	
bn:00047203n	ุณุฎูฺฏู ุณุฎูฺฏูู_ุฏููุช ุณุฎูฺฏู_ุฏููุช ุณุฎูฺฏู_ูุฆุช_ุฏููุช ุณุฎูฺฏู
bn:00036837n	ูุณุฆูู ุฏูุชุฑ_ููุชุฎุจ ุฑุณู_ุฑุง ููุงู ููุงูุงุช ููุงูุงุช_ููุชุฎุจ ฺฉุงุฑฺฏุฐุงุฑ
bn:00062275n	ุชุตูุฑ
bn:00059783n	ุงูฺฏู ูุฏู ุฑุฆูุณ_ูุทุงูุจ
bn:00061135n	ุฏุฑุตุฏ ุฏุฑ_ุตุฏ ูู_ุตุฏ ููุตุฏ ู_ุตุฏ ูุตุฏ pct ุฏุฑ_centum
bn:00025966n	ุฏุฑุฌู ุณุทุญ_ุงุณุช ูุฑุญูู ููุทู
bn:00026694n	ฺฉุดูุฑูุง_ุฏุฑ_ุญุงู_ุชูุณุนู ฺฉุดูุฑ_ุฏุฑ_ุญุงู_ุชูุณุนู ฺฉุดูุฑ_ุฑู_ุจู_ุฑุดุฏ ฺฉุดูุฑ_ูุง_ุฏุฑ_ุญุงู_ุชูุณุนู ฺฉุดูุฑ_ูุง_ุฑูุจู_ุฑุดุฏ ฺฉุดูุฑูุง_ุฏุฑ_ุญุงู_ุงูฺฉุดุงู ุงูุชุตุงุฏ_ุฏุฑ_ุญุงู_ุชูุณุนู ุงูุชุตุงุฏ_ุฏุฑ_ุญุงู_ุฑุดุฏ ุฑู_ุจู_ุชูุณุนู ูุดูุฑ_ุฏุฑ_ุญุงู_ุชูุณุนู ูุดูุฑ_ุฑู_ุจู_ุฑุดุฏ ูุดูุฑ_ูุงู_ุฏุฑ_ุญุงู_ุชูุณุนู ูุดูุฑ_ูุงู_ุฑูุจู_ุฑุดุฏ ูุดูุฑูุงู_ุฏุฑ_ุญุงู_ุงููุดุงู ูุดูุฑูุงู_ุฏุฑ_ุญุงู_ุชูุณุนู ููู_ุฏุฑุญุงู_ุชูุณุนู ฺฉุดูุฑ_ุฏุฑ_ุญุงู_ุฑุดุฏ ฺฉุดูุฑูุง_ุฑู_ุจู_ุชูุณุนู ฺฉุดูุฑูุง_ุชูุณุนู_ูุงูุชู
bn:00061605n	ุฏูุฑู ูุฏุช_ุงุฒ_ุฒูุงู ูุฏุช_ุฒูุงู
bn:00021127n	ุงุชุญุงุฏู_ุงุฑููพุง ุงุชุญุงุฏู_ุงูุชุตุงุฏ_ุงุฑููพุง ุจุงุฒุงุฑ_ูุดุชุฑฺฉ ุฌุงูุนู_ุงูุชุตุงุฏ_ุงุฑููพุง ุฌุงูุนู_ุงุฑููพุง ๐ช๐บ ุงุชุญุงุฏ_ุงุฑููพุงุฆู ุงุชุญุงุฏ_ุงุฑููพุงุฆ ุงุชุญุงุฏูู_ุงุฑููพุง ุงุชุญุงุฏูู_ุงูุชุตุงุฏู_ุงุฑููพุง ุงุชุญุงุฏูู_ู_ุงุฑููพุง ุงุชุญุงุฏููู_ุงุฑููพุง ุงุชุญุงุฏููู_ุงูุชุตุงุฏู_ุงุฑููพุง ุงุชุญุงุฏููู_ู_ุงุฑููพุง ุงุชุญุงุฏู_ุงุฑููพุง ุงุชุญุงุฏู_ุงุฑููพุง ุงุชุญุงุฏู__ุงุฑููพุง ุงุชุญุงุฏูู_ุงุฑููพุง ุงุชุญุงุฏูู_ุงูุชุตุงุฏ_ุงุฑููพุง ุงุชุญุงุฏูู__ุงุฑููพุง ุงุชุญุงุฏูโ_ุงุฑููพุง ุงุชุญุงุฏ_ุงุฑููพุง ุจุงุฒุงุฑ_ูุดุชุฑู ุจุงุฒุงุฑ_ูุดุชุฑฺฉ_ุงุฑููพุง ุฌุงูุนู_ุงูุชุตุงุฏู_ุงุฑููพุง ุฌุงูุนูู_ุงุฑููพุง eec e.u ec
bn:00075965n	talk ุจุญุซ ุณุฎูฺฏู
bn:00012159n	
bn:00046065n	ุชุงุซูุฑ ุชุงุซุฑ
bn:00019782n	ุชุบุฑูพุฐุฑ_ู_ุฏฺฏุฑฺฏูู_ุงููู ุชุบุฑุงุช_ุขุจ_ู_ููุง ุชุบููุฑ_ุงูููู ุชุบููุฑุงุช_ุขุจ_ู_ููุง ุชุบููุฑุงุช_ุงุจ_ู_ููุง ุชุบุฑุงุช_ุขุจ_ู_ููุง ุชุบุฑุงุช_ุงุจ_ู_ููุง ุชุบููุฑุงุช_ุขุจ_ูููุงูู ุชุบููุฑุงุช_ุงุจ_ูููุงูู ุชุบููุฑุงุช_ุงููููู ุชุบุฑ_ุงููู ุชุบุฑุงุช_ุขุจ_ูููุง ุชุบุฑุงุช_ุขุจโูููุง ุชุบุฑุงุช_ุงุจ_ูููุง ุชุบุฑุงุช_ุงุจโูููุง ุชุบุฑูพุฐุฑ_ู_ุชุบุฑ_ุงููู ุชุบุฑ_ุฌูุงู_ุขุจ_ู_ููุง ุชููุน_ุขุจ_ููุง
bn:00002954n	ุณู ุณููุงุจ ุณูุงุจโ ุณูโ ุณูุงุจ ุณูู ุณู_ู_ุณูุงุจ ุขุจ_ฺฏุฑูุชฺฏ ุณูุ
bn:00028863n	ุฎุดฺฉ_ุณุงู ุฎุดฺฉุณุงู ุฎุดฺฉโุณุงู ุชุดูฺฏ ุชูฺฏ ุฎุดฺฉ ุณุงู_ูุญุท ูุญุท_ุณุงู ูุญุทุณุงู ุฎุดู_ุณุงูู ุฎุดูุณุงูู ูุญุท_ุณุงูู ูุญุทุณุงูู
bn:00025949n	ุฌูฺฏูโุฒุฏุง ูุทุน_ุฏุฑุฎุชุงู_ุฌูฺฏู ุฌูฺฏู_ุฒุฏุง ุฌูฺฏู_ุฒุฏุงูู deforested disforestation
bn:00025948n	ูุทุน_ุฏุฑุฎุชุงู_ุฌูฺฏู
bn:00035907n	ุชูพโ ููุนโ ฺฏูููโ ูุฑู ููุน
bn:00078848n	ุฏููุช_ูุฏุฑุงู_ุงุงูุงุช_ูุชุญุฏู_ุขูุฑฺฉุง ูุธุงู_ูุฏุฑุงู_ุงุงูุงุช_ูุชุญุฏู_ุขูุฑฺฉุง ุฏููุช_ุขูุฑฺฉุง ุญฺฉููุช_ุงุงูุงุช_ูุชุญุฏู ุญฺฉููุช_ูุฏุฑุงู_ุงุงูุงุช_ูุชุญุฏู ุฏููุช_ูุฏุฑุงู_ุขูุฑฺฉุง ุฏููุช_ุงุงูุงุช_ูุชุญุฏู ุงุงูุงุช_ูุชุญุฏู ุฏููุช_ูุฏุฑุงู_ุงุงูุงุช_ูุชุญุฏู
bn:00031083n	ุงูฺ ูุฑุณุชุงุฏู ุฑุชุจู_ุฏูพููุงุชฺฉ ุณูุฑ_ููู_ุงูุนุงุฏู ููุงูุฏู_ุณุงุณ_ฺฉู_ุฒุฑ_ุฏุณุช_ุณูุฑฺฉุจุฑ_ุงุณุช_ูู_ูุฏุฑุช_ุชูุงู_ุฏุงุฑุฏ ููุงูุฏู_ููู_ุงูุนุงุฏู ููุงูุฏู_ูฺู ูุฒุฑ ูุฒุฑ_ูุฎุชุงุฑ ูุฒุฑ_ูุดุงูุฑ
bn:00049915n	ูุงฺฺฏุงู ุงุตุทูุงุญโุดูุงุณ ูุฌููุนู_ูุบุงุช ุงุตุทูุงุญ_ุดูุงุณู ุงุตุทูุงุญ_ุดูุงุณ ุงุตุทูุงุญโุดูุงุฎุช ุงุตุทูุงุญโุดูุงุณ ุชุฑู_ุดูุงุณู ุชุฑู_ุดูุงุณ ุชุฑูโุดูุงุณ ุงุตุทูุงุญุงุช ูุฏุช ูุงู_ุนูู ูุงู_ฺฏุฐุงุฑ ูุงูฺฏุฐุงุฑ ูุงูฺฏุฐุงุฑ_ุนูู
bn:00024615n	
bn:00056029n	ุญุฑฺฉุชโ ุฑูุดโ ุชุญุฑฺฉ ุฌูุจุด ูุนุงูุช_ุญุฑฺฉุช
bn:00042938n	ุฎุท_ุณุฎุช
bn:00016756n	ฺู ุณุฑุฒูู_ุงุตู_ฺู ุฌูููุฑ_ุฎูู_ฺู ุฌูููุฑ_ุฎูู_ฺูโ ุฎุชุงโ ฺูโ prc ุงุชุญุงุฏ_ุฌูุงููุฑ_ฺูู ุงุชุญุงุฏ_ุฌูุงูุฑ_ฺู ุจู_ูพุงุฎุฒ_ฺูโูุง_ุจุฑ_ุถุฏ_ุณูุทู_ูุบูู ุจูโูพุงุฎุฒ_ฺูุงู_ุถุฏ_ุณูุทู_ูุบูู ุจูโูพุงุฎุฒ_ฺูุงู_ุถุฏ_ุณูุทู_ูุบููุงู ุชูุฏู_ฺูู ุฌูููุฑู_ุฎูู_ฺูู ุฌูููุฑู_ุฏููุฑุงุชูู_ฺูู ุฌูููุฑ_ุฏูฺฉุฑุงุชฺฉ_ฺู ุฌูููุฑ_ูุฑุฏู_ฺู ุณุฑุฒููู_ุงุตูู_ฺูู ฺูู cathay ุณุฑุฎ_ฺู ฺู_ฺฉูููุณุช
bn:00014103n	
bn:00001135n	
bn:00020980n	ูุฑุงูุจ ูุดุงูุฏู_ฺฉููุฏู ููุณุฑ ูุงุธุฑโ
bn:00020977n	ุณุฎู_ฺฏูุชู ูุธุฑ
bn:00044982n	ุฒูุงู_ุฑูุฒ ุณุงุนุช
bn:00035831n	ูุฒุงุฑุช_ุงููุฑ_ุฎุงุฑุฌู ููุฒุฑู_ุงูููุฑู_ุฎุงุฑูุฌูโ ูุฒุฑ_ุงููุฑ_ุฎุงุฑุฌู ูุฒุงุฑุช_ุงููุฑุฎุงุฑุฌู ูุฒุงุฑุช_ุฎุงุฑุฌู ูุฒูุฑ_ุงููุฑ_ุฎุงุฑุฌู ูุฒูุฑ_ุฎุงุฑุฌู ูุฒุฑ_ุฎุงุฑุฌู ูุฒุฑุง_ุฎุงุฑุฌู
bn:00003341n	ุงุงูุงุช_ูุชุญุฏู_ุขูุฑฺฉุง ุงุงูุงุช_ูุชุญุฏูู_ุงูุฑฺฉุง ุงูุงูุงุช_ูุชุญุฏู_ุงูุฑูฺฉ ุขููุฑฺฉุงโ ุงูุงูุงุชู_ููุชููุญูุฏููู_ุขููุฑฺฉุงโ ุงุงูุงุช_ูุชุญุฏู ุขูุฑฺฉุง ุงูุฑฺฉุง ุงุจุงูุงุช_ูุชุญุฏู .ู.ุงุณ u.s. united_states us usa ุขูุฑููุง ุขูุฑููุงุฆู ุขูุฑููุงู_ุจุฒุฑฺฏ ุขูุฑููุงูู ุขูุฑฺฉุงุฆ ุขูุฑฺฉุง_ุจุฒุฑฺฏ ุงุชุงุฒููู ุงุชุงุฒูู ุงูุฑููุง ุงูุฑููุงุฆู ุงูุฑููุงู_ุจุฒุฑฺฏ ุงูุฑููุงูู ุงูุฑฺฉุงุฆ ุงูุฑฺฉุง_ุจุฒุฑฺฏ ุงูุฑฺฉุง ุงูุชุงุฒููู ุงูุชุงุฒูู ุงูุงูุงุช_ูุชุญุฏ_ุขูุฑููุง ุงูุงูุงุช_ูุชุญุฏ_ุงูุฑููุง ุงูุงูุงุช_ูุชุญุฏ_ุงูุงูุงุช_ูุชุญุฏู ุงูุงูุงุช_ูุชุญุฏู ุงูุงูุงุช_ูุชุญุฏู_ุขูุฑููุง ุงูุงูุงุช_ูุชุญุฏู_ุงูุฑููุง ุงูุงูุงุช_ูุชุญุฏู_ุงูุฑูููุง ุงูุงูุงุช_ูุชุญุฏู_ุงูุงูุงุช_ูุชุญุฏู ุงูุงูุงุช_ูุชุญุฏู_ู_ุขูุฑููุง ุงูุงูุงุช_ูุชุญุฏู_ู_ุงูุฑููุง ุงูุงูุงุช_ูุชุญุฏู_ู_ุงูุงูุงุช_ูุชุญุฏู ุงูุงูุงุช_ูุชุญุฏูุฆู ุงูุงูุงุช_ูุชุญุฏูู_ุจุฒุฑฺฏ ุงูุงูุงุช_ูุชุญุฏููู ุงูุงูุงุช_ูุชุญุฏูู_ุขูุฑููุง ุงูุงูุงุช_ูุชุญุฏูู_ุงูุฑููุง ุงูุงูุงุช_ูุชุญุฏูู_ุงูุฑูููุง ุงูุงูุงุช_ูุชุญุฏูู_ุงูุงูุงุช_ูุชุญุฏู ุงูุงูุงุช_ูุชุญุฏูู_ู_ุขูุฑููุง ุงูุงูุงุช_ูุชุญุฏูู_ู_ุงูุฑููุง ุงูุงูุงุช_ูุชุญุฏูู_ู_ุงูุงูุงุช_ูุชุญุฏู ุงูุงูุช_ูุชุญุฏู ุงูุงูุช_ูุงู_ูุชุญุฏ ุงูุงูุช_ูุงู_ูุชุญุฏ_ุขูุฑููุง ุงูุงูุช_ูุงู_ูุชุญุฏ_ุงูุฑููุง ุงูุงูุช_ูุงู_ูุชุญุฏ_ุงูุงูุงุช_ูุชุญุฏู ุงููุงุช_ูุชุญุฏู ุงุงูุงุช_ูุชุญุฏ ุงุงูุงุช_ูุชุญุฏ_ุขูุฑฺฉุง ุงุงูุงุช_ูุชุญุฏ_ุงูุฑฺฉุง ุงุงูุงุช_ูุชุญุฏ_ุงุงูุงุช_ูุชุญุฏู ุงุงูุงุช_ูุชุญุฏู_ุงูุฑูฺฉุง ุงุงูุงุช_ูุชุญุฏู_ุงูุฑฺฉุง ุงุงูุงุช_ูุชุญุฏู_ุงุงูุงุช_ูุชุญุฏู ุงุงูุงุช_ูุชุญุฏู__ุขูุฑฺฉุง ุงุงูุงุช_ูุชุญุฏู__ุงูุฑฺฉุง ุงุงูุงุช_ูุชุญุฏู__ุงุงูุงุช_ูุชุญุฏู ุงุงูุงุช_ูุชุญุฏูุฆ ุงุงูุงุช_ูุชุญุฏูู_ุขูุฑฺฉุง ุงุงูุงุช_ูุชุญุฏูู_ุงูุฑูฺฉุง ุงุงูุงุช_ูุชุญุฏูู_ุงุงูุงุช_ูุชุญุฏู ุงุงูุงุช_ูุชุญุฏูู__ุขูุฑฺฉุง ุงุงูุงุช_ูุชุญุฏูู__ุงูุฑฺฉุง ุงุงูุงุช_ูุชุญุฏูู__ุงุงูุงุช_ูุชุญุฏู ุงุงูุงุช_ูุชุญุฏู_ุจุฒุฑฺฏ ุงุงูุงุช_ูุชุญุฏูโ_ุขูุฑฺฉุง ุงุงูุงุช_ูุชุญุฏูโ_ุงูุฑฺฉุง ุงุงูุงุช_ูุชุญุฏูโ_ุงุงูุงุช_ูุชุญุฏู ุงุงูุงุช_ูุชูุญุฏูู_ุขูุฑฺฉุง ุงุงูุงุช_ูุชูุญุฏูู_ุงูุฑฺฉุง ุงุงูุงุชู_ูุชูุญุฏูู_ุขูุฑฺฉุง ุงุงูุงุชู_ูุชูุญุฏูู_ุงูุฑฺฉุง ุงุงูุงุชโูุชุญุฏู ุงุงูุช_ูุง_ูุชุญุฏ ุงุงูุช_ูุง_ูุชุญุฏ_ุขูุฑฺฉุง ุงุงูุช_ูุง_ูุชุญุฏ_ุงูุฑฺฉุง ุงุงูุช_ูุง_ูุชุญุฏ_ุงุงูุงุช_ูุชุญุฏู ุงุงูุชโูุง_ูุชุญุฏ ุงุงูุชโูุง_ูุชุญุฏ_ุขูุฑฺฉุง ุงุงูุชโูุง_ูุชุญุฏ_ุงูุฑฺฉุง ุงุงูุชโูุง_ูุชุญุฏ_ุงุงูุงุช_ูุชุญุฏู ุงูุงุช_ูุชุญุฏู ุฌูููุฑู_ุงูุงูุงุช_ูุชุญุฏู ุฌูููุฑ_ุงุงูุงุช_ูุชุญุฏู ููุงูู_ูุชุญุฏู_ุขูุฑููุง ููุงูู_ูุชุญุฏู_ุงูุฑููุง ููุงูู_ูุชุญุฏู_ุงูุงูุงุช_ูุชุญุฏู ููุงูฺฉ_ูุชุญุฏู_ุขูุฑฺฉุง ููุงูฺฉ_ูุชุญุฏู_ุงูุฑฺฉุง ููุงูฺฉ_ูุชุญุฏู_ุงุงูุงุช_ูุชุญุฏู ููฺฏู_ุฏููุง ูููุงูุชุฏ_ุงุณุชูุชุณ_ุขู_ุงูุฑููุง ฺฉุดูุฑ_ุขูุฑฺฉุง ูฺฏู_ุฏูุง ููุงุชุฏ_ุงุณุชุชุณ_ุขู_ุงูุฑฺฉุง ููุงุชุฏ_ุงุณุชุชุณ_ุงู_ุงูุฑฺฉุง ุงุงูุงุช
bn:00057209n	ูุฐุงฺฉุฑู_ฺฉููุฏู ุทุฑู_ูุนุงููู ุทุฑู_ฺฏูุชฺฏู treater
bn:00021164n	ุนูู_ุณูู ุงุจุชฺฉุงุฑ ุญุณ_ุนุงู ูุถุงูุช_ุตุญุญ ุนููโ_ุณูููโ ุญุณ_ูุดุชุฑู ุฎุฑุฏ_ุฌูุนู ุดุนูุฑ_ูุชุนุงุฑู ุนูู_ุฌูุนู ุนูู_ุฌูุน ุนูู_ุณููู communis_sensus sensus_communis ุญุณ_ุฎูุจ ุดุนูุฑ_ุญูุงู ููุด
bn:00035211n	ุฎุท_ุณุฑ ฺฏุฐุฑฺฏุงู ูุณุฑ_ูพูุงุด ูุณุฑ_ูพุฑูุงุฒ ูุณุฑ_ูพุฑุชุงุจโ ูุณุฑ ูุฏุงุฑ
bn:00041585n	ูุฏุฑุช ุงุจุฑ_ูุฏุฑุช ุงุจุฑูุฏุฑุช ูุฏุฑุช_ุจุฒุฑฺฏ_ุฌูุงู ูุฏุฑุช_ุฏูู ฺฉุดูุฑ_ุจุง_ูุฏุฑุช ฺฉุดูุฑ_ุจุณุงุฑ_ูู hyperpower ูุฏุฑุช_ุจุฒุฑฺฏ ูุฏุฑุช_ุฌูุงู ูุฏุฑุช_ุฌูุงู_ุงุณุช ูุฏุฑุช_ุฏุฑ_ุฑูุงุจุท_ุจู_ุงูููู ูุฏุฑุช_ููู_ุงูุนุงุฏูุ ูุฏุฑุช_ูุง_ุจุฒุฑฺฏ
bn:00033819n	ุฎุท_ฺฏุณู
bn:00009080n	ุชุถุงุฏโ ููุงูุดูโ ูุงุณุงุฒฺฏุงุฑโ ูุฒุงุนโ
bn:00029678n	ุงูุชุตุงุฏ ูุธุงู_ุงูุชุตุงุฏ ุงูููุชูุตุงุฏููุงุชโ ุงูููุชูุตุงุฏโ ุงูุชุตุงุฏ ูุธุงูโูุง_ุงูุชุตุงุฏ ุงูุชุตุงุฏุฏุงูุงู ุนููู_ุงูุชุตุงุฏ ุนููู_ุงูุชุตุงุฏ ุงูุชุตุงุฏู ุชุฑุงุฒูุงู ุณุงูุงูู_ูุงู_ุงูุชุตุงุฏู ุณุงูุงูู_ูุง_ุงูุชุตุงุฏ ุณุงูุงููโูุง_ุงูุชุตุงุฏ ูุธุงู_ุงูุชุตุงุฏ ูุธุงู_ุงูุชุตุงุฏู ูุธุงู_ูุงู_ุงูุชุตุงุฏู ูุธุงู_ูุง_ุงูุชุตุงุฏ ุณุณุชู_ุงูุชุตุงุฏ ุงูุชุตุงุฏ_ุฑูุณุชุง_ุงุณุช ุงูุชุตุงุฏ_ูู
bn:00052888n	ุณุงุฑู ุณุงุฑุงุช ุณุงุฑู_ูุง ุณุงุฑูโูุง ุณูุงุฑุงุช ุณูุงุฑู ุณุงุฑูู ุณุงุฑู_ุงุตู
bn:00029239n	ูุธูู ุฎุฏูุช ูุงููุฑุช ุชฺฉููโ ูุธููโ ุชฺฉูู ุชูููู ูุธููู ุชุนูุฏ ุชุนูุฏุงุช ูุณุฆููุช
bn:00000085n	ฒด ุจุณุช_ู_ฺูุงุฑโ 24 xxiv ุจุณุช_ู_ฺูุงุฑ ุฏู_ุฏูุฌู
bn:00046093n	
bn:00026025n	ููุงูุฏู ููุงูุฏฺฏุงู
bn:00022995n	ูุฒูู ูุฒููู ูุฒูู_ูุง_ุดุฏ ฺฏุฑุงู
bn:00001127n	ูุดุงุท ฺฉูุด ุนูู
bn:00037187n	ุจุฑูุงูู_ูุง_ูุฎู
bn:00043539n	ูฺููู ุจุฑุชุฑ ูุฑุง_ุฏุณุช ุชููู ูฺููู ุณูุทู_ุฌู ุณูุทูู_ุฌู ุณูุทูโุฌู ูพุดูุง ุณูุทู ุณูุทู_ุฌููู ุณูุทูู_ุฌููู ุณูุทูโฺฏุฑ ุณุทุฑู ูุฑุง_ุฏุณุชู ูุฑุงุฏุณุช ูุฑุงุฏุณุชู ูุฑุงุฏุณุช ูุฑูุฏุณุช ูุฑูุฏุณุช ูุฌูููู ูุฌููู ูฺูููู ูพูุดูุงูู ูฺูููฺฉ
bn:00054693n	ูฺฉุฒฺฉ ูฺฉุณฺฉู ุงูุงูุงุช_ูุชุญุฏ_ููุฒูู ุงุงูุงุช_ูุชุญุฏ_ูฺฉุฒฺฉ ููุฒูู ููุฒููู ูฺฉุฒฺฉ ุงุงูุงุช_ูุชุญุฏู_ูฺฉุฒฺฉ
bn:00017172n	
bn:00001598n	ูุดุงูุฑ ุฑููููู ูุณุชุดุงุฑโ ูุดุงูุฑโ ูุงุตุญโ ูุดุงูุฑุงู
bn:00000728n	ูพูุงู ูุนุงูุฏู ูุซุงู ุนูุฏ ุนูุฏ_ูุงูู ูพูุงู_ุจูโุงูููู ูพูุงูโูุงูู ุชูุงูู_ูุงูู ุชูุงููโูุงูู ุนูุฏูุงูู ููุซุงู ูพููุงู ูพููุงู_ุจูู_ุงููููู ูพููุงู_ูุงูู ูพูุงู_ุจู_ุงูููู ูพูุงู_ูุงูู ูุนุงูุฏุงุช
bn:00060798n	
bn:00054277n	ุนุถูโ
bn:00028548n	ูพุด_ููุณ ูพุด_ููุณ_ฺฉูพ
bn:00064776n	ูพุดููุงุฏ_ุชุฌุงุฑ ูพุดููุงุฏ
bn:00035851n	ุตุจุญ ุตุจุญุฏู ุจุงูุฏุงุฏ ุณุญุฑฺฏุงู ุฒูุงู_ุตุจุญ ูุจู_ุงุฒ_ุธูุฑ
bn:00009652n	ุงุฒ_ุทุฑู ุจุงุจุช
bn:00065344n	
bn:00064262n	ูุดุงุฑ
bn:00010203n	ููุฏ ููุฏูุณุชุงู ุจูุงุฑุงุช ุฌูููุฑ_ููุฏ ุฌูููุฑู_ููุฏ ุดุจู_ุฌุฒูุฑู_ููุฏูุณุชุงู ุดุจู_ุฌุฒุฑู_ููุฏูุณุชุงู ููุฏุ
bn:00079330n	ุงูุฑฺุงูุณโ
bn:00032654n	ูุงูุนุช
bn:00047688n	
bn:00041200n	ูุฒุฑ ูุฒูุฑ ูุฒุฑ_ุฏููุช ูุฒุฑ_ุณุงุณ
bn:00001697n	ููุงูพูุง ุทุงุฑู ูููุงูพูููุง ุทุงุฑูโ ููุงูพูุงโ ุทูุงุฑู ููุงูพููุง ููุงูพููุง_ฺฺฏููู_ูพุฑูุงุฒ_ูู_ููุฏ ููุงูพูุง_ฺฺฏููู_ูพุฑูุงุฒ_ู_ฺฉูุฏ โ
bn:00042663n	ฺฉุฑุฏูุฑ ุชุงูุงุฑ_ูุฑูุฏ ุณุงูู ุฑุงูุฑู
bn:00041948n	ุฌูุณู ุชุฌูุน ูุฑุงุฑ ููุงูุงุช ููุชููฺฏ ูุชูฺฏ ุฌูุณุงุช ูุดุณุช_ฺฏุฑูู
bn:00057552n	ฺฉููุฑุงูุณ_ุฎุจุฑ ูุดุณุช_ุฎุจุฑ ูุตุงุญุจู_ูุทุจูุนุงุช ูุตุงุญุจู_ู_ูููุฑุงูุณ_ูุทุจูุนุงุช ูุดุณุช_ุฎุจุฑโ ูุดุณุช_ุฑุณุงููุงโ ฺฉููุฑุงูุณ_ูุทุจูุนุงุชโ ฺฉููุฑุงูุณ_ูุทุจูุนุงุช ูุดุณุช_ุฑุณุงููโุง ูููุฑุงูุณ_ุฎุจุฑู ูููุฑุงูุณ_ูุทุจูุนุงุชู ูุดุณุช_ุฎุจุฑู ูุดุณุช_ุฑุณุงูู_ุงู ูุดุณุช_ุฑุณุงูู_ุง ูุตุงุญุจู_ู_ฺฉููุฑุงูุณ_ูุทุจูุนุงุช ฺฉููุฑุงูุณ_ูุง_ูุทุจูุนุงุช
bn:00019405n	ุงุฏุนุง
bn:00006479n	
bn:00061450n	ูุฑุฏู ุฎููโ ููุฑุฏููโ
bn:00000086n	ุฑูุฒ ุดุจุงููโุฑูุฒ ฒด_ุณุงุนุช ุดุจ_ู_ุฑูุฒ ุดุจุงูู_ุฑูุฒ ุฑูุฒ_ุฎูุฑุดุฏ 24_ุณุงุนุช_ูุงุตูู ุจุณุช_ู_ฺูุงุฑ_ุณุงุนุช ุฏูุฑู__ุจุณุช_ู_ฺูุงุฑุณุงุนุชู ูุชูุณุท_ุฑูุฒ_ุฎูุฑุดุฏ
bn:00001171n	ูุนุงูโ ุณุชุฒู_ุฌู ูุนุงู
bn:00071315n	
bn:00060464n	ฺฉุงุบุฐ ฺฉุงุบุฐโ ูุงุบุฐ ูุฑู_ูุงุบุฐ ูุฑู_ฺฉุงุบุฐ
bn:00029345n	ุงูู ูพุณุช_ุงูฺฉุชุฑููฺฉ ุฑุงุงูุงูู ุงูููโ ุฑุงุงูุงูููโ ูพูุณูุชู_ุงูููฺฉูุชูุฑููฺฉโ ูพุณุช_ุงูฺฉุชุฑููฺฉ ุขุฏุฑุณ_ุงูู ุขุฏุฑุณ_ูพุณุช_ุงููุชุฑููููู ุงุฏุฑุณ_ูพุณุช_ุงูฺฉุชุฑููฺฉ ุงู_ููู ุงูููู ุง_ูู ุงยูู ุงโูู ุฑุงูุงูุงูู ูุงูู_ุงููุชุฑููููู ูุงูู_ุงูฺฉุชุฑููฺฉ ูุงูู_ูุงู_ุงููุชุฑููููู ูุงูู_ูุง_ุงูฺฉุชุฑููฺฉ ูุงููโูุง_ุงูฺฉุชุฑููฺฉ ูพุณุช_ุงููุชุฑูููู ูพุณุช_ุงููุชุฑููููู ูพุณุช_ุงูฺฉุชุฑููฺฉ_ุงูุชุฑูุช
bn:00017557n	
bn:00047043n	intensiveness ุดุฏุช
bn:00054897n	ฺูุงุฑุดูุจู ฺูุงุฑุดูุจูโ ุชูุฑุดูุฏ ุชุฑุดุฏ ฺูุงุฑุดูุจูโุดุจ ุจุญุจุงูู_ูฺฉุงุญ_ุฏุฑ_ุงูุฑุฏู ฺูุงุฑ_ุดูุจู
bn:00010317n	ุจุฒุฑฺฏ_ูฺฏ ุฑุดุชู_ูุง ูฺฏ_ุจุฑุชุฑ
bn:00079435n	ูุนุงูู_ุฑุณ ูุงุจ_ุฑุฆุณ ูุงุจุช_ุฑุงุณุช ูุนุงูู_ุฑุฆุณ ูุนุงูู_ุฑููุณ v.p. ูุนุงูู_ุงุฌุฑุง_ุฑุฆุณ_ุฌูููุฑ ูุนุงูู_ุงุฑุดุฏ_ุฑุฆุณ_ุฌูููุฑ ูุนุงูู_ุฑุฆูุณ_ุฌูููุฑ ูุนุงูู_ุฑุฆุณ_ุฌูููุฑ
bn:00063330n	ุฎุท_ูุด ุฎุท_ูุดู ุฎุทโูุด ุณุงุณุช ุณุงุณุช
bn:00009664n	
bn:00078365n	ูพุฑูุฒ ุทุงู_ูุตุฑุช ุธูุฑ ุบูุจู ูุฑูุฒ ูุตุฑุช ุธูุฑโ ุบูุจูโ ูุตุฑโ ูพุฑูุฒโ
bn:00047679n	ุงุณุฑุงุฆู ุงุณุฑุงู ุงูุณูุฑุงุฆูโ ุงุณุฑุงุฆูู ุฏููุช_ุงุณุฑุงุฆู ุงุฑุงุถู_ุงุดุบุงูู ุงุณุฑุงุฆููู ุงุณุฑุงุฆููู ุงุณุฑุงุฆูููุงู ุงุณุฑุงุฆูู ุงุณุฑุงุฆู ุงุณุฑุงุฆูุงู ุงุณุฑุงููู ุฏููุช_ุงุณุฑุงุฆูู ุณุฑุฒููู_ูุงู_ุงุดุบุงูู ุณุฑุฒูู_ุงุณุฑุงู ุณุฑุฒูู_ูุง_ุงุดุบุงู ุณุฑุฒููโูุง_ุงุดุบุงู ููุณุทูู_ุงุดุบุงูู ูุดูุฑ_ุงุณุฑุงุฆูู ฺฉุดูุฑ_ุงุณุฑุงุฆู
bn:00080111n	ุณูุฑ
bn:00073699n	ุชู ุฏุณุช ฺฉ_ุฏุณุชฺฏุงู ฺฏุฑูู ุชูู ฺฏุฑูู_ูุฌูุฒ
bn:00052052n	
bn:00016286n	ุญูู_ุจู_ุนูู ุนููฺฉุฑุฏ
bn:00063218n	ุงูุชุงุฒ ูพูุฆูโ ููุทู ููุฑู_ุจุงูุง
bn:00000942n	ุงูุฌ ุจุญุฑุงู ุฑุงุณ ูุฑุชูุนโุชุฑู_ููุทู ููุชูุง ูู_ุฑูุฒ
bn:00000427n	
bn:00030844n	ูุดุงุฑฺฉุช ุงุดุชุฑุงฺฉโ ุดุฑฺฉุชโ ูุดุงุฑฺฉุชโ ูุดุงุฑฺฉุช_ุณุงุณ ูุดุงุฑฺฉุช
bn:00076309n	ฺฉุงุฑ_ฺฏุฑูู ฺฉุงุฑ_ุฏุณุชู_ุฌูุน ุฑูุญ_ููฺฉุงุฑ ฺฉุงุฑ_ฺฏุฑููโ ูุงุฑ_ฺฏุฑููู ฺฉุงุฑ_ุชู
bn:00030720n	ูุฑุญูู_ููุง ูพุงุงู
bn:00075025n	ููููุช ูพุฑูุฒ
bn:00059751n	ุฎุงุฑุฌ_ุงุฒ_ูุญุฏูุฏู
bn:00037181n	ุจุงุฒ
bn:00033833n	
bn:00069757n	ุฑุชุจู_ุจูุฏ
bn:00073989n	ุขุบุงุฒโ ุดุฑูุน
bn:00008875n	ูุฏู_ูุทุฑู
bn:00012213n	ูุญุท ูพุฑุงููู
bn:00021870n	ฺฏูุงู ุชุฎูู ุชุตูุฑ ุญุฏุณ ุธู ูุฑุถ surmisal
bn:00057368n	
bn:00006143n	ูฺ_ุฏุณุช ูฺ ุงุณุชุฎูุงูโูุง_ูฺ_ุฏุณุช ุจูุฏ_ุฏุณุช ุงุณุชุฎูุงู_ูุงู_ูฺ_ุฏุณุช ุงุณุชุฎูุงู_ูุง_ูฺ_ุฏุณุช ฺฉุงุฑูพูุณ articulatio_radiocarpea ุงุณุชุฎูุงู_ูฺ_ุฏุณุช ูุดุชุฑฺฉ_radiocarpal ููุตู_radiocarpal ููุตู_ูฺ_ุฏุณุช ููุตู_ูฺ_ุฏุณุช_ุงุณุช
bn:00069759n	
bn:00034792n	ุฏูุฑู_ุงูู
bn:00065577n	
bn:00081568n	ฺฉุงุฑ
bn:00081042n	ุณูุช_ุฒุฏู
bn:00005053n	ฺฉู_ุฒุฏู ุชุดูู_ู_ุชูุฌุฏ ฺฉูโ ุฏุณุช_ุฒุฏู ฺฉูโุฒุฏู ๐ handclaps ุชุดูู ฺฉู_ุฒุฏู_ุฏุณุช
bn:00044531n	ุนุงุฒู_ููู ูุฑูุฏ_ุจู_ุฎุงูู ุจุฑฺฏุดุชโ ุจุงุฒฺฏุดุช
bn:00044488n	
bn:00050340n	ุณุฑุจ
bn:00025236n	ุดุจ ุชุงุฑฺฉโ ุดุจููฺฏุงูโ ุดุงู ุดุจุงูฺฏุงู
bn:00042647n	ูุตู_ููุช halftime
bn:00042759n	ุฏุณุช ูพูุฌู ฺูฺฏุงู ูุณูุช_ุงูุชูุง
bn:00036823n	ุงุฏุงุฑู ุชุงุจุน ุฏูุชุฑ ููุด
bn:00066863n	ุงุฑุชุฌุงุน ุฌุจุฑุงู ุจู_ุฏุณุช_ุขูุฑุฏู
bn:00051117n	
bn:00027415n	ูุถุน_ูุงูุณุงุนุฏ ุถุฑุฑ
bn:00060799n	ุจุงุฒฺฉู ุดูุฑฺฉโ ุดูุฑูฺฉูุชฺฉูููููุฏููโ ุจุงุฒููู
bn:00023270n	ุฒู_ู_ุดููุฑ ฺูุฏ
bn:00062929n	ุจุงุฒ
bn:00002155n	ฺฉูฺฉ ุฏุณุชุงุฑ ุฑุณุฏฺฏ ููุงุธุจุช ูพุงูุฑุฏ ุงุฑ ุงูุฏุงุฏโ ุฏุณุชุงุฑโ ูุณุงุนุฏุชโ ูุนุงุถุฏุชโ ฺฉูฺฉโ ุงุฑโ
bn:00030719n	ูพุงุงู
bn:00061606n	
bn:00055094n	ุฏููู ุฏูููู
bn:00051301n	
bn:00053001n	ฺฉูู ุจุฏุงูุฏุด ุจุฏุฎูุงู ุจุบุถ ุฒูุฑ ุณู ุนูุงุฏ ูุฌ ฺฉูู_ุชูุฒ ฺฉููโูุฑุฒ
bn:00030341n	ุฏุฑ_ุขุฎุฑู_ูุญุธู ุณุงุนุช_ุฏุฑ_ุงุฒุฏูู
bn:00019848n	ุฒูุงู
bn:00070056n	ูุตู ูุตู_ูุฑุฒุด ูุตู_ุฎุงูู_ู_ุฏูุฑุ ูุตู_ุทูุฑ_ููุธู ูพุด_ูุตู
bn:00076788n	ุฎุงุจุงู
bn:00046200n	ุถุฑุจู ููุฏุงุฑ_ุญุฑฺฉุช ุญุฑฺฉุช
bn:00028114n	ุฏูุงุฑ ุฏุงูุฑ ุฏููุงุฑ ุฏููุงุฑ
bn:00010302n	ุจุงุฒุงุฑ_ุจูุฑุณ_ูููุฑฺฉ ุจูุฑุณ_ูููุฑฺฉ ุจุงุฒุงุฑ_ุจูุฑุณ_ุณูุงู_ูููููุฑู ุจุงุฒุงุฑ_ุจูุฑุณ_ุณูุงู_ูููุฑฺฉ ุจุงุฒุงุฑ_ุจูุฑุณ_ูููููุฑู ุจูุฑุณ_ุงูุฑุงู_ุจูุงุฏุงุฑ_ูููููุฑู ุจูุฑุณ_ุงูุฑุงู_ุจูุงุฏุงุฑ_ูููุฑฺฉ ุจูุฑุณ_ูููููุฑู ูููููุฑู_ุงุณุชุงู_ุงูุณ_ฺูุฌ ูููุฑฺฉ_ุงุณุชุงฺฉ_ุงฺฉุณ_ฺูุฌ ูููุฑฺฉ_ุงุณุชุงฺฉ_ุงฺฉุณโฺูุฌ n._y._ุจูุฑุณ_ุงูุฑุงู_ุจูุงุฏุงุฑ nyse
bn:00002181n	ุนููุงู
bn:00053460n	ุจุงุฒุงุฑ_ูุงู ุจุงุฒุงุฑ_ูุงูโ ุจุงุฒุงุฑูุง_ูุงู ุจุงุฒุงุฑ_ูุงูู ุตูุนุช_ุงูุฑุงู_ุจูุงุฏุงุฑ
bn:00046418n	ุดุงุฎุต ุนุฏุฏ_ุดุงุฎุต
bn:00028458n	ูุงูฺฏู_ุตูุนุช_ุฏุงู_ุฌููุฒ ุดุงุฎุต_ุฏุงู_ุฌููุฒ ุดุงุฎุต_ูุงูฺฏู_ุตูุนุช_ุฏุงูุฌููุฒ ููุงูฺฏูู_ุตูุนุชู_ุฏุงู_ุฌููุฒ ูุงูฺฏู_ุตูุนุช_ุฏุงูุฌููุฒ ุฏุงู_ุฌููุฒ
bn:00056893n	ูุฒุฏฺฉ ุจูุฑุณ_ูุฒุฏฺฉ ูุณุฏฺฉ ุจูุฑุณ_ูุฒุฏู ูุฒุฏู ูุณุฏู nasdaq ุงูุฌูู_ูู_ููุงูุฏฺฏ_ุงูุฑุงู_ุจูุงุฏุงุฑ_ุงุณุชุนูุงู_ุฎูุฏฺฉุงุฑ
bn:00019966n	ุงุชูุงู ุชฺฉูู ุจุง_ฺฉููู_ูพุงฺฉ_ฺฉุฑุฏู ุจุณุชู_ุดุฏู ุฎูู
bn:00034394n	ุชุนุฏุงุฏ
bn:00005105n	ุนููู_ฺฉุงุฑุจุฑุฏ ูููุฏุณ ุนููู_ูููุฏุณ ุชฺฉููููฺ ูุฒฺฉ_ูููุฏุณ ุงูุฌูุฑ ุงูุฌูููุฑู ุงูุฌูุฑ ุนููู_ูุงุฑุจุฑุฏู ููู_ู_ูููุฏุณู ูู_ู_ูููุฏุณ ููุฒูู_ูููุฏุณู ุชฺฉููููฺ_ูุฏุฑู ุนูู_ฺฉุงุฑุจุฑุฏ ูู_ุขูุฑ ูููุฏุณ_ู_ุนูู
bn:00064119n	ุชุณูุท ุฑุฌุญุงู ูุฏุฑุช_ฺฉุงูู ูููุฐ_ุจุณุงุฑ ุบูุจู
bn:00056870n	ุญุงุดู_ุจุงุฑฺฉ
bn:00077880n	ุจุงุฒุฑฺฏุงู
bn:00013768n	ุชูู ุฌุซู ุญุฌู
bn:00016404n	ููุฑุฏ
bn:00076496n	ุฑููุฏ
bn:00065107n	ูุดุฑู
bn:00059168n	ูุธุฑ ุงุญุณุงุณ ุงุณุชุฏูุงู ุชุฑุบุจ ุชุดูู ุชูุงู ุนุงุทูู ุนูุฏู_ุฏู ูุณู ฺฏูุงู ุนูุฏู ุฏุฏฺฏุงู ุนูุงุฏ ูุธุฑ_ุนูู ูุธุฑุงุช
bn:00066995n	ุฑุงุจุทู
bn:00042963n	lustiness ูุฑูููุฏ_ุฌูุด
bn:00066597n	
bn:00003802n	
bn:00068916n	
bn:00058192n	ููุงูุจุฑ ูุงู_ููุงูุจุฑ ูุงููุจุฑ ูููุจุฑ
bn:00014710n	ูุงู ูุงู_ุดูุณ ูุงู_ููุฑ ูุงูโ ูุงู_ุชููู
bn:00068427n	
bn:00021743n	
bn:00022095n	ูุตุฑู_ฺฉููุฏู ูุตุฑูโฺฉููุฏู ูุตุฑู_ูููุฏู ูุตุฑูโฺฉููุฏฺฏุงู ูุตุฑู_ฺฉููุฏฺฏุงู
bn:00025645n	ุฏุณุงูุจุฑ ุฏุณู ุฏุณูุจุฑ ุฏูุณูุจุฑ ุฏุณูุจุฑ ูุงู_ุฏุณุงูุจุฑ
bn:00005164n	ุจุฑุขูุฑุฏ ุชุฎูู ุชุฎูููโ ุจุฑุขูุฑุฏโ ุจุฑุงูุฑุฏ ุชุฎููู ุชุฎูู_ุฒุฏู
bn:00044024n	
bn:00031888n	ูุฑู ูุฑูโ eur ููุฑู ููุฑู_ูุงุญุฏ_ูพูู ูุฑู_ูุงุญุฏ_ูพูู โฌ
bn:00070206n	ุจุฎุด_ุงูุชุตุงุฏ
bn:00071869n	ูุถุนุช_ุงููุฑ ูุถุนุชโ ูุถุนูุช_ุงููุฑ ูููุนุช ูุถุนุช
bn:00017368n	ุงูุฑุงู_ุจูุงุฏุงุฑ ุณูุฏ_ุฑุณู ฺฏูุงููุงูู ูุฑูู_ุจูุงุฏุงุฑ ุงูุฑุงู_ุจูุงุฏุงุฑ_ุจุฏูุ ุงูุฑุงู_ุจูุงุฏุงุฑ_ูุงู
bn:00008870n	ุจูุงุฏ ุงุณุงุณ
bn:00026339n	ูุฒุงุฑุช_ุฎุฒุงููโุฏุงุฑ_ุงุงูุงุช_ูุชุญุฏู_ุขูุฑฺฉุง ูุฒุงุฑุช_ุฎุฒุงูู_ุฏุงุฑ_ุขูุฑฺฉุง ูุฒุงุฑุช_ุฎุฒุงูู_ุฏุงุฑ_ุงุงูุงุช_ูุชุญุฏู ูุฒุงุฑุช_ุฎุฒุงูู_ุฏุงุฑ_ุงุงูุงุช_ูุชุญุฏู_ุขูุฑฺฉุง ูุฒุงุฑุช_ุฎุฒุงูู_ุฏุงุฑ_ุงุงูุงุช_ูุชุญุฏู_ุงูุฑฺฉุง ูุฒุงุฑุช_ุฎุฒุงูู_ุฏุงุฑ_ุงุงูุงุช_ูุชุญุฏูู_ุขูุฑฺฉุง ูุฒุงุฑุช_ุฎุฒุงูู_ุฏุงุฑู_ุขูุฑููุง ูุฒุงุฑุช_ุฎุฒุงูู_ุฏุงุฑู_ุงูุฑููุง ูุฒุงุฑุช_ุฎุฒุงูู_ุฏุงุฑู_ุงูุงูุงุช_ูุชุญุฏู ูุฒุงุฑุช_ุฎุฒุงูู_ุฏุงุฑู_ุงูุงูุงุช_ูุชุญุฏู_ุขูุฑููุง ูุฒุงุฑุช_ุฎุฒุงูู_ุฏุงุฑู_ุงูุงูุงุช_ูุชุญุฏู_ุงูุฑููุง ูุฒุงุฑุช_ุฎุฒุงูู_ุฏุงุฑู_ุงูุงูุงุช_ูุชุญุฏูู_ุขูุฑููุง ูุฒุงุฑุช_ุฎุฒุงูู_ุฏุงุฑู_ุงูุงูุงุช_ูุชุญุฏูู_ุงูุฑููุง ูุฒุงุฑุช_ุฎุฒุงูู_ุฏุงุฑู_ุงูุงูุงุช_ูุชุญุฏูู_ุงูุงูุงุช_ูุชุญุฏู ูุฒุงุฑุช_ุฎุฒุงูู_ุฏุงุฑ_ุงูุฑฺฉุง ูุฒุงุฑุช_ุฎุฒุงูู_ุฏุงุฑ_ุงุงูุงุช_ูุชุญุฏูู_ุงูุฑฺฉุง ูุฒุงุฑุช_ุฎุฒุงูู_ุฏุงุฑ_ุงุงูุงุช_ูุชุญุฏูู_ุงุงูุงุช_ูุชุญุฏู ูุฒุงุฑุช_ุฎุฒุงููโุฏุงุฑ_ุขูุฑฺฉุง ูุฒุงุฑุช_ุฎุฒุงููโุฏุงุฑ_ุงูุฑฺฉุง ูุฒุงุฑุช_ุฎุฒุงููโุฏุงุฑ_ุงุงูุงุช_ูุชุญุฏู ูุฒุงุฑุช_ุฎุฒุงููโุฏุงุฑ_ุงุงูุงุช_ูุชุญุฏู_ุงูุฑฺฉุง ูุฒุงุฑุช_ุฎุฒุงููโุฏุงุฑ_ุงุงูุงุช_ูุชุญุฏูู_ุขูุฑฺฉุง ูุฒุงุฑุช_ุฎุฒุงููโุฏุงุฑ_ุงุงูุงุช_ูุชุญุฏูู_ุงูุฑฺฉุง ูุฒุงุฑุช_ุฎุฒุงููโุฏุงุฑ_ุงุงูุงุช_ูุชุญุฏูู_ุงุงูุงุช_ูุชุญุฏู ุงุงูุงุช_ูุชุญุฏู_ุขูุฑฺฉุง_ุฎุฒุงูู_ุฏุงุฑ ูุฒุงุฑุช_ุฎุฒุงูู_ุฏุงุฑ
bn:00011974n	ุงูุฑุงู_ูุฑุถู ฺฏูุงู_ุงูุฑุงู_ูุฑุถู
bn:00047691n	ุจุงุฒุฏู ุนุงุฏุงุช ุณูุฏ_ูฺู ูุตูู takings_ุชูุฌู ุจุงุฒฺฏุดุช ุนููฺฉุฑุฏ
bn:00078546n	ุณูโุดูุจู ุณูุดูุจูโ ุจูุฑุงูโุดุฏ ุณู_ุดูุจู ุณูู_ุดูุจู ุณู ุณูุดูุจู
bn:00031998n	ุนุตุฑ ุดุงูฺฏุงู ุงูุงุฑโ ุดุงูฺฏุงูโ ุนุตุฑโ ุงูุงุฑ ุดุจ ุญุช
bn:00058745n	ุดุฑฺฉุช_ููุช ุตูุนุช_ููุช ุตูุนุช_ููุช_ู_ฺฏุงุฒ
bn:00021556n	ูฺฏุฑุงู
bn:00080036n	
bn:00046933n	ูุงูพุงุฏุงุฑโ unstableness
bn:00007299n	ุฑฺู ุฑฺูู ููุงูุงุช ุฏููุช
bn:00008794n	ุฒุฑุณุงุฎุช ุฒุฑุจูุง ุฒุฑุณุงุฎุชโ ุฒูุฑุณุงุฎุช ุฒุฑุจูุง_ุงูุชุตุงุฏ ุฒุฑุณุงุฎุช_ูุง ุฒุฑุณุงุฎุช_ูุง_ุดูุฑุ
bn:00007085n	ุญุฑุงุฌ ูุฒุงุฏู ุญุฑุงุฌ ุฎุงูู_ุญุฑุงุฌ ุฎุงููู_ุญุฑุงุฌ ุญุฑุงุฌู ุฎุงูู_ุญุฑุงุฌู ุฎุงููู_ุญุฑุงุฌู ูุฒุงูุฏู vendue ุฎุงูู_ุญุฑุงุฌ ูุฑูุด_ุญุฑุงุฌ ูุฑูุด_ูุง_ููู_ุงูุนุงุฏู
bn:00068696n	ุดูุจู ุดูุจูโ ุงูุณุจุช ุดูุจู ฺฉูุงูโุดุฏ sabbatum ุฑูุฒ_ุดูุจู
bn:00068622n	ุฑูุณู ุฑูุณูโ ูุฏุฑุงุณูู_ุฑูุณู ุฑูุณูู ูุฏุฑุงุณููู_ุฑูุณูู
bn:00024112n	ููุช ููุช_ุฎุงู ููุงุฏ_ููุช ุชูู_ุฎุงฺฉโ ููุช_ุฎุงูโ ููููุชโ ุทูุง_ุณุงู ููุท ุฎุงู ุฑูุบู_ูุง_ูุณู ุณูุฎุช_ููุช ููุช_ุณูฺฏ ููุช_ูุชุนุงุฑู ฺฏุงุฒ_ุชูุฒุน
bn:00014160n	ุดุฑูุช ุดุฑฺฉุช ุดุฑฺฉุช_ฺฉุณุจ_ู_ฺฉุงุฑ
bn:00002362n	ุนุฑุงู ุนุฑุงูโ ุงุฑุงุบุ_ูุณุงูุช_ุฏูุฑ ุงูุนุฏูุงููู ุงูุนุฏูุงูู ุนุฑุงู_ุนุฑุจ irak ุขู_ุนุฑุงู ุฌูููุฑ_ุนุฑุงู
bn:00058741n	ุตูุนุช_ููุช ููุช_ู_ฺฏุงุฒ ุดุฑฺฉุช_ููุช ุตูุนุช_ููุช_ู_ฺฏุงุฒ ุตูุนุช_ูพุงูุงุด ฺฉุณุจ_ู_ฺฉุงุฑ_ููุช
bn:00025646n	ุฏูู ุฏูุณุงูู ุฏูู_ูุง ุฏููโูุง decennary decennium
bn:00080439n	ุฌูฺฏ ุฌูฺฏุงูุฑ ูุญุงุฑุจู ูุฒุงุน ูุจุฑุฏ ุฌูฺฏ ุญููู_ูุธุงูู ุญูููู_ูุธุงูู ุญูููู_ูุธุงู ููุชุงู_ุชุฑูู_ู_ุทููุงูู_ุชุฑูู_ุฌูฺฏ_ูุงู_ุฌูุงู ฺฉูุชุงู_ุชุฑู_ู_ุทููุงู_ุชุฑู_ุฌูฺฏ_ูุง_ุฌูุงู ฺฉูุชุงูโุชุฑู_ู_ุทููุงูโุชุฑู_ุฌูฺฏโูุง_ุฌูุงู ุฏุฑฺฏุฑ_ูุธุงู
bn:00069122n	
bn:00021286n	ุดุฑฺฉุช ุดุฑูุช ุจูฺฏุงู_ุชุฌุงุฑโ ุจูููฺฏุงูโ ุชุฌุงุฑุชุฎุงููโ ุดุฑฺฉุชโ ุดูุฑูฺฉูุชโ ููุคูุณููุณููโ ูููพุงูู ฺฉููพุงู
bn:00047081n	ุนูุงูู
bn:00034265n	ุฒูู ุฒูู_ฺฉุดุงูุฑุฒ ุฒููู ุฒููู_ฺฉุดุงูุฑุฒ
bn:00010262n	ุฏู_ุฒู_ุฏุงุฑโ ููุงูุตู
bn:00014152n	ูุนุงููู ูุนุงููู_ฺฉุณุจ_ู_ฺฉุงุฑ
bn:00048592n	ฺูุฆู ุฌููโ ฺูุฆูโ ููโ ุฌูู ูุงู_ุฌูู
bn:00067192n	
bn:00040387n	
bn:00028249n	
bn:00029774n	ุณุฑุฏุจุฑ ุณุฑูุฑุงุณุชุงุฑโ ุณุฑุฏุจูุฑ ุณุฑุฏุจุฑ_ุงุฌุฑุง ุณุฑุฏุจุฑ_ูุฌููุ ุณุฑุฏุจุฑุงู_ุงุฑุดุฏ ูุนุงูู_ุณุฑุฏุจุฑ ูุฑุงุด
bn:00057546n	ุงุฎุจุงุฑ ุฎุจุฑ ุฎูุจุฑ ููุงุน_ฺฉููู ฺฏุฒุงุฑุด_ุฎุจุฑ
bn:00054409n	ุงุฌุงุฏ_ุจูุฑุณ ุฎุฑูุฌ_ุฎุฑุฏ_ู_ูุฑูุด ูุฑูุดฺฏุงู_ุฎุฑุฏู_ูุฑูุด ูุฑูุดฺฏุงู_ูุง_ุฎุฑุฏู_ูุฑูุด
bn:00001939n	ุณุงู ูุฏุช_ุฒูุงู_ุทููุงู ฺฉุงุฑุดูุงุณ_ุงุฑุดุฏ
bn:00058679n	
bn:00070225n	ุงูุฏุงูุงุช_ุงููุช
bn:00070219n	ุงููุช ุงูููุช
bn:00011946n	
bn:00005732n	ูุฑููุง_ูุณูุญ ูุธุงู ูุฑููุง_ูุธุงู ุงุฑุชุด ูุฑู_ูุธุงู ุงุฑุชุดโ ููุง_ูุธุงู ููุฑููุงู_ูุณูุญ ููุฑููุงู_ูุธุงูู ููุฑูู_ูุธุงูู ูุธุงู ุฎุฏูุงุช_ูุณูุญ ุดุงุฎู_ูุธุงู ูุงุดู_ุฌูฺฏ ูุงุดู_ูุง_ูุธุงู ููุงููุช_ูุณูุญุงูู
bn:00007805n	ุฐุฎุฑู
bn:00003801n	ุชุญููฺฏุฑ
bn:00016401n	ููุฑุฏ ุดุงูุฏ ูุญุธู ูุซุงู ูุซู ูููู
bn:00017562n	ูุณุงุจูู ฺุงูุดุงูฺฏุฒโ ุฑูุจ ูุฏุน
bn:00030825n	
bn:00030747n	ุฎุทุฑ ูุฎุงุทุฑู ุฑุณฺฉ ููุงุฑ ุฑูุณู ุฎุทุฑุงุช ุฎุทุฑูุงฺฉ ุฑุณฺฉ_ุงููุช ุฑุณฺฉ_ุงููุช_ุงุณุช
bn:00070914n	ุณูุงูโุฏุงุฑ ุณูุงูุฏุงุฑ ุณูุงู_ุฏุงุฑ ุณูุงู_ุฏุงุฑุงู ุณูุงูโุฏุงุฑุงู shareowner ุณูุงูุฏุงุฑ_ุดุฑฺฉุชูุง ุณูุงูุฏุงุฑุงู ุณูู
bn:00055180n	ูุฒุงุฑุช ููุฒุงุฑูุชโ ูุฒุงุฑุชุฎุงูู ูุฒุงุฑุชโุฎุงูู ูุฒุงุฑุช_ุฏููุช
bn:00028625n	ูุฑุนู_ฺฉุด ฺฉุฑุงูุงุช
bn:00001592n	ูุดูุฑุช ูพูุฏ ุฎุจุฑ ุฑุงุฒู ุตูุงุจุฏุฏ ุนูุฏู ูุตูุญุช ูุตุญุช ูุธุฑ ูุดุงูุฑู
bn:00022227n	ูุฑุงุฑุฏุงุฏ ุนูุฏ ุงุฒ_ูุธุฑ_ูุงููู_ุงูุฒุงู_ุขูุฑ ูุงููู_ูุฑุงุฑุฏุงุฏุ ูุฑุงุฑุฏุงุฏ ูุชุนุงูุฏ
bn:00080816n	ุงุฎุฑ_ููุชู ุขุฎุฑ_ููุชูโ ุขุฎุฑ_ููุชู
bn:00023288n	ุฌุงุฏู ุฑุงู ุฏูุฑู
bn:00073526n	ุณุฎูฺฏู ุณุฎูุฑุงู
bn:00031285n	ุจุฑุงุจุฑ ุชุณุงู ุชุนุงุฏู ูุนุงุฏูู
bn:00021034n	
bn:00008694n	ุจุดฺฉู ุจุดูู
bn:00033939n	ุงุฌุฑุช ูุฒุฏ ุฏุณุชโูุฒุฏ ุฏุณุชูุฒุฏ ูพุฑุฏุงุฒุงูู ูพูู ุฏุณุชูุฒุฏโ ูุฒููโ ุญู_ุงูุฒุญูู ุญู_ุงูุณุนู ุญู_ุงูุณุน ุญูโุงูุฒุญูู ุญูโุงูุณุน ุฏุณุช_ูุฒุฏ ูุฒูู
bn:00059788n	
bn:00025965n	ุฏุฑุฌู ุฏุฑุฌู_ุชฺฉุงูู ุฏุฑุฌู_ุฏุฑ_ููุงุณ ุณุทุญ
bn:00008364n	ุจุงูฺฉ ุจุงูฺฉโ ุจุงูู ๐ฆ ุจุงูฺฉ_ุฎุงุฑุฌ ุจุงูฺฉุฏุงุฑุงู ุจุงูฺฉุฏุงุฑ_ุจู_ุงููููุ ุณูพุฑุฏู_ฺฏุฐุงุฑ_ููุณุณู_ูุงู ุณุณุชู_ุจุงูฺฉ ุดุฑฺฉุช_ุจุงูฺฉุฏุงุฑ ุตูุนุช_ุจุงูฺฉุฏุงุฑ ูฺฏุฑุงู_ูุง_ุจุงูฺฉ
bn:00074010n	ุฏููุช
bn:00007799n	ูพุดุชุจุงู ุญูุงุช_ูุงู ูพุดุชุจุงู_ูุงู
bn:00011975n	
bn:00064839n	ุงููุช_ุงูุชุตุงุฏ ุงููุช
bn:00036839n	ูพุดุชูุงูู ุตูุฏูู ุตูุฏูู_ูุง_ูพูู
bn:00003601n	ููุฏุงุฑ ูุฌููุน ูุฌููุน_ูพูู ููุฏุงุฑ_ูพูู
bn:00000739n	ุงุฎุจุงุฑ_ู_ฺฏุฒุงุฑุด ุดุฑุญ_ฺุฒ_ุฑุง_ููุดุชู
bn:00013240n	
bn:00031641n	ููุงุฏ_ุงุฌุชูุงุน ููุงุฏ_ุงุฌุชูุงุนู
bn:00051251n	
bn:00000649n	ูุนู_ูุตุทูุญ ูพุฐุฑุด
bn:00051250n	
bn:00027366n	ูุฏุฑ ุนุถู_ูุฆุช_ูุฏุฑู ูุฏุฑ_ุนุงูู
bn:00012042n	ุงูุนุงู ุงูฺฏุฒู ุฌุงุฒู ุญู_ุงูุงูุชุงุฒ ูุดูู
bn:00017791n	
bn:00047367n	ุณุฑูุงู_ฺฏุฐุงุฑ ุณุฑูุงูโฺฏุฐุงุฑ ุณุฑูุงูู_ฺฏุฐุงุฑ ุณุฑูุงูฺฏุฐุงุฑโ ุณุฑูุงูโฺฏุฐุงุฑูุง ุณุฑูุงู_ฺฏุฐุงุฑุงู
bn:00051693n	ูุงู ุนุงุฑู ูุฑุถ ูุฑุถู ูุงู_ุฏููุฏฺฏุงู
bn:00008047n	ุชูุงุถู ุฑุณูุจ ูุณูุช_ุจุงู_ูุงูุฏู ูพุณูุงูุฏู ุจุงู_ูุงูุฏู ุจูู
bn:00047831n	ฺฏูุฏุงู
bn:00068915n	ูุฑูุด
bn:00014136n	ุจุฒูุณโ ฺฉุงุฑโ ุณุงุฒูุงู_ฺฉุณุจ_ู_ฺฉุงุฑ ูฺฏุฑุงู_ฺฉุณุจ_ู_ฺฉุงุฑ ฺฉุณุจ_ู_ฺฉุงุฑ_ุณุงุฒูุงู
bn:00079107n	ูุงุญุฏ
bn:00023844n	ุจุญุฑุงู ุจุญุฑุงูโ
bn:00047358n	ุณุฑูุงูโฺฏุฐุงุฑ ุณุฑูุงู_ฺฏุฐุงุฑ ุณุฑูุงูู_ฺฏุฐุงุฑ ุณุฑูุงูู_ฺฏุฐุงุฑุงู ุณุฑูุงูู_ฺฏุฐุงุฑู ุณุฑูุงููู_ฺฏุฐุงุฑู ุณุฑูุงู_ฺฏุฐุงุฑ ุณุฑูุงู_ฺฏุฐุงุฑุงู ุณุฑูุงูู_ฺฏุฐุงุฑ ุณุฑูุงูโฺฏุฐุงุฑุงู ุณุฑูุงู_ฺฏุฐุงุฑุงู_ุฎุงุฑุฌ ุณุฑูุงู_ฺฏุฐุงุฑุงู_ุฎุงุฑุฌ_ุงุณุช ุณุฑูุงู_ฺฏุฐุงุฑ_ุฏุฑ_ููฺฉ ุณุฑูุงู_ฺฏุฐุงุฑ_ูุงู
bn:00016448n	ูุฌู_ููุฏ ูพูู_ููุฏ ููุฏ ููุฏโ ููุฌูุฏ_ููุฏ ูุฌูู_ููุฏ ูุฌูู_ููุฏ ููุฌูุฏู_ููุฏู ูุฌูู_ููุฏู ูพูู_ููุฏ_ุณุฎุช
bn:00050920n	ุจุฏู ุฏู
bn:00076744n	ูพูุฌุดูุจู ูพูุฌโุดูุจู ูพูุฌุดูุจูโ ูพูุฌ_ุดูุจู ุงูุฑูุฑุฒ_ุดูุฏ ุงูุฑูุฑุฒ_ุดุฏ ุงูุฑูุฑุฒุดุฏ ุงูุฑูุฒุฏุดุฏ
bn:00015496n	ุณุฑูุงู ุณุฑูุงู_ุฏุฑ_ฺฏุฑุฏุด ุณุฑูุงูู_ูุงูุนู ุณุฑูุงูู ุณุฑูุงูู_ุฏุฑ_ฺฏุฑุฏุด ุณุฑูุงู_ูุงู ุณุฑูุงู_ูุง_ุฎุงุฑุฌ ุณุฑูุงู_ฺฏุฐุงุฑ ูุจูุบ_ุงุถุงู_ุณุฑูุงู_ุฌุงุฑ_ูพุณ_ุงุฒ_ฺฉุณุฑ_ุจุฏู
bn:00046356n	
bn:00000939n	ุงุณุชูุงุฏ ุงุดุงุฑู ุชุฐฺฉุฑ ุชุตุฏู ุณูพุงุณฺฏุฒุงุฑ ุงุฏฺฉุฑุฏ ููุจุน_ููุฑุฏ_ูุงุฒ_ุงุณุช ฺฏูุชู
bn:00008279n	ฺฏุฑูู
bn:00005019n	ุงุนุชุฑุงุถ ุงูุชูุงุณ ุฏุฑุฎูุงุณุช ูุงุฎูุงูู ูุงุฎูุงู ุงุณุชูุงู ุจุฑุฑุณ_ุงุณุชูุงู ุชุฌุฏุฏ_ูุธุฑ ุฏุงุฏฺฏุงู_ุชุฌุฏุฏ_ูุธุฑ ูุณุชุงูู_ุนูู
bn:00000125n	ถ ุดูุดโ 6 ุดูุด โฅ โน โ โป โ โ ๏ผ ๐ 6ุ hexad sise sixer ุดุด ุดุด_ฺฏุงูู ูู_ุงุฒ ฺฉุงูพุชุงู_ูฺฉุณ
bn:00023302n	ุฏุงุฏฺฏุงู ุงุชุงู_ุฏุงุฏฺฏุงู ุฏุงุฏูฺฏุงูโ ููุญูฺฉููููโ ููุญุงฺฉููููโ
bn:00068424n	ุฑุฏู
bn:00076677n	ุดูุงุฏุช
bn:00025872n	ุชู_ุฏูุงุน ูฺฉูุง_ูุฏุงูุน
bn:00054523n	ูพุงู ูพุบุงู ุฑุณุงููโ ูพุงูโ ูพุบุงูโ ูพูุงู ูพูุบุงู ูพุงูโูุง ุงุทูุงุนู
bn:00078198n	ูุญุงฺฉูู ุฌูุณู_ุฏุงุฏุฑุณ ุฌูุณู_ุฏุงุฏุฑุณู ุฌูุณู_ุฑุณูุฏฺฏู ุฌูุณู_ุฑุณุฏฺฏ ุฌูุณูู_ุฏุงุฏุฑุณู ุฌูุณูู_ุฏุงุฏุฑุณ ุฏุงุฏุฑุณ ุฏุงุฏุฑุณ_ฺฉูุฑ ุฏุงุฏฺฏุงู_ุญููู ูุญุงููู ูุญุงฺฉูู_ุดุฏู_ุงุณุช ูพุฑููุฏู_ุฌูุง
bn:00006469n	ุชุฌุงูุฒ_ุฌูุณ ุชุฌุงูุฒ ุงุฒุงุฑ_ู_ุงุฐุช_ุฌูุณ ุชุฌุงูุฒ_ุจู_ุนูู ุฒูุง_ุจู_ุนูู ุขุฒุงุฑ_ู_ุงุฐุช_ุฌูุณ ุชุฌุงูุฒ_ุฌูุณโ ุขุฒุงุฑ_ู_ุงุฐูุช_ุฌูุณู ุงุฒุงุฑ_ู_ุงุฐูุช_ุฌูุณู ุชุฌุงูุฒ_ุฌูุณู ุฒูุงู_ุจู_ุนูู ูุชุฌุงุฒูู_ุจู_ุนูู ูุชุฌุงุฒู_ุจู_ุนูู ุชุฌุงูุฒ_ุจู ูุชุฌุงูุฒ_ุณุฑุงู ููุฑุฏ_ุชุฌุงูุฒ_ูุฑุงุฑ_ฺฏุฑูุชู
bn:00018345n	ุจฺู ุฎุฑุฏุณุงู ฺฉูุฏฺฉ ุชุฑุงุดูุฏู ุฌูุงูฺฉ ุฒุงุฏู ููฺฏูู ฺฉูฺฺฉ ุทูู ุงุทูุงู ุฑูุฏู ุฑุฏฺฉ ุตุบูุฑ ุตุบุฑ ููุฏู ููุฏูุงู ฺฉูุฏฺฉุงู ููุฌูุงู tiddler ุฌุฒุฆ ุฎุฑุฏ
bn:00009472n	ุชุฎุชุฎูุงุจ ุจุณุชุฑ ุจูุณูุชูุฑโ ุชูุฎูุชูุฎูุงุจโ ุฑูุฎูุชูุฎูุงุจโ ุชุฎุช_ุฎูุงุจ ุชุฎุชโุฎูุงุจ
bn:00044994n	ุฎุงูู ุฎุงููู ุฎุงูู_ูุง ุฎุงูู_ูุงู ุฎุงูู_ูุง ุฎุงููโูุง ุฎุงููโูุง ููุฒู โ ูุนูุงุฑ_ุฏุงุฎู
bn:00034004n	ุนุถู ุนุถู_ููฺฉุงุฑ
bn:00032892n	ุฎุงููุงุฏู ุฎุงููุงุฑ ุงูู_ุจุช ุฎุงูฺฏ ูุณุชุฎุฏูู_ุฎุงูู ุฎุงูู_ูุงุฑ ุฎุงููู_ูุงุฑ ุฎุงููโูุงุฑ ุฎุงูู_ุฏุงุฑ
bn:00048488n	ูุงุถ ุฏุงุฏุฑุณ ูุถุงุช ูุงุถู iudex ุนุฏุงูุช
bn:00046148n	ุจุงุฌ ุชุญูู ูุถุน
bn:00048658n	ูุฆุช_ููุตูู ฺูุฑ ูุฆุช_ููุตููโ ููุฆุช_ููุตูู ูุฃุช_ููุตูู ูุงุช_ููุตูู ุฏุงูุฑ ุฏุงูุฑุงู
bn:00007051n	ูฺฉู ูฺฉู_ุฏุงุฏฺฏุณุชุฑ ุญูููุฏุงู ุดุงุฑุน ููู ูุฏุน ูุดุงูุฑ_ุญููู ูฺฉุงูุช ูฺฉูโ ูฺฉู_ูุฏุงูุน ูููู ูููู_ูุฏุงูุน ูฺฉูุง_ุฏุงุฏฺฏุงู
bn:00023301n	ุฏูุงู ุฏุงุฏฺฏุงู_ูุญฺฉูู ุฏูุงูโ ูุญฺฉููโ ุฏุงุฏฺฏุงู ูุญฺฉูู
bn:00034444n	
bn:00005600n	ุงุณุชุฏูุงู ุจุงูู
bn:00023362n	ฺฏุฒุงุฑุด
bn:00057562n	ุฑูพูุฑุชุฑโ ฺฏุฒุงุฑุดฺฏุฑโ ุฎุจุฑูฺฏุงุฑ ุณุฎูฺฏู
bn:00030627n	ุงุณุชูุงุฏู ูุตุฑู ฺฉุงุฑุจุฑุฏโ
bn:00016140n	ุฌุดู ฺฉุงุฑูุงูุงู ฺฉุงุฑูุงู_ุดุงุฏ
bn:00003263n	
bn:00026622n	ุฌุฒุฆุงุช ููุทู
bn:00060907n	ูพุฑุดูุฑ passionateness
bn:00019404n	ุงุฏุนุง ฺฏุฒุงุฑู ฺฏุฒุงุฑู_ููุทู
bn:00064192n	ููุฑุฑ_ุดุฏู ุชุฌูุฒ_ุดุฏู
bn:00025170n	ุฎุทุฑ
bn:00046310n	
bn:00046516n	ูุฑุฏ ฺฉุณ ุดุฎุต ุดุฎุต ฺฉ_ุดุฎุต ฺฉ_ฺฉุณ ุดูุฎุต ุขุฏูโ ุดุฎุตโ ฺฉุณโ ุงูุฑุงุฏ ูุงู
bn:00067807n	ุญู ุญููู
bn:00025890n	ูฺฉู_ูุฏุงูุน ูฺฉู_ุฌูุง ูฺฉู_ูุฏุงูุน_ุฌูุง
bn:00078207n	ูุญุงฺฉูู_ูุงุถ
bn:00064914n	ุงุณุชุงู ููุงุช provincia ุฏููุช
bn:00075262n	ุฏุงุฏฺฏุงู_ุนุงู
bn:00059171n	ุชุตูู ุญุงฺฉู
bn:00048459n	ุฑุณุงูู_ุฎุจุฑ ุฑุณุงูู_ูุง ุฑุณุงูู_ูุง_ุฎุจุฑ
bn:00032047n	ุงุฏูู_ุงุซุจุงุช_ุฏุนู ฺฏูุงู ูุฏุฑูโ ุงุฏูู_ุงุซุจุงุช_ุฌุฑู ุงุฏูู_ุงุซุจุงุช_ุฏุนูู ุงุฏููู_ุงุซุจุงุช_ุฏุนูู ุงุฏููู_ุงุซุจุงุช_ุฏุนู ุงูุฑุงุฑ ุดูุงุฏุช_ูุงูู ูุฏุน ูุฏุน_ุนูู ุดูุงูุฏ
bn:00050106n	
bn:00050107n	
bn:00005022n	ุฏุงุฏฺฏุงู_ุงุณุชูุงู ุฏุงุฏฺฏุงู_ุงุณุชููุงู ุฏุงุฏฺฏุงู_ุงุณุชูุงู ุฏุงุฏฺฏุงู_ุงุนุชุฑุงุถ ุฏุงุฏฺฏุงู_ุชุฌุฏุฏ_ูุธุฑ
bn:00016403n	ุฏุนู_ูุถุง ุฏุนุงู_ุญููู ุฏุนููฐโ ุฏุงุฏุฎูุงู ุฏุนูู_ูุถุงูู ุดูุงูุช ุดฺฉุงุช ุทุฑุญ_ุฏุนู_ุฏุฑ_ุฏุงุฏฺฏุงู causa ุณุณุชู_ุนุงูู ุดฺฉุงุช_ฺฉุฑุฏ ุทุฑูู_ุฏุนูุง ุนูุช ุนู ุนูุช ููุฑุฏ_ูุงููู ูพุด_ุงุฒ_ูุญุงฺฉูู
bn:00015226n	ุฎููุต ุนุงุฏูุงูู_ูฺฉุฑ
bn:00075359n	ุฏูุงู_ุนุงู_ุงุงูุงุช_ูุชุญุฏู_ุขูุฑฺฉุง ุฏุงุฏฺฏุงู_ุนุงู_ุงุงูุงุช_ูุชุญุฏู ุฏูุงู_ุนุงู_ุงุงูุงุช_ูุชุญุฏู ุฏุงุฏฺฏุงู_ุนุงูู_ุขูุฑููุง ุฏุงุฏฺฏุงู_ุนุงูู_ุงูุฑููุง ุฏุงุฏฺฏุงู_ุนุงูู_ุงูุงูุงุช_ูุชุญุฏู ุฏุงุฏฺฏุงู_ุนุงูู_ุงูุงูุงุช_ูุชุญุฏู_ุขูุฑููุง ุฏุงุฏฺฏุงู_ุนุงูู_ุงูุงูุงุช_ูุชุญุฏู_ุงูุฑููุง ุฏุงุฏฺฏุงู_ุนุงู_ุขูุฑฺฉุง ุฏุงุฏฺฏุงู_ุนุงู_ุงูุฑฺฉุง ุฏุงุฏฺฏุงู_ุนุงู_ุงุงูุงุช_ูุชุญุฏู_ุขูุฑฺฉุง ุฏุงุฏฺฏุงู_ุนุงู_ุงุงูุงุช_ูุชุญุฏู_ุงูุฑฺฉุง ุฏููุงู_ุนุงูู_ุขูุฑููุง ุฏููุงู_ุนุงูู_ุงูุฑููุง ุฏููุงู_ุนุงูู_ุงูุงูุงุช_ูุชุญุฏู ุฏููุงู_ุนุงูู_ุงูุงูุงุช_ูุชุญุฏู_ุขูุฑููุง ุฏููุงู_ุนุงูู_ุงูุงูุงุช_ูุชุญุฏู_ุงูุฑููุง ุฏููุงู_ุนุงูู_ุงูุงูุงุช_ูุชุญุฏูู_ุขูุฑููุง ุฏููุงู_ุนุงูู_ุงูุงูุงุช_ูุชุญุฏูู_ุงูุฑููุง ุฏููุงู_ุนุงูู_ุงูุงูุงุช_ูุชุญุฏูู_ุงูุงูุงุช_ูุชุญุฏู ุฏููุงู_ุนุงูู_ูุฏุฑุงู ุฏููุงู_ุนุงูู_ูุฏุฑุงู_ุงูุงูุงุช_ูุชุญุฏู ุฏููุงู_ุนุงูู_ูุฏุฑุงู_ุงูุงูุงุช_ูุชุญุฏู_ุขูุฑููุง ุฏููุงู_ุนุงูู_ูุฏุฑุงู_ุงูุงูุงุช_ูุชุญุฏู_ุงูุฑููุง ุฏููุงู_ุนุงูู_ูุฏุฑุงู_ุงูุงูุงุช_ูุชุญุฏูู_ุขูุฑููุง ุฏููุงู_ุนุงูู_ูุฏุฑุงู_ุงูุงูุงุช_ูุชุญุฏูู_ุงูุฑููุง ุฏููุงู_ุนุงูู_ูุฏุฑุงู_ุงูุงูุงุช_ูุชุญุฏูู_ุงูุงูุงุช_ูุชุญุฏู ุฏูุงู_ุนุงู_ุขูุฑฺฉุง ุฏูุงู_ุนุงู_ุงูุฑฺฉุง ุฏูุงู_ุนุงู_ุงุงูุงุช_ูุชุญุฏู_ุงูุฑฺฉุง ุฏูุงู_ุนุงู_ุงุงูุงุช_ูุชุญุฏูู_ุขูุฑฺฉุง ุฏูุงู_ุนุงู_ุงุงูุงุช_ูุชุญุฏูู_ุงูุฑฺฉุง ุฏูุงู_ุนุงู_ุงุงูุงุช_ูุชุญุฏูู_ุงุงูุงุช_ูุชุญุฏู ุฏูุงู_ุนุงู_ุงุงูุงุช_ูุชุญุฏูโ_ุงูุฑฺฉุง ุฏูุงู_ุนุงู_ูุฏุฑุงู ุฏูุงู_ุนุงู_ูุฏุฑุงู_ุงุงูุงุช_ูุชุญุฏู ุฏูุงู_ุนุงู_ูุฏุฑุงู_ุงุงูุงุช_ูุชุญุฏู_ุขูุฑฺฉุง ุฏูุงู_ุนุงู_ูุฏุฑุงู_ุงุงูุงุช_ูุชุญุฏู_ุงูุฑฺฉุง ุฏูุงู_ุนุงู_ูุฏุฑุงู_ุงุงูุงุช_ูุชุญุฏูู_ุขูุฑฺฉุง ุฏูุงู_ุนุงู_ูุฏุฑุงู_ุงุงูุงุช_ูุชุญุฏูู_ุงูุฑฺฉุง ุฏูุงู_ุนุงู_ูุฏุฑุงู_ุงุงูุงุช_ูุชุญุฏูู_ุงุงูุงุช_ูุชุญุฏู scotus ุฏูุงู_ุนุงู_u.s
bn:00021628n	ุญฺฉู ูุญฺฉููุช ุฌููู ูุฌุฑูุช ุญฺฉู_ุฒูุฏุงู ูุถุงูุช_ุงุฒ_ุงุนุชูุงุฏ
bn:00019742n	ฺฉููููุฏ cleveland ููููููุฏ ฺฉููููุฏุ_ุงููุงู
bn:00059674n	osteopathist ูุชุฎุตุต_ุจูุงุฑูุง_ุงุณุชุฎูุงู
bn:00032175n	ูุชู ุขุฏู_ฺฉุด ุขุฏูโฺฉุด ูุชู_ุนูุฏ ุงุฏู_ฺฉุด ุงุฏูโฺฉุด ูุชู_ุฏุฑุฌู_ฺฉ ูุชู_ุฏุฑุฌู_ุฏูู ูุชู_ุดฺฉูุฌู
bn:00053531n	ุฒู ุฒูุฌู ุฎุงูู ุนุงู ุฒู_ูุชุงูู ููุณุฑ
bn:00021584n	ุชุตูู
bn:00023807n	ุฌุฑู ุจุฒู ุชูุตุฑ ุจูุฒูโ ุฌูุฑูโ ุฌููุงูุชโ ุฌูุงุช ุฌูุง ุจูุฒูู ุฌุฑุงุฆู ุฌุฑุงุฆู_ุณุงุณ_ููุทุจูุนุงุช ุฌูุงูุช ุฌูุงูู ุฌูุฑู ุฎูุงูฺฉุงุฑ ูุฃุช_ููุตูู ูุงุช_ููุตูู ุฌุฑู_ุฌูุง ุฌูุงุงุช ุดฺฉุณุชู_ูุงููู ูุนุงูุช_ูุง_ุบุฑ_ูุงููู
bn:00046926n	ุงููุงู
bn:00076429n	ุจุฑูุงูู_ุชููุฒูู ููุงุด_ุชููุฒูู ุจุฑูุงูู_ุชููุฒููโ ุณุฑูุงู ูุฌููุนู_ุชููุฒูู ุจุฑูุงูู_ุชููุฒูููู ุจุฑูุงูู_ุชููุฒูู ุจุฑูุงูู_ุชูููุฒูููู ุจุฑูุงููู_ุชูููุฒูููู ุจุฑูุงููู_ุชููุฒูู ุจุฑูุงููโูุง_ุชููุฒูู ุณุฑูุงู_ุชูููุฒูููู ุณุฑูุงููุงู_ุชูููุฒูููู ุณุฑุงู_ุชููุฒูู ุณุฑุงููุง_ุชููุฒูู ูุฌููุนู_ุชูููุฒูููู ูุฌููุนู_ูุงู_ุชูููุฒูููู ูุฌููุนู_ูุง_ุชููุฒูู ูุฌููุนูู_ุชูููุฒูููู ูุฌููุนูู_ุชููุฒูู ูุฌููุนูโูุง_ุชููุฒูู ุจุฑูุงูู_ูุง_ุชููุฒูู ุจุฑูุงูู_ูุง_ุชููุฒูู ุชููุฒูู_ูุดุงู_ู_ุฏูุฏ ูุตู ููุงุด_tv ููุงุด_ูุง_ุชููุฒูู
bn:00034471n	ููู ุณููุง ุชููฺฏุฑ ููู ููู ุชุตุงูุฑ_ูุชุญุฑฺฉ ุชุตูุฑ_ูุชุญุฑฺฉ ูููู ูููู_ุณูููุงูู ููููู ููู_ุณููุง ููู ๐ ุญุฑฺฉุช_ุชุตูุฑ ุญุฑฺฉุช_ุชุตูุฑ_ูุดุงู_ู_ุฏูุฏ ุฏุฑ_ุญุงู_ุญุฑฺฉุช_ุชุตูุฑ_ูุดุงู_ู_ุฏูุฏ ุตูุญู_ููุงุด_ุจุฒุฑฺฏ ููู_ุชุฆุงุชุฑ ููุงุด_ุนฺฉุณ
bn:00042601n	ูู ูุตู ูุตูโ ููโ 0,5 1/2 ููู ููู ูู ูู_ุงุฒ ฺฉ_ู_ูู
bn:00017234n	ุณุฏู ูุฑู ุณุฏูโ ุนุตุฑโ ูุฑูโ ุณุฏู_ูุง ุณุฏูู_ูุง ุณุฏูโูุง ูุฑู_ูุง ูุฑูโูุง ุตุฏูู_ุณุงูฺฏุฑุฏ
bn:00033729n	ุงุฏุจ ุฑูุด ูุณู ููุน ุญุงูุช ุฑุงู ุณุจฺฉ
bn:00016851n	ุนูุช
bn:00016013n	ุจู ุชุฑุณ ูุฑุงุณ ูุญุดุช ูฺฏุฑุงู
bn:00064601n	ุงุณุชุงุฏ ูพุฑููุณูุฑ ุงุณุชุงุฏ_ุชูุงู ูพุฑูููุณูุฑ ูพุฑููุณูุฑ ูพููุงูุฏ extraordinarius_ุงุณุชุงุฏ ุงุณุชุงุฏ_ุฏุงูุดฺฏุงู ุงุณุชุงุฏ_ุนุงุฏ ุงุณุชุงุฏ_ููู_ุงูุนุงุฏู_ุง ุงุณุชุงุฏ_ฺฉุงูู ุงุณุชุงุฏ ุงุณุชุงุฏุงุฑ ุตูุฏู ุตูุฏู_ุดุฎุต
bn:00021904n	ฺฉูุชฺฉุช ฺฉุงูุชฺฉุช connecticut ุงูุงูุช_ูุงูุชููุช ุงูุงูุช_ููุชููุงุช ุงุงูุช_ฺฉุงูุชฺฉุช ุงุงูุช_ฺฉูุชฺฉุงุช ุงุงูุช_ฺฉูุชฺฉุช ูุงูุชููุงุช ูุงูุชููุช ูุงููุชููุงุช ูุงููุชููุช ููุชููุช ููู_ุชููุช ูููุชููุช ฺฉุงูุชฺฉุงุช ฺฉุงูฺฉุชฺฉุงุช ฺฉุงูฺฉุชฺฉุช ฺฉูู_ุชฺฉุช ฺฉููโุชฺฉุช ฺฉูุชฺฉุช ุฌูุฒ_ุงููุฑ_ุฎุงุฑุฌู ูุงููู_ุงุณุงุณ_ุงุงูุช
bn:00015656n	ุงุนุฏุงู ูุฌุงุฒุงุช_ุงุนุฏุงู ุงุนุฏุงูโ ุญฺฉู_ุงุนุฏุงู ุงุดุฏ_ูุฌุงุฒุงุช_ุจุฑุง_ูุญฺฉูู ุงุดุฏ_ูุฌุงุฒุงุช ุญูู_ุงุนุฏุงู ูุฌุงุฒุงุช_ูุฑฺฏ ุงุฌุฑุง ุงุนุฏุงู_ูุถุง ุฌุฑู_ุณุฑูุงู ูุฌุฑ
bn:00067181n	ฺฏุฒุงุฑุด ุฑุงูพุฑุชโ ฺฏุฒุงุฑุดโ ุฑุงูพูุฑุช ฺฏุฒุงุฑุด_ููุดุชู_ุดุฏู_ุงุณุช
bn:00045800n	ุงุฏู ุงูุฏุดูโ ุชูฺฉุฑโ ููฺฉุฑโ ุงูุฏู ูุซุงู ูฺฉุฑ
bn:00021221n	ุงุฑุชุจุงุทุงุช ูฺฉุงุชุจู ุงุฑุชุจุงุท ุจุฑูุฑุงุฑ_ุงุฑุชุจุงุท ุณูุกุชูุงูู
bn:00048657n	ุนุถู_ูุฆุช_ููุตูู juryman jurywoman ุฏุงูุฑ
bn:00066343n	ูุงฺฉูุด
bn:00032381n	ุนฺฉุณ ุชูุตููุฑโ ุนูฺฉูุณโ ููุชูฺฏูุฑุงูโ ุชุตูุฑ ุนูุณ ูุฑุชูุฑ
bn:00079940n	ูุฑุจุงู
bn:00025364n	ุฏุฎุชุฑ ูุฑุฒูุฏ_ุฏุฎุชุฑ ุฏูุฎูุชูุฑโ ููุฑูุฒูููุฏโ
bn:00064806n	ุฏุงุฏุณุชุงู ุฏุงุฏุณุฑุง ุชุนูุจ_ฺฉูุฑ ุซุงุฑููุงู ุฏุงุฏุณุชุงู_ุนูููู ุฏุงุฏุณุชุงู_ุนููู ูุฏุนโุงูุนููู ูพฺฏุฑุฏ_ุฏุงุฏุณุชุงู ูพฺฏุฑุฏ_ูุงููู ุฏุงุฏุณุชุงู_ุนููู_ู_ุงูููุงุจ ุชุนูุจ_ุงูุณุฑ ูุฏุน
bn:00034552n	ุฑุง_ูุฆุช_ููุตูู ุญฺฉูโ ุญฺฉู ูพุฏุง_ฺฉุฑุฏู_ุฏุฑ_ูุงูุน
bn:00021961n	ุจุฑุขู ุงุฎุฑู_ุดูุงุฑู ุจุฑุขูุฏ ุณุฑุงูุฌุงู ูพ_ุงูุฏ ูพ_ุขูุฏโ ุจุฑุขูู ุจุฑุงู ูุชุฌู ุงุซุฑ
bn:00047077n	ุนูุงูู ุงูุชูุงูโ ุนูุงููโ
bn:00017559n	
bn:00030113n	ุงูุชุฎุงุจุงุช ุงูุชุฎุงุจ ุงูููุชูุฎุงุจุงุชโ ุงูููุชูุฎุงุจโ ุงูุชุฎุงุจุงุช_ุฏููฺฉุฑุงุชฺฉ ุงูุชุฎุงุจ_ูุฌุฏุฏ ุงูุชุฎุงุจุงุช ุฏููฺฉุฑุงุชฺฉ_ุงูุชุฎุงุจ_ุดุฏู ููุชุฎุจ
bn:00015050n	ฺฉุงุฑุฒุงุฑ_ุณุงุณ ูุงุฑุฒุงุฑ_ุงูุชุฎุงุจุงุชู ูุงุฑุฒุงุฑ_ุณูุงุณู ูุงุฒุงุฑ_ุงูุชุฎุงุจุงุชู ูููพูู_ุงูุชุฎุงุจุงุชู ูููพูู_ุณูุงุณู ฺฉุงุฑุฒุงุฑ_ุงูุชุฎุงุจุงุช ฺฉุงุฒุงุฑ_ุงูุชุฎุงุจุงุช ฺฉููพู_ุงูุชุฎุงุจุงุช ฺฉููพู_ุณุงุณ ูุจุงุฑุฒุงุช_ุงูุชุฎุงุจุงุช ูุจุงุฑุฒุงุช_ุงูุชุฎุงุจุงุช_ุฑุงุณุช_ุฌูููุฑ ูุจุงุฑุฒุงุช_ุณุงุณ
bn:00015056n	ูุงูุฒุฏ ุฏุงูุทูุจ ูุงูุฒุฏ_ุงูุชุฎุงุจุงุช ฺฉุงูุฏุฏ ุณุฑุจุงุฒ_ฺฉููู_ฺฉุงุฑ ูุจุงุฑุฒ
bn:00070459n	ูุฌูุณ_ุณูุง_ุงุงูุงุช_ูุชุญุฏู_ุขูุฑฺฉุง ูุฌูุณ_ุณูุง_ุงุงูุงุช_ูุชุญุฏู ุณูุง_ุขูุฑฺฉุง ุณูุง_ุงูุฑฺฉุง ุณูุง_ุงุงูุงุช_ูุชุญุฏู ุณูุง_ุงุงูุงุช_ูุชุญุฏู_ุขูุฑฺฉุง ุณูุง_ุงุงูุงุช_ูุชุญุฏู_ุงูุฑฺฉุง ุณูุง_ุงุงูุงุช_ูุชุญุฏูู_ุขูุฑฺฉุง ูุฌูุณ_ุณูุง_ุงุงูุงุช_ูุชุญุฏู_ุขูุฑฺฉุง ูุฌูุณ_ุณูุง_ุขูุฑฺฉุง ูุฌูุณ_ุณูุง_ุงุงูุงุช_ูุชุญุฏู_ุงูุฑฺฉุง ูุฌูุณ_ุณูุง_ุงุงูุงุช_ูุชุญุฏูู_ุขูุฑฺฉุง ูุฌูุณ_ุณูุง_ุงุงูุงุช_ูุชุญุฏู united_states_senate ุณูุงู_ุขูุฑููุง ุณูุงู_ุงูุฑููุง ุณูุงู_ุงูุงูุงุช_ูุชุญุฏู ุณูุงู_ุงูุงูุงุช_ูุชุญุฏู_ุขูุฑููุง ุณูุงู_ุงูุงูุงุช_ูุชุญุฏู_ุงูุฑููุง ุณูุงู_ุงูุงูุงุช_ูุชุญุฏูู_ุขูุฑููุง ุณูุงู_ุงูุงูุงุช_ูุชุญุฏูู_ุงูุฑููุง ุณูุงู_ุงูุงูุงุช_ูุชุญุฏูู_ุงูุงูุงุช_ูุชุญุฏู ุณูุง_ุงุงูุงุช_ูุชุญุฏูู_ุงูุฑฺฉุง ุณูุง_ุงุงูุงุช_ูุชุญุฏูู_ุงุงูุงุช_ูุชุญุฏู ูุฌูุณ_ุณูุง_ุงูุงูุงุช_ูุชุญุฏู ูุฌูุณ_ุณูุง_ุงูุงูุงุช_ูุชุญุฏู_ุขูุฑููุง ูุฌูุณ_ุณูุง_ุงูุงูุงุช_ูุชุญุฏู_ุงูุฑููุง ูุฌูุณ_ุณูุง_ุงุงูุงุช_ูุชุญุฏู_ุงูุฑฺฉุง ูุฌูุณ_ุณูุงู_ุขูุฑููุง ูุฌูุณ_ุณูุงู_ุงูุฑููุง ูุฌูุณ_ุณูุงู_ุงูุงูุงุช_ูุชุญุฏู ูุฌูุณ_ุณูุงู_ุงูุงูุงุช_ูุชุญุฏู_ุขูุฑููุง ูุฌูุณ_ุณูุงู_ุงูุงูุงุช_ูุชุญุฏู_ุงูุฑููุง ูุฌูุณ_ุณูุงู_ุงูุงูุงุช_ูุชุญุฏูู_ุขูุฑููุง ูุฌูุณ_ุณูุงู_ุงูุงูุงุช_ูุชุญุฏูู_ุงูุฑููุง ูุฌูุณ_ุณูุงู_ุงูุงูุงุช_ูุชุญุฏูู_ุงูุงูุงุช_ูุชุญุฏู ูุฌูุณ_ุณูุง_ุงูุฑฺฉุง ูุฌูุณ_ุณูุง_ุงุงูุงุช_ูุชุญุฏูู_ุงูุฑฺฉุง ูุฌูุณ_ุณูุง_ุงุงูุงุช_ูุชุญุฏูู_ุงุงูุงุช_ูุชุญุฏู ุงุงูุงุช_ูุชุญุฏู_ุขูุฑฺฉุง_ุฏุฑ_ูุฌูุณ_ุณูุง ุณูุงุชูุฑ_ุงุงูุงุช_ูุชุญุฏู ูุฌูุณ_ุณูุง_u_s
bn:00030581n	ูุฌุงู ุงุญุณุงุณุงุช ูุฌุงู ูุฌุงูุงุช ููุฌุงู ููุฌุงู_ูุง ููุฌุงูู ูุฌุงู_ูุง ูุฌุงูโูุง ุนุงุทู
bn:00021278n	ูุดุฑุฏฺฏ
bn:00015008n	ุฏูุฑุจู ุฏูุฑุจู_ุนฺฉุงุณ ุฏูุฑุจูู_ุชุตููุฑุจุฑุฏุงุฑู ุฏูุฑุจูู_ุนูุงุณู ุฏูุฑุจู_ุชุตูุฑุจุฑุฏุงุฑ ูุทุน_ุฏูุฑุจู ฺฉูุฑุง
bn:00023326n	ุฏุงุฏฺฏุงู ฺฉุงุฎ_ุฏุงุฏฺฏุณุชุฑ
bn:00057481n	ูููููุ_ฺฉูุชฺฉุช ูููููุ_ฺฉุงูุชฺฉุช new_haven ููู_ูููู ูููููููุ_ูุงูุชููุช ูู_ููู ููููู
bn:00047238n	ูุตุงุญุจู ูุฐุงฺฉุฑู
bn:00048461n	ุฑูุฒูุงููโูฺฏุงุฑ ุฑูุฒูุงูู_ูฺฏุงุฑ ุฎุจุฑูฺฏุงุฑ_ุฑูุฒูุงูู ุฎุจุฑูฺฏุงุฑุงู ุฑูุฒูุงูู_ูฺฏุงุฑ_ุชููุฒูู ุฑูุฒูุงูู_ูฺฏุงุฑุงู
bn:00061746n	ุฌูุจู_ูฺฉุฑ ููุงุธุฑ_ู_ูุฑุงุง ฺุดู_ุงูุฏุงุฒ ูููุนุช
bn:00017651n	ุชุบุฑ
bn:00001267n	ุงูุทุจุงู ุณุงุฒฺฏุงุฑ ุงูุชุจุงุณ ุณุงุฒุด ุณุงุฒุดโ ุณุงุฒฺฏุงุฑโ
bn:00066933n	ูุงููู
bn:00006759n	ูุฑุฒุด ุนูู_ูุฑุฒุด ุงุนุชูุงุฏ_ุจู_ูุฑุฒุด ุงุนุชุงุฏ_ุจู_ูุฑุฒุด ุชุฑุจูุช_ุจุฏูู ุชุฑุจุช_ุจุฏู ูุฑุฒุดโูุง ุฏู_ู_ูุฏุงู ุฑูุฏุงุฏ_ูุฑุฒุด ุฑูุฏุงุฏูุง_ูุฑุฒุดุ
bn:00036292n	ฺฉูุงูุจุฑุฏุงุฑ ูุฑูุจ ฺฉูุงู_ุจุฑุฏุงุฑ ฺฉูุงูุจุฑุฏุงุฑ ฺฉูุงูโุจุฑุฏุงุฑ ููุงู_ุจุฑุฏุงุฑู ููุงูุจุฑุฏุงุฑ ููุงูุจุฑุฏุงุฑู ุชุดุฎุต_ุชููุจุ ุชููุจ ุฌุนู ูุฑุจฺฉุงุฑ ูุชููุจ ูพุดฺฏุฑ_ุงุฒ_ุชููุจ
bn:00048655n	ุญููู ูุงููู ุญููู_ุงูู ููู ุญููููโ ูุงูููโ ุงุณุงุณ_ูุงูู ุงุณุงุณูุงูู ุงุณุงุณโูุงูู ุญููู_ุฏุงุฎู ุญููู_ุฏุงู ุญููู_ุฏุงูุงู ุญููู_ูุถุงุฆู ุญููู_ูุถุงุฆ ุญููู_ูุถุงูู ุญููู_ูุถุง ุญูููโุฏุงูุงู ุฑุดุชู_ุญููู ุฑุดุชูู_ุญููู ุนูู_ุญููู ููุณููู_ุญููู ููุงููู ููุงูู ููุฏู_ุดูุงุณู ููุฏู_ุดูุงุณ ูุงูููฺฏุฐุงุฑ ูุงููู ูุจุฑุฏ_ูุงููู
bn:00033750n	1_ุณุฑุน
bn:00045199n	ูุทุงูุช_ุทุจุน ูุทูู_ฺฏู ููุด ูุทูู ุฌูุงุจ ุดูุฎ_ุทุจุน ุทูุฒ ุธุฑุงูุช
bn:00081224n	ุงุฑุงุฏู ุงุฑุงุฏู_ูฺฉ
bn:00030015n	ุฎูุงุต ุงุฎุฑุงุฌโ ุงุฎุฑุงุฌ
bn:00046794n	ูุฑฺฉุจ ุฌููุฑ ูุฑูุจ ุฌููุฑ_ูพุงฺฉ_ูุดุฏู
bn:00009654n	ุงุนูุงู ุฑูุชุงุฑ ฺฉุฑุฏุงุฑูุง ฺฉุฑุฏู_ูุง
bn:14866890n	
bn:00015917n	
bn:00021722n	ูฺฏ_ูุฑุฒุด ูุฐุงฺฉุฑู ูุดุงูุฑู ููฺฏ_ูุฑุฒุดู ูฺฏ ฺฉููุฑุงูุณ ฺฉููุฑุงูุณ_ูุฑุฒุด
bn:00061898n	ูุฑุญูู
bn:00021015n	ฺฉูุณูู ูุฌูุณ_ูุดุงูุฑู ฺฉูุชูโ ฺฉูุชู ูููุชู ูููุณููู ูุฆุช ispolkom ฺฉูุชู_ุงุฌุฑุง ฺฉูุชู_ุงุณุชุงุฏู ฺฉูุชู_ุฏุงุฆู ฺฉูุชู_ูพุงุฑููุงู
bn:00022845n	
bn:00077924n	ูุฑุจโ ูุฑุจ
bn:00046294n	
bn:00019219n	ููููู ุญุงูุงุชโ ุญุงูโ ุดุฑุงุทโ ูุถุนูุงูโ ูุถุนุชโ
bn:00061054n	ุงูฺฏู ุนูู
bn:00081622n	ุฌูุงู
bn:00035704n	ูุฑุฒุด_ููุชุจุงู ุชููพ_ููุชุจุงู ุชููพ_ููุชุจุงูโ ููุชุจุงู ุจุงุฒ_ููุชุจุงู
bn:00031735n	ุงุชูุณ ุงุชูุณ ethos ุงุฎูุงู ุตูุงุช_ู_ุดุฎุตุช_ุงูุณุงู
bn:00021395n	ุจุฎุด ุจุฎุด_ุฌุฒุฆ ุจุฑุฏุงุฑ ุจุฑุฏุงุฑ_ุงููุฏุณ ุฌุฒุก ุนูุงูู_ุจุฑ_ุจุฑุฏุงุฑ ูุณูุช ูุฌููุน_ุจุฑุฏุงุฑ ููููู_ุจุฑุฏุงุฑ
bn:00005601n	ุจุญุซ ููุงุธุฑู ูุฐุงฺฉุฑุงุช_ูพุงุฑููุงู ฺูู_ู_ฺุฑุง ูุจุงุญุซูโ ููุงุธุฑูโ ุขุฏุงุจ_ููุงุธุฑู ุงุณุชุฏูุงู ุจุญุซ_ุฏุฑ_ููุฑุฏ ุจุญุซ_ูุง_ุณุงุณ ูุธุฑู_ุงุณุชุฏูุงู
bn:00059480n	ุณุงุฒูุงู ุชุดฺฉูุงุชโ ุณุงุฒูุงูโ ุชุดฺฉูุงุช ุชุดูููุงุช ุงุฌุงุฏ
bn:00004527n	ุณุฑูุฏ_ุฑูุญุงู ุณุฑูุฏโ ฺฏุงุชุงโ ุณูุงโ ุณุฑูุฏ_ูุฐูุจ ููุงุฌุงุช ุณุฑูุฏ_ูุณุญ ุณุฑูุฏ_ุฑูุญุงูู ุณุฑูุฏ_ูุฐูุจู ุณุฑูุฏูุง_ูุฐูุจ ุณุฑูุฏูุง_ูุณุญ ุณุฑูุฏ hymnodist hymnodistุ hymnwriter ุณุฑูุฏูุง
bn:00041354n	ุงุจูุช ุจุฒุฑฺฏ ุดุงู ุดฺฉูู ุนุธูุช ูุฑู magnanimousness nobleness
bn:00044654n	ุดุฑู ุงููุชูุฎุงุฑโ ุดูุฑููโ ุนูุฒููุชโ ุดุฑุงูุช ุดุฑุงูุชู ุดุฑุงูุช
bn:00001077n	ูุจุงูู ุนูู ุนูู_ุงูุณุงู ูุนุงูุช_ูุง_ุงูุณุงู
bn:00028614n	
bn:00044269n	ุชุงุฑุฎ
bn:00076339n	ุงูู_ูู ูุชุฎุตุต_ูู ฺฉุงุฑุฏุงู ฺฉุงุฑุดูุงุณ_ูู
bn:00078798n	ููุน
bn:00064077n	ููุฌุงุฑ_ุญููู ุญฺฉู ูุงุนุฏู_ุงุฎูุงู ูพูุฏ ููุฌุงุฑ_ุญูููู ุงุญฺฉุงู
bn:00059436n	ูุดุช ุชูุธู ููุฑุฑุงุช ูุธุงุฑุช
bn:00047690n	ุณุฑูุตู ุถุงุจุทู ุนููุงู ูุจุญุซ ููุถูุน ูุงุฏู
bn:00025080n	ุขุณุจ
bn:00033960n	ุงุญุณุงุณ ุฑูุญ
bn:00001561n	ุจุฑุชุฑ ุชููู ุณูุฏ ุตุฑูู ูุฒุช
bn:00047017n	ุฑุงุณุชโฺฉุฑุฏุงุฑ ุงูุงูุช ุจ_ุนุจ ุชูุงูุช ุฏุฑุณุช ุฑุงุณุช ุฑุงุณุช_ูุฑุฏุงุฑู ุฑุงุณุช_ฺฉุฑุฏุงุฑ
bn:00006383n	
bn:00050275n	ุบุงุตุจ ุฎุงุทโ ุฎูุงูฺฉุงุฑโ ูุงูููุดฺฉูโ ูุชุฎููโ ูุฌุฑู_ูุงููู ุงุบ
bn:00076925n	ฺุฒโ ฺุฒ
bn:00022078n	ุชููุจ_ุณุงุฒูุฏู ุชููุจ_ุญููู
bn:00046721n	ุชุฎูู ุจุฒูฺฉุงุฑ ุชุฌุงูุฒ ููุด ุจุฒูฺฉุงุฑ ุจุฒููุงุฑ ุจุฒููุงุฑู ุจุฒูโฺฉุงุฑ ุจุฒู ุชุฎุท_ุงุฒ_ูุงููู ุฌูุญู ูุญฺฉููุช_ุฎูุงุตู ููุถ
bn:00061325n	ุชูุจู ูุฌุงุฒุงุช ุณุฒุง ุชูุจูโ ุฌุฒุงโ ูุฌุงุฒุงุชโ ุชูุจูู ูููุฑ ูููุฑู ฺฉูุฑ ฺฉูุฑ penalisation penalization ุชูุจู ูุฌุงุฒุงุช_ฺฉูุฑ_ุงุณุช
bn:00021348n	
bn:00009905n	ุฎุฑ
bn:00069579n	ุงุณุชุฑุงุชฺ ุฑุงูุจุฑุฏ ุงุณุชุฑุงุชฺโ ุฑุงูุจุฑุฏโ ุงุณุชุฑุงุชฺฺฉ ุฑุงูุจุฑุฏ ุณูู_ุงูุฌุด ุงุณุชุฑุงุชฺู ุงุณุชุฑุงุชฺูู ุฑุงูุจุฑุฏู ุณูู_ุงูุฌูุดู ุณููโุงูุฌุด ุทุฑุญ
bn:00020039n	ุตูู ุงูุฌูู ุดุฑฺฉุช ุฑุณุชู ุจุงุดฺฏุงู_ุงุฌุชูุงุน ุงุตูุงู ุงุชุญุงุฏูู ุงุชุญุงุฏู ุตูู ููุงุฏ_ุตูู ุงุฌุชูุงุน_ุจุงุดฺฏุงู ุงุตูุงู_ูพุดู_ูุฑ ุจุงุดฺฏุงู ุจุงุดฺฏุงู_ุฎุตูุต ุตูู_ุชุงุฌุฑ ูุทูุง_ฺฉุฑุฏู
bn:00017615n	ููุฑูุงู ูุณุงุจูู_ููุฑูุงู ููุฑูุงูู
bn:00046391n	ุนุฏู_ุชุนู indefinity indeterminateness indetermination ูุง_ูุนููู
bn:00003125n	ุชุบุฑ
bn:00000674n	
bn:00024727n	ููุณุงู
bn:00075455n	ุญุฐู_ูููุช
bn:00000772n	accruement ุชุนูุฏ
bn:00051035n	ุฌุง ุจุฌุง ุฏุฑ_ุนูุถ ูุญู ูุฒุฑุนู ูุณฺฉู
bn:00024724n	
bn:00006559n	ูุฑุถ
bn:00005092n	ุงุณุชูุงุฏู ฺฉุงุฑุจุฑุฏ_ุนูู
bn:00012212n	ูุฑุฒ ุชุญุฏุฏ_ุญุฏูุฏ ุณุฑุญุฏ ุชุนููู_ุญุฏูุฏ ุญุฏโ ุณุฑุญุฏโ ูุฑุฒโ ุชุญุฏุฏ_ุญุฏูุฏ_ุญูุฒู ุชุญุฏุฏ_ุญุฏูุฏ_ูุฑุฒ ูุฑุฒ_ุงูููู ูุฑุฒ_ุจู_ุงูููู ูุฑุฒ ูพููุฏู
bn:00048587n	ููุงุณุจุช
bn:00005599n	ูุจุงุญุซู ูุดุงุฌุฑู ุจุญุซ_ู_ุฌุฏู ุฌุฏุงู ุณุชุฒู ููุงุฒุนู ูู_ุณุชุฒ ูู_ุณุชุฒโ ุจฺฏููฺฏู ุงุณุชุฏูุงู disceptation ุจุญุซ_ุจุฑุงูฺฏุฒ ูุฌุงุฏูุงุช ููุงุธุฑู
bn:00032661n	ุนุงูู
bn:00078024n	ูุฎุงุจุฑู ุงูุชูุงู ูพุฑุงฺฉูุด
bn:00027363n	ุฑููููุฏ
bn:00013701n	ูฺฉุฑุจ ุฑุดู ูฺฉุฑูุจ
bn:00063739n	possibleness ุงูฺฉุงู
bn:00027530n	ุงฺฉุชุดุงูโ ฺฉุดูโ ุงูุชูโ
bn:00007854n	ุจุงฺฉุชุฑ bacteria ุจุงฺฉุชุฑุง ูุจุงฺฉุชุฑุง ุงููุงุน_ุจุงูุชุฑู_ูุง ุงููุงุน_ุจุงฺฉุชุฑ_ูุง ุจุงูุชุฑู ุจุงูุชุฑู_ูุง ุจุงูุชุฑูุงูู ุจุงฺฉุชุฑ_ูุง ุจุงฺฉุชุฑโูุง ููุจุงูุชุฑู ูุจุงฺฉุชุฑ
bn:00005917n	ุขุฑุณูฺฉ ุขุฑุณูฺฉโ ุฒุฑูุฎโ ุฒุฑูฺฉโ ุฒุฑูโ as ุขุฑุณููู ุขุฑุณููฺฉ ุขุฑุณูู ุขุฑุณูฺฉ ุงุฑุณููู ุงุฑุณููฺฉ ุงุฑุณูู ุงุฑุณูฺฉ ุงุฑุณูฺฉ ุนุฏุฏ_ุงุชู_33
bn:00035649n	ููุงุฏ_ูุบุฐ ุทุนุงู ููุงุฏ_ูุบุฐู ุฏุฑุดุช_ูุบุฐ_ูุง ุฑุฒูุบุฐ
bn:00035911n	ุณูู ุชุบุฑ_ฺูุชฺฉ ฺฏููู_ฺูุชฺฉ ูุฑู ูุฑ ูุฑ.
bn:00047356n	ูพฺููุดฺฏุฑ ูุญููโ ูพฺููุดฺฏุฑโ ฺฉุงุฑฺฏุฑ_ุชุญููุงุช
bn:00051054n	ุฒูุฏฺฏ ุญุงุช ุญูุงุช ุฒูุฏฺฏุงู ุจูุฏ_ู_ุจุงุด ุฒูุฏู_ฺฏู ุฒูุฏู_ฺฏ ุฒูุฏูโฺฏ ุฒูุฏฺฏู
bn:00018105n	ุนูุตุฑ ุนูุตุฑ_ุดูุง ุขุฎุดุฌ_ฺฉูุงโ ุนูุตุฑ_ุดูุงโ ุนูุงุตุฑ_ุดูุง ุนูุงุตุฑ ุนูุงุตุฑ_ุดูููุงุฆู ุนูุงุตุฑ_ุดูููุงูู ุนูุงุตุฑ_ุดูุงุฆ ุนูุตุฑ_ุดูููุงุฆู ุนูุตุฑ_ุดูููุงูู ุนูุตุฑ_ุดูุงุฆ ุนูุตุฑูุงู_ุดูููุงูู ุนูุตุฑูุง_ุดูุง ุนูุตุฑ_ุฑุงุฏูุงฺฉุชู ุนูุตุฑ_ุดูุง_ุงุณุช
bn:00009677n	ุงุฑฺฏุงูุณู ุณุงุฒูุงุฑู ููุฌูุฏ_ุฒูุฏู ูุฌูุฏ ุชุฑฺฉุจ_ููุฌูุฏ_ุฒูุฏู ุณุงุฒูุงู ูุฑุชุงุด ุฌุงูุฏุงุฑ ุณุงุฒูุงุฑูโ ุงุฑฺฏุงููุฒู ุงุฑฺฏุงููุณู ุงุฑฺฏุงููุณู_ูุงู_ุฒูุฏู ุงุฑฺฏุงูุฒู ุงุฑฺฏุงูุณู_ูุง_ุฒูุฏู ุงุฑฺฏุงูุณูโูุง_ุฒูุฏู ุงูุฏุงูฺฏุงู ุฌุงูุฏุงุฑุงู ุฌุงูโุฏุงุฑ ููุฌูุฏุงุช_ุฒูุฏู ุงุฑฺฏุงูุณู_ุงุณุช ููุฌูุฏุงุช
bn:00015410n	ุชูุงูุง ุธุฑูุช
bn:00006845n	ูุณูุฑ ูุณูุฑโ p ุนุฏุฏ_ุงุชู_ุขู_15
bn:00029770n	
bn:00048453n	ุฏูุชุฑ_ุฑูุฒูุงูู ฺูุฑูุงูโ journal ูุฌูู
bn:00006890n	ฺฉุฑุจู ฺฉุฑุจูโ carbon ูุฑุจู ุงุชู_ฺฉุฑุจู ุนุฏุฏ_ุงุชู_6
bn:00006823n	ูุฏุฑูฺู ูุฏุฑูฺูโ h hydrogen ุฆูุฏุฑูฺู ุฆุฏุฑูฺู ููุฏุฑูฺู ููุฏุฑฺู ูุฏุฑฺู dihydrogen ุนุฏุฏ_ุงุชู_1 ูููฺฉูู_ูุฏุฑูฺูุ ูุฏุฑูฺู_ูููฺฉูู ฺฏุงุฒ_ูุฏุฑูฺู
bn:00006901n	ูุชุฑูฺู ุงุฒุช ุงุฒุชโ ูุชุฑูฺูโ ฺฏุงุฒ_ูุชุฑูฺู n nitrogen ููุชุฑูฺู ฺฏุงุฒ_ููุชุฑูฺู ุฏ_ูุชุฑูฺู ุนุฏุฏ_ุงุชู_ุขู_7 ูุชุฑูฺู
bn:00006912n	ุงฺฉุณฺู ุงูุณูฺู ุงฺฉุณฺูโ o oxygen ุงูุณูุฌู ุงูุณฺู ุงฺฉุณูฺู ุงฺฉุณุฌู ฺฏุงุฒ_ุงูุณูฺู ฺฏุงุฒ_ุงฺฉุณฺู ุงฺฉุณฺู_ูููฺฉูู ุนุฏุฏ_ุงุชู_ุขู_8
bn:00006846n	ฺฏูฺฏุฑุฏ ฺฉุจุฑุชโ ฺฏูฺฏุฑุฏโ s sulfur ุณููููุฑ ฺฏูฺฏุฑุฏู ฺฏูฺฏุฑุฏ ุณููููุฑฺฉ ุนุฏุฏ_ุงุชู_ุขู_16
bn:00014403n	ฺฉุงููุฑูุง ุงูุงูุช_ูุงูููุฑููุง ุงูุงูุช_ูุงูููุฑููุงู ุงูุงูุช_ูุงููููุฑููุง ุงุงูุช_ฺฉุงููุฑูุง ุงุงูุช_ฺฉุงููุฑูุง ุงุงูุช_ฺฉุงูููุฑูุง ูุงูููุฑููุง ูุงููููุฑููุง ููููุฑููุง ฺฉุงูููุฑูุง ฺฉููุฑูุง ฺฉููุฑูุง ุทูุง_ุงููุฑ_ุฎุงุฑุฌู
bn:00012940n	ฺุฒ_ุงูุชู
bn:00045243n	ุฌุณุชุฌู
bn:00007985n	ูพุดุฎุฏูุช ุฑุดุชูโ ุฑุดุชู_ุชุญุตู ุฒููู ุฒููู_ููุถูุน ูุชูุงุจู_ุงูุถุจุงุท ููุถูุน
bn:00004352n	ุขฺฏู ุงุนูุงู ุจุดุงุฑุช ุฎุจุฑ ุงุนูุงู ุงุนูุงู_ุณูุทูุช
bn:00021869n	ุญุฏุณ conjectural
bn:00024712n	ุงูุชุฑูุช ูุถุง_ูุฌุงุฒ ุงูุชุฑูุชโ ุดุจฺฉู_ุฌูุงู_ุงูุชุฑูุช ุงูุชุฑูุช ุชุงุฑ_ฺฏูุชโฺฏุณุชุฑ internet ุงููุชุฑูุช ุงููุชุฑูุช_ููฺฏุงูู ุงููุชุฑูุชู ุงูุชุฑูุช_ููฺฏุงู ุงูุชุฑูุช ุชุงุฑูุฏู ุชุงุฑฺฉุฏู ุดุจูู_ุงููุชุฑูุช ุดุจูู_ุฌูุงูู_ุงููุชุฑูุช ุดุจฺฉู_ุงูุชุฑูุช ูุฌุงุฒ ูุถุงู_ูุฌุงุฒู ูุถุง_ุณุงุจุฑ ูุถุง_ุณุงุจุฑ
bn:00027529n	ฺฉุดู ฺุฒ_ุงูุชู ูุดู ุฑุคุช ฺฉุดู_ุนูู
bn:00031074n	
bn:00010518n	ุฒุณุช_ุดู ุจูุดู ุฒุณุชโุดู ุจูุดูโ ุฒุณุชุดูโ ุจูู_ุดููู ุจููุดููู ุจููุดูููุณุช ุจู_ุดู ุจูุดูุณุช ุฒูุณุช_ุดูุงุณู_ุดูููุงูู ุฒูุณุช_ุดููู ุฒูุณุช_ุดููู_ุขูู ุฒูุณุช_ุดููู_ุงูู ุฒูุณุช_ุดูููุฏุงู ุฒุณุช_ุดู_ุขู ุฒุณุช_ุดู_ุงู ุฒุณุชโุดู_ุขู ุฒุณุชโุดู_ุงู ุฒุณุชโุดูุฏุงู ุจูุดูุง ุดู_ูุฒูููฺฺฉ
bn:00070696n	ูุฌููุนู
bn:00059768n	ูุถุง_ุจุฑูู ูุงูุฑุง_ุฌู ูุถุง ูุถุงู_ุจูุฑููู ูุถุงู_ููุงู_ุณุชุงุฑู_ุงู ูุถุง_ูุงู_ุณุชุงุฑู_ุง ูุถุง_cislunar ูุถุง_ุฎุงุฑุฌ_ุงุฒ_ููุง_ุง_ุฌู_ุฒูู
bn:00069670n	ุนูู ุนููู ุฏุงูุด ุนูู ุฏุงูุด_ุนูู ุณุงููุณ ุนููู ูุฑุจ_ุนูู ูุธู_ู_ุงูุถุจุงุท_ุนูู
bn:00059087n	ุฏุงูุดฺฏุงู_ุจุงุฒ_ุงูฺฏูุณุชุงู ุฏุงูุดฺฏุงู_ุขุฒุงุฏ_ุงูฺฏูุณุชุงู open_university ุฏุงูุดฺฏุงู_ุงุฒุงุฏ_ุงูฺฏูุณุชุงู ุฏุงูุดฺฏุงู_ุขุฒุงุฏ
bn:00013173n	ุจุฑุชุงูุง ูพุงุฏุดุงู_ูุชุญุฏู ุงูฺฏูุณุชุงู ูพุงุฏุดุงู_ูุชุญุฏ_ุจุฑุชุงูุง_ฺฉุจุฑ_ู_ุงุฑููุฏ_ุดูุงู ูพุงุฏุดุงู_ูุชุญุฏ_ุจุฑุชุงูุง_ฺฉุจุฑ_ู_ุงุฑููุฏ_ุดูุงูโ uk ูพุงุฏุดุงู_ูุชุญุฏ ุงูฺฏูุณ ุงููฺฏููุณ ุงูฺฏูุณ ุจุฑูุชุงููุง ุจุฑูุชุงููุงูู ุจุฑูุชุงููู ุจุฑูุทุงููุง ุจุฑุชุงูู ุจุฑุทุงูุง ูุดูุฑ_ุงูฺฏูุณุชุงู ูพุงุฏุดุงูู_ุจุฑูุชุงููุงู_ูุจูุฑ_ู_ุงูุฑููุฏ_ุดูุงูู ูพุงุฏุดุงูู_ูุชุญุฏ ูพุงุฏุดุงูู_ูุชุญุฏ_ุจุฑูุชุงููุง ูพุงุฏุดุงูู_ูุชุญุฏ_ุจุฑูุชุงููุง_ู_ุงูุฑููุฏ_ุดูุงูู ูพุงุฏุดุงูู_ูุชุญุฏ_ุจุฑูุชุงููุงู_ูุจูุฑ_ู_ุงูุฑููุฏ_ุดูุงูู ูพุงุฏุดุงูู_ูุชุญุฏ_ุจุฑูุชุงููุงูู_ูุจูุฑ_ู_ุงูุฑููุฏ_ุดูุงูู ูพุงุฏุดุงูู_ูุชุญุฏู ูพุงุฏุดุงูู_ูุชุญุฏู_ุงูฺฏูุณุชุงู ูพุงุฏุดุงู_ุจุฑุชุงูุง_ฺฉุจุฑ_ู_ุงุฑููุฏ_ุดูุงู ูพุงุฏุดุงู_ูุชุญุฏ_ุจุฑุชุงูุง ูพุงุฏุดุงู_ูุชุญุฏ_ุจุฑุชุงูุง_ู_ุงุฑููุฏ_ุดูุงู ูพุงุฏุดุงู_ูุชุญุฏ_ุจุฑุชุงูุง_ฺฉุจุฑ_ู_ุงุฑููุฏ_ุดูุงู ูพุงุฏุดุงู_ูุชุญุฏู_ุงูฺฏูุณุชุงู ูพุงุฏุดุงู_ูุชุญุฏู_ุจุฑุชุงูุง_ู_ุงุฑููุฏ_ุดูุงู
bn:00067280n	ูพฺููุด ุชุญูู ุชุชุจุน ุชุฌุณุณ ฺฉุงูุด ุฑูุด_ุชุญูู ุฑูุด_ูุง_ุชุญูู ุฑูุดโูุง_ุชุญูู ูุญูู ูพฺููุดฺฏุฑ ูพฺููุดฺฏุฑุงู ุชุญููู ุฑูุด_ุชุญููู ุฑูุด_ูุงู_ุชุญููู ูุญููู ุชุญููุงุช ูุญููุงู
bn:00062309n	ุงุซุฑ ูุทุนู_ฺฉุงุฑ ฺฉุงุฑ
bn:00061666n	ุชุนูุถ ุฌุงูุดู
bn:00074759n	ุณุงุฎุชุงุฑ
bn:00056879n	ูุงุณุง nasa ุขฺุงูุณ_ูุถุง_ุขูุฑฺฉุง ุขฺุงูุณ_ูุถุง_ุงุงูุงุช_ูุชุญุฏู ุงฺุงูุณ_ูุถุง_ุงูุฑฺฉุง ุงฺุงูุณ_ูุถุง_ุงุงูุงุช_ูุชุญุฏู ุณุงุฒูุงู_ูุถุง_ุงูุฑฺฉุง ุณุงุฒูุงู_ูู_ููุงููุฑุฏ_ู_ูุถุง ุณุงุฒูุงู_ูู_ููุงููุฑุฏ_ู_ูุถุง_ุขูุฑฺฉุง ุณุงุฒูุงู_ูู_ููุงููุฑุฏ_ู_ูุถุง_ุงูุฑฺฉุง ุณุงุฒูุงู_ูู_ููุงููุฑุฏ_ู_ูุถุง_ุงุงูุงุช_ูุชุญุฏู ุณุงุฒูุงู_ููุงูุถุง_ุงุงูุงุช_ูุชุญุฏู ุณุงุฒูุงู_ููุงููุฑุฏ_ู_ูุถุง_ูู_ุขูุฑฺฉุง ุณุงุฒูุงู_ููุงููุฑุฏ_ู_ูุถุง_ูู_ุงูุฑฺฉุง ุณุงุฒูุงู_ููุงููุฑุฏ_ู_ูุถุง_ูู_ุงุงูุงุช_ูุชุญุฏู ุณุงุฒูุงู_ููุงููุฑุฏ_ู_ูุถุง_ูู_ุงุงูุงุช_ูุชุญุฏู_ุงูุฑฺฉุง ุณุงุฒูุงู_ููุงููุฑุฏ_ู_ูุถุง_ูู_ุงุงูุงุช_ูุชุญุฏูู_ุงูุฑฺฉุง ุขฺุงูุณ_ูุถุงูู_ุขูุฑููุง ุขฺุงูุณ_ูุถุงูู_ุงูุงูุงุช_ูุชุญุฏู ุงฺุงูุณ_ูุถุงูู_ุงูุฑููุง ุงฺุงูุณ_ูุถุงูู_ุงูุงูุงุช_ูุชุญุฏู ุณุงุฒูุงู_ูุถุงูู_ุงูุฑููุง ุณุงุฒูุงู_ููู_ููุงููุฑุฏู_ู_ูุถุงูู ุณุงุฒูุงู_ููู_ููุงููุฑุฏู_ู_ูุถุงูู_ุขูุฑููุง ุณุงุฒูุงู_ููู_ููุงููุฑุฏู_ู_ูุถุงูู_ุงูุฑููุง ุณุงุฒูุงู_ููู_ููุงููุฑุฏู_ู_ูุถุงูู_ุงูุงูุงุช_ูุชุญุฏู ุณุงุฒูุงู_ูุงุณุง ุณุงุฒูุงู_ููุงูุถุงูู_ุงูุงูุงุช_ูุชุญุฏู ุณุงุฒูุงู_ููุงููุฑุฏู_ู_ูุถุงูู_ููู_ุขูุฑููุง ุณุงุฒูุงู_ููุงููุฑุฏู_ู_ูุถุงูู_ููู_ุงูุฑููุง ุณุงุฒูุงู_ููุงููุฑุฏู_ู_ูุถุงูู_ููู_ุงูุงูุงุช_ูุชุญุฏู ุณุงุฒูุงู_ููุงููุฑุฏู_ู_ูุถุงูู_ููู_ุงูุงูุงุช_ูุชุญุฏู_ุงูุฑููุง ุณุงุฒูุงู_ููุงููุฑุฏู_ู_ูุถุงูู_ููู_ุงูุงูุงุช_ูุชุญุฏูู_ุงูุฑููุง ุณุงุฒูุงู_ูู_ููุงููุฑุฏ_ู_ูุถุง ูุงุณุงุ
bn:00006642n	ุงุฎุชุฑุฒุณุชโุดูุงุณ ุงุฎุชุฑุฒุณุชุดูุงุณโ ุขุณุชุฑูุจูููฺ ุงุฎุชุฑุฒูุณุช_ุดูุงุณู ุงุฎุชุฑุฒุณุช_ุดูุงุณ ุงฺฏุฒูุจูููฺ ุฏฺฏุฑุฒูุณุช_ุดูุงุณู ุฏฺฏุฑุฒุณุช_ุดูุงุณ ุฏฺฏุฑุฒุณุชโุดูุงุณ astrobiology exobiology astrobiologist ุฒุณุช_ุดูุงุณ_ูุถุง
bn:00046952n	ููุณุณู ูุคุณุณู ุงูุฌูู ุงูุณุชุชู ุงูุณุชุชูุช ุงูุณุชูุชู ุงูุณุชูุชูุช ูุคุณุณุงุช ุฏุงูุดฺฏุงู_ููุณุณู ููุณุณุงุช
bn:00074790n	ุขูุงุฑฺฏุฑ ูพูุงุด ูุทุงูุนู
bn:00018096n	ูุงุฏู_ุดูุง ููุงุฏ_ุดูุง ููุช_ุดูุง ฺฉูุง ูุงุฏู ูุงุฏู_ุฎุงูุต ููุงุฏ_ุดูููุงูู ุดูุง ููุงุฏ_ุดูุงุ
bn:00009655n	ุฑูุชุงุฑ ุฑูุชุงุฑุ ุฑูุชุงุฑ ุณูุก_ุฑูุชุงุฑ
bn:00042951n	sledding_ุฎุดู
bn:00052571n	ุฏุณุชฺฏุงู ูุงุดู_ุงูุงุช ูุงุดู ูุงุดู_ุขูุงุช ูุงุดู_ุขูุงุชุ
bn:00021538n	ุบูุธุช ุบูุธุช_ุชุญูู
bn:00051067n	ูุฑู_ุฒูุฏฺฏ
bn:00062777n	ุณุชุงุฑู_ุณุงุฑ
bn:00055813n	ููุฑ ุงููุงุฑ
bn:00006525n	ุงุณุชุงุฏุงุฑ ุงุณุชุงุฏูุงุฑ ุงุณุชุงุฏ_ุจุฑุฌุณุชู ุงุณุชุงุฏ_ูพฺููุด ุงุณุชุงุฏ_ฺฉูฺฉ ุฏุงูุดฺฉุฏู_ฺฉูฺฉ
bn:00054734n	ูฺฉุฑูุจูููฺ ูฺฉุฑูุจูููฺโ ูฺฉุฑุจ_ุดูุงุณ ูููุฑุจ_ุดูุงุณู ูููุฑูุจ_ุดูุงุณ ูููุฑูุจ_ุดูุงุณู ูููุฑูุจุดูุงุณ ูููุฑูุจููููฺู ูููุฑูุจููููฺูุณุช ูฺฉุฑุจโุดูุงุณ ูฺฉุฑูุจ_ุดูุงุณ ูฺฉุฑูุจ_ุดูุงุณ ูฺฉุฑูุจุดูุงุณ ูฺฉุฑูุจูููฺุณุช ูฺฉุฑูุจโุดูุงุณ ูฺฉุฑูุจโุดูุงุณ ูฺฉุฑูุจูููฺฺฉ
bn:00001965n	ุขฺุงูุณ ุฑุงู
bn:00026317n	ูุฒุงุฑุช_ุงูุฑฺ_ุงุงูุงุช_ูุชุญุฏู_ุขูุฑฺฉุง ูุฒุงุฑุช_ุงูุฑฺ_ุงุงูุงุช_ูุชุญุฏู ูุฒุงุฑุช_ุงูุฑฺ_ุงุงูุงุช_ูุชุญุฏู_ุงูุฑฺฉุง ูุฒุงุฑุช_ุงูุฑฺ_ุงุงูุงุช_ูุชุญุฏูู_ุขูุฑฺฉุง ูุฒุงุฑุช_ูุฑู_ุงุงูุงุช_ูุชุญุฏู_ุขูุฑฺฉุง ูุฒุงุฑุช_ูุฑู_ุขูุฑฺฉุง ูุฒุงุฑุช_ูุฑู_ุงุงูุงุช_ูุชุญุฏู_ุขูุฑฺฉุง ูุฒุงุฑุช_ุงูุฑฺู_ุขูุฑููุง ูุฒุงุฑุช_ุงูุฑฺู_ุงูุงูุงุช_ูุชุญุฏู ูุฒุงุฑุช_ุงูุฑฺู_ุงูุงูุงุช_ูุชุญุฏู_ุขูุฑููุง ูุฒุงุฑุช_ุงูุฑฺู_ุงูุงูุงุช_ูุชุญุฏู_ุงูุฑููุง ูุฒุงุฑุช_ุงูุฑฺู_ุงูุงูุงุช_ูุชุญุฏูู_ุขูุฑููุง ูุฒุงุฑุช_ุงูุฑฺู_ุงูุงูุงุช_ูุชุญุฏูู_ุงูุฑููุง ูุฒุงุฑุช_ุงูุฑฺู_ุงูุงูุงุช_ูุชุญุฏูู_ุงูุงูุงุช_ูุชุญุฏู ูุฒุงุฑุช_ุงูุฑฺ_ุขูุฑฺฉุง ูุฒุงุฑุช_ุงูุฑฺ_ุงูุฑฺฉุง ูุฒุงุฑุช_ุงูุฑฺ_ุงุงูุงุช_ูุชุญุฏูู_ุงูุฑฺฉุง ูุฒุงุฑุช_ุงูุฑฺ_ุงุงูุงุช_ูุชุญุฏูู_ุงุงูุงุช_ูุชุญุฏู ูุฒุงุฑุช_ููุฑู_ุงูุงูุงุช_ูุชุญุฏู ูุฒุงุฑุช_ููุฑู_ุงูุงูุงุช_ูุชุญุฏู_ุขูุฑููุง ูุฒุงุฑุช_ููุฑู_ุงูุงูุงุช_ูุชุญุฏู_ุงูุฑููุง ูุฒุงุฑุช_ููุฑูู_ุขูุฑููุง ูุฒุงุฑุช_ููุฑูู_ุงูุฑููุง ูุฒุงุฑุช_ููุฑูู_ุงูุงูุงุช_ูุชุญุฏู ูุฒุงุฑุช_ููุฑูู_ุงูุงูุงุช_ูุชุญุฏู_ุขูุฑููุง ูุฒุงุฑุช_ููุฑูู_ุงูุงูุงุช_ูุชุญุฏู_ุงูุฑููุง ูุฒุงุฑุช_ูุฑู_ุงุงูุงุช_ูุชุญุฏู ูุฒุงุฑุช_ูุฑู_ุงุงูุงุช_ูุชุญุฏู_ุงูุฑฺฉุง ูุฒุงุฑุช_ูุฑู_ุงูุฑฺฉุง ูุฒุงุฑุช_ูุฑู_ุงุงูุงุช_ูุชุญุฏู ูุฒุงุฑุช_ูุฑู_ุงุงูุงุช_ูุชุญุฏู_ุงูุฑฺฉุง ูุฒุงุฑุช_ุงูุฑฺ ูุฒุงุฑุช_ูุฑู
bn:00056932n	ูุคุณุณุงุช_ูู_ุจูุฏุงุดุช ูุคุณุณู_ูู_ุจูุฏุงุดุช ูุคุณุณู_ูู_ุณูุงูุช nih ููุณุณู_ูู_ุจูุฏุงุดุช ุงู_ุข_ุขฺ ุงู_ุข_ุงฺ ุงู_ุง_ุงฺ ุงูโุขโุขฺ ุงูโุงโุงฺ ูุคุณุณุงุช_ูู_ุจูุฏุงุดุช_ุงุงูุงุช_ูุชุญุฏู ูุคุณุณุงุช_ูู_ุจูุฏุงุดุช_ุงุงูุงุช_ูุชุญุฏู_ุขูุฑฺฉุง ูุคุณุณุงุช_ูู_ุณูุงูุช_ุงุงูุงุช_ูุชุญุฏู_ุขูุฑฺฉุง ููุณุณุงุช_ูู_ุจูุฏุงุดุช_ุงุงูุงุช_ูุชุญุฏู_ุขูุฑฺฉุง national_institutes_of_health ุงู_ุขู_ุขฺ ุงู_ุขู_ุงฺ ุงู_ุงู_ุงฺ ุงูู._ุขู._ุงูฺ ุงูู._ุข._ุงูฺ ุงูู._ุงู._ุงูฺ ุงูู._ุง._ุงูฺ ูุคุณุณุงุช_ููู_ุจูุฏุงุดุช ูุคุณุณุงุช_ููู_ุจูุฏุงุดุช_ุงูุงูุงุช_ูุชุญุฏู ูุคุณุณุงุช_ููู_ุจูุฏุงุดุช_ุงูุงูุงุช_ูุชุญุฏู_ุขูุฑููุง ูุคุณุณุงุช_ููู_ุจูุฏุงุดุช_ุงูุงูุงุช_ูุชุญุฏู_ุงูุฑููุง ูุคุณุณุงุช_ููู_ุณูุงูุช_ุงูุงูุงุช_ูุชุญุฏู ูุคุณุณุงุช_ููู_ุณูุงูุช_ุงูุงูุงุช_ูุชุญุฏู_ุขูุฑููุง ูุคุณุณุงุช_ููู_ุณูุงูุช_ุงูุงูุงุช_ูุชุญุฏู_ุงูุฑููุง ูุคุณุณุงุช_ูู_ุจูุฏุงุดุช_ุงุงูุงุช_ูุชุญุฏู_ุงูุฑฺฉุง ูุคุณุณุงุช_ูู_ุณูุงูุช ูุคุณุณุงุช_ูู_ุณูุงูุช_ุงุงูุงุช_ูุชุญุฏู ูุคุณุณุงุช_ูู_ุณูุงูุช_ุงุงูุงุช_ูุชุญุฏู_ุงูุฑฺฉุง ูุคุณุณู_ููู_ุจูุฏุงุดุช ูุคุณุณู_ููู_ุจูุฏุงุดุช_ุขูุฑููุง ูุคุณุณู_ูู_ุจูุฏุงุดุช_ุขูุฑฺฉุง ูุคุณุณู_ูู_ุจูุฏุงุดุช_ุงูุฑฺฉุง ูุคุณุณู_ูู_ุจูุฏุงุดุช_ุงุงูุงุช_ูุชุญุฏู ูุคุณุณูู_ููู_ุจูุฏุงุดุช ูุคุณุณูู_ูู_ุจูุฏุงุดุช ููุณุณุงุช_ููู_ุจูุฏุงุดุช ููุณุณุงุช_ููู_ุจูุฏุงุดุช_ุงูุงูุงุช_ูุชุญุฏู ููุณุณุงุช_ููู_ุจูุฏุงุดุช_ุงูุงูุงุช_ูุชุญุฏู_ุขูุฑููุง ููุณุณุงุช_ููู_ุจูุฏุงุดุช_ุงูุงูุงุช_ูุชุญุฏู_ุงูุฑููุง ููุณุณุงุช_ููู_ุณูุงูุช_ุงูุงูุงุช_ูุชุญุฏู ููุณุณุงุช_ููู_ุณูุงูุช_ุงูุงูุงุช_ูุชุญุฏู_ุขูุฑููุง ููุณุณุงุช_ููู_ุณูุงูุช_ุงูุงูุงุช_ูุชุญุฏู_ุงูุฑููุง ููุณุณุงุช_ูู_ุจูุฏุงุดุช ููุณุณุงุช_ูู_ุจูุฏุงุดุช_ุงุงูุงุช_ูุชุญุฏู ููุณุณุงุช_ูู_ุจูุฏุงุดุช_ุงุงูุงุช_ูุชุญุฏู_ุงูุฑฺฉุง ููุณุณุงุช_ูู_ุณูุงูุช_ุงุงูุงุช_ูุชุญุฏู ููุณุณุงุช_ูู_ุณูุงูุช_ุงุงูุงุช_ูุชุญุฏู_ุขูุฑฺฉุง ููุณุณุงุช_ูู_ุณูุงูุช_ุงุงูุงุช_ูุชุญุฏู_ุงูุฑฺฉุง ููุณุณู_ููู_ุจูุฏุงุดุช ููุณุณู_ููู_ุจูุฏุงุดุช_ุขูุฑููุง ููุณุณู_ูู_ุจูุฏุงุดุช_ุขูุฑฺฉุง ููุณุณู_ูู_ุจูุฏุงุดุช_ุงูุฑฺฉุง ููุณุณู_ูู_ุจูุฏุงุดุช_ุงุงูุงุช_ูุชุญุฏู ููุณุณูู_ููู_ุจูุฏุงุดุช ููุณุณูู_ูู_ุจูุฏุงุดุช
bn:00055504n	ุทุฑุฒ_ุนูู ุฑูุด_ฺฉุงุฑ ูุฏูุณ_ุงูพุฑุงูุฏ modus_operandi
bn:00075331n	ูพุดุชูุจุงูู_ูุฑุฏู ุญูุงุช
bn:00021207n	ุฏููฺฉุฑุงุณ ุฌูููุฑ ุฏูููฺฉูุฑุงุณโ ููุฑูุฏููุณุงูุงุฑโ ุฏููฺฉุฑุงุชฺฉ ุญุงูููุช_ูุฑุฏูู ุญุงฺฉูุช_ูุฑุฏู ุฏููุฑุงุณู ุฏูููุฑุงุช ุฏูููุฑุงุชูู ุฏูููุฑุงุณู ุฏููฺฉุฑุงุช ุฏูฺฉุฑุงุณ ูุฑุฏู_ุณุงูุงุฑุงูู ูุฑุฏู_ุณุงูุงุฑู ูุฑุฏู_ุณุงูุงุฑ ูุฑุฏูุณุงูุงุฑุงูู ูุฑุฏูุณุงูุงุฑู ูุฑุฏูุณุงูุงุฑ ูุฑุฏูโุณุงูุงุฑ ูุฑุฏูโุณุงูุงุฑุงูู ูุฑุฏูโุณุงูุงุฑู ูุฑุฏูโุณุงูุงุฑ ุฏููฺฉุฑุงุณ_ุณฺฉููุงุฑ_ุงุณุช ุฏููุช_ุฏููฺฉุฑุงุชฺฉ
bn:00050165n	ุขูุฑฺฉุง_ูุงุชู ุขูุฑฺฉุง_ูุงุชูโ ุงูุฑฺฉุง_ูุงุชู ุขูุฑููุง_ูุงุชูู ุขูุฑููุงู_ูุงุชูู ุขูุฑููุงูู_ูุงุชูู ุขูุฑููุงูู_ูุงู_ูุงุชููู_ุชุจุงุฑ ุขูุฑฺฉุง_ูุงุชู ุขูุฑฺฉุงู_ูุงุชู ุขูุฑฺฉุง_ูุงุชู ุขูุฑฺฉุง_ูุง_ูุงุชู_ุชุจุงุฑ ุขูุฑฺฉุงโูุง_ูุงุชู_ุชุจุงุฑ ุงูุฑููุง_ูุงุชูู ุงูุฑููุงู_ูุงุชูู ุงูุฑููุงูู_ูุงุชูู ุงูุฑููุงูู_ูุงู_ูุงุชููู_ุชุจุงุฑ ุงูุฑฺฉุง_ูุงุชู ุงูุฑฺฉุง_ูุงุชู ุงูุฑฺฉุง_ูุง_ูุงุชู_ุชุจุงุฑ ุงูุฑฺฉุงโูุง_ูุงุชู_ุชุจุงุฑ ุงูุงูุงุช_ูุชุญุฏู_ูุงุชูู ุงูุงูุงุช_ูุชุญุฏูู_ูุงุชูู ุงูุงูุงุช_ูุชุญุฏููู_ูุงุชูู ุงูุงูุงุช_ูุชุญุฏููู_ูุงู_ูุงุชููู_ุชุจุงุฑ ุงุงูุงุช_ูุชุญุฏู_ูุงุชู ุงุงูุงุช_ูุชุญุฏู_ูุงุชู ุงุงูุงุช_ูุชุญุฏู_ูุงุชู ุงุงูุงุช_ูุชุญุฏู_ูุง_ูุงุชู_ุชุจุงุฑ ุงุงูุงุช_ูุชุญุฏูโูุง_ูุงุชู_ุชุจุงุฑ ูุงุชููู ูุงุชูู
bn:00007797n	
bn:00036346n	ุงูุชุตุงุฏ_ุจุงุฒุงุฑ ุงูุชุตุงุฏ_ุจุงุฒุงุฑ_ุขุฒุงุฏ ุงูุชุตุงุฏ_ุจุงุฒุงุฑ_ุงุฒุงุฏ ุดุฑฺฉุช_ูุง_ุฎุตูุต ุงูุชุตุงุฏ_ูุจุชู_ุจุฑ_ุจุงุฒุงุฑ_ุงุณุช ุงูุชุตุงุฏ_ูพูู ุฎุตูุต_ุจุฑฺฏุฒุงุฑ_ุดุฏ ุฑูุงุจุช_ุขุฒุงุฏ_ุฏุฑ_ุณุณุชู_ุณุฑูุงู_ุฏุงุฑ ุดุฑฺฉุช_ุฎุตูุต ุดุฑฺฉุช_ุฎุตูุต_ุจุฑฺฏุฒุงุฑ_ุดุฏ ุดุฑฺฉุช_ุฎุตูุต_ูุชุนูู ุดุฑฺฉุช_ูุชุนูู_ุจู_ุจุฎุด_ุฎุตูุต ุดุฑฺฉุช_ูุง_ุฎุตูุต_ุจุฑฺฏุฒุงุฑ_ุดุฏุ ูุณู_ูุฑ_ุงูุชุตุงุฏ ูุจุชู_ุจุฑ_ุจุงุฒุงุฑ ูุชุนูู_ุจู_ุจุฎุด_ุฎุตูุต
bn:00021558n	ูฺฏุฑุงู ุฏุฑุฏุณุฑ ุฏููุงูพุณ ุฑูุฌุด ุณุฑุฏุฑุฏ
bn:00079045n	ุจฺฉุงุฑ ุจโฺฉุงุฑ ุนุฏู_ุงุดุชุบุงู ุจฺฉุงุฑโ ุจ_ฺฉุงุฑ ุจ_ฺฉุงุฑ ุจฺฉุงุฑ ุจโฺฉุงุฑ ุฌูุนุช_ุจ_ฺฉุงุฑ ุฌูุนุช_ุจโฺฉุงุฑ ุจู_ูุงุฑ ุจู_ูุงุฑู ุจููุงุฑ ุจููุงุฑู ุฌูุนูุช_ุจู_ูุงุฑ ุงุฌุงุฏ_ุดุบู
bn:00012786n	ุจุฑุฒู ุจุฑุฒูโ ุจุฑุงุฒู ุจุฑุงุฒูู ุจุฑุฒูู ุจุฑุฒููู ุจุฑุฒู ุฌูููุฑ_ุจุฑุฒู ุฌูููุฑ_ูุฏุฑุงุชู_ุจุฑุฒู
bn:00066884n	ููุทููโ ููุทูู ููุทูู_ุงุฏุงุฑ ููุทูู_ุง
bn:00034551n	ุงูุฒุงุฑ ุงูุช
bn:00015387n	ูุธุฑุณูุฌ ุฑุง_ุฌู ูุธุฑุณูุฌู ูุธุฑูพุฑุณู ูุธุฑูพุฑุณ ูุญุจูุจุช ูุธุฑ_ุณูุฌ ูุธุฑ_ุณูุฌ_ุงูฺฉุงุฑ_ุนููู ูุธุฑ_ุณูุฌ_ุนููู ูุธุฑ_ุณูุฌ_ูุง_ุนููู
bn:00007047n	ูฺฏุฑุด ูฺฏุฑุด_ุฐูู
bn:00076918n	
bn:00058593n	ุงฺฉุชุจุฑ ุงฺฉุชุจุฑโ ุงฺฉุชูุจุฑโ ุขูุชุจุฑ ุขฺฉุชุจุฑ ุงูุชุจุฑ ุงูุชูุจุฑ ุงฺฉุชูุจุฑ ูุงู_ุงูุชุจุฑ ูุงู_ุงฺฉุชุจุฑ
bn:00019781n	
bn:00070104n	
bn:00022028n	ุชุฆูุฑ_ูพุงุฏุงุฑ ูุธุฑู_ูพุงุฏุงุฑ ุชุฆูุฑู_ูพุงูุฏุงุฑู ุชุญูู_ูพุงุฏุงุฑ ุงุฎุฑุงุฌ_ุงุนุถุง_ุณูุฏฺฉุง ุชุซุจุช ุชุตูู ุฑูุดู
bn:00072966n	ุขูุฑฺฉุง_ุฌููุจ ุขูุฑฺฉุง_ุฌููุจโ ุขูุฑููุงู_ุฌููุจู ุงูุฑููุงู_ุฌููุจู ุงูุฑฺฉุง_ุฌููุจ ุงูุงูุงุช_ูุชุญุฏูู_ุฌููุจู ุงุงูุงุช_ูุชุญุฏู_ุฌููุจ
bn:00075812n	ุฌุฏูู ุฌุฏููโ ุฒุฌโ ุฌุฏูู_ุจูุฏู ุฌุฏูู_ุจูุฏ ุฌุฏููโุจูุฏ ุขุฑุงู_ุฌุฏูู ุฌุฏูู
bn:00032099n	ุดุงูุฏ ูุญุธู ูุซู ููุฑุฏ ูููู ูุซุงูโ ูููููโ ูุซุงู
bn:00061757n	ูพุฑู ูพุฑูโ ูพุฑู ุฌูููุฑ_ูพุฑู
bn:00029670n	ุฑุดุฏ_ุงูุชุตุงุฏ ุฑุดุฏ_ุงูุชุตุงุฏู ูุฑุฎ_ุฑุดุฏ_ุงูุชุตุงุฏ ูุธุฑู_ุฑุดุฏุ
bn:00052148n	
bn:00027260n	
bn:00059790n	ุญุงุตู ูุญุตูู
bn:00004456n	ุงุฌุงุจุช ูุฎุงุทุจ ูพุงุณุฎฺฏู
bn:00060767n	ููุทูู
bn:00026149n	ุนุถู_ุญุฒุจ_ุฏููฺฉุฑุงุช ุฏููฺฉุฑุงุชโ ูพููพููุณุช
bn:00007449n	ูุนุฏู ูุชูุณุท ูุงุนุฏู ูุงุฎุฐ_ูุงููู ููุฌุงุฑ ูุชูุณุทโฺฏุฑ ุจู_ุทูุฑ_ูุชูุณุท ูุชูุณุท_ุญุณุงุจ
bn:00017904n	ูููุฏุงุฑ
bn:00021846n	
bn:00075069n	ุบุตู ุฏุฑุฏ_ู_ุฑูุฌ
bn:00066516n	ุฑฺฉูุฏ_ุงูุชุตุงุฏ ฺฉุณุงุฏ ฺฉุณุงุฏโ ุฑฺฉูุฏ
bn:00001294n	ุงูุฒุงุด
bn:00068809n	
bn:00078931n	ุณุงุฒูุงู_ููู_ูุชุญุฏ ุณุงุฒููุงูู_ูููููู_ููุชููุญูุฏโ ุณุงุฒููุงูู_ูููููโ un ุณุงุฒูุงู_ููู ุณุงุฒูุงู_ููู_ูุชูุญุฏ ููู_ูุชุญุฏ u.n
bn:00029665n	ฺฉูุณูู_ุงูุชุตุงุฏ_ุขูุฑฺฉุง_ูุงุชู ฺฉูุณูู_ุงูุชุตุงุฏ_ุจุฑุง_ุงูุฑฺฉุง_ูุงุชู
bn:00064767n	ุณูู ูุณูุช ูุณุจุช
bn:00046157n	ููุฑ ุชูุฏุณุช ููุงฺฉุช ุจูููุงูู ููุฑโ ููุฑ_ูุณุจ ููุฑ ุชู_ุฏุณุช ููุฑ_ูุทูู ูููุฑ ููุฑุงู ูุดุฑ_ููุฑ ูุณุชููุฏุงู ูุณููู ูุณฺฉู ูุงุฏุงุฑ paupers ุจ_ุจุถุงุนุช ููุฑ_ุฌูุงู ููุฑ_ุดูุฑุ ูุฐุฑ_ุงุฒ_ููุฑ ูุฑุฎ_ููุฑ ฺฉู_ุฏุฑุขูุฏ
bn:00036838n	ุฏุฑ_ุญุงู_ฺฉุงุฑ
bn:00063592n	ูุญุจูุจุช ูุนุฑููุช
bn:00064234n	ุฑุฆุณโุฌูููุฑ ุฑุฆุณ_ุฌูููุฑ ุฑุงุณุช_ุฌูููุฑ ุฑุฆุณ_ุฌูููุฑ ุฑุณ_ุฌูููุฑ ุฑุณโุฌูููุฑ ูพุฑุฒุฏูุช ุฑุฆูุณ_ุฌูููุฑ ุฑุฆูุณ_ุฌูููุฑู ุฑูุงุณุช_ุฌูููุฑู ุฑููุณ_ุฌูููุฑ ูพุฑุฒูุฏูุช
bn:00070497n	ุญุณ
bn:00001557n	ุชูุฑูููโ ูพูุฑูฺฏูุฑูุณโ ูพุดูุฑูููุชโ ูพุดุฑูุช
bn:00081136n	ฺฉู
bn:00048242n	ูุดฺฉู ูุดฺฉ ฺฏุฑูุชุงุฑ ูุณุฆููโ ูุดฺฉูโ ูุดูู
bn:00066996n	ุจุณุชฺฏุงูโ ูุงููโ ูฺฉ_ู_ูุงููโ ูุฒุฏฺฉุงูโ
bn:00026695n	ุชูุณุนู
bn:00075761n	ุณุณุชู ุณุณุชู_ููุงูู
bn:00067239n	ููุฒูุฆูุง ููุฒูุฆูุงโ ููุฒููุง ููุฒูุฆูุงูู ููุฒูุฆูุง ููุฒูููุง ููุฒูููุงูู ููุฒููุง ููุฒููุง ุฌูููุฑ_ููุฒูุฆูุง
bn:00050375n	ุฑูุจุฑโ
bn:00027765n	ุจุฒุฑฺฏ ุนุงูุฌูุงุจ ุจุฑุชุฑ ุชูุงุฒ
bn:00029708n	ุงฺฉูุงุฏูุฑ ec ecu ุงููุงุฏุฑ ุงููุงุฏูุฑ ุงฺฉูุขุฏูุฑ ุงฺฉูุงุฏุฑ ุฌูููุฑ_ุงฺฉูุงุฏูุฑ
bn:00028188n	ุฌูููุฑ_ุฏูููฺฉู ุฌูููุฑ_ุฏูููฺฉูโ ุฌูููุฑ_ุฏููููฺฉุง ุฌูููุฑู_ุฏููููู ุฌูููุฑู_ุฏูููููู ุฌูููุฑู_ุฏูููููู ุฌูููุฑู_ุฏููููููู ุฌูููุฑ_ุฏููฺฉู ุฌูููุฑ_ุฏูููฺฉู ุฌูููุฑ_ุฏูููฺฉู ุฏูููููู ุฏูููฺฉู ุฏููููููู ุฏูููฺฉู
bn:00057614n	ูฺฉุงุฑุงฺฏูุฆู ูฺฉุงุฑุงฺฏูุข ูฺฉุงุฑุงฺฏูุง ูููุงุฑุขฺฏููู ูููุงุฑุงฺฏูุข ูููุงุฑุงฺฏูุฆู ูููุงุฑุงฺฏูุง ูููุงุฑุงฺฏููู ูููุงุฑูฺฏูุฆู ูฺฉุงุฑุขฺฏูู ูฺฉุงุฑุงฺฏูู ูฺฉุงุฑูฺฏูุฆู ุฌูููุฑ_ูฺฉุงุฑุงฺฏูุฆู
bn:00043361n	ูุฑุงูุจุช_ุณูุงูุช ุฑุนุงุช_ุจูุฏุงุดุช ูุฑุงูุจุช_ุจูุฏุงุดุช ูุฑุงูุจุช_ุจูุฏุงุดุช ูุฑุงูุจุช_ุณูุงูุชู ูุฑุงูุจุชูุง_ุจูุฏุงุดุช ูุฑุงูุจุชโูุง_ุจูุฏุงุดุช ุจูุฏุงุดุช_ู_ุฏุฑูุงู ุฎุฏูุงุช_ูพุฒุดฺฉ ูุฑุงูุจุช_ูุง_ุจูุฏุงุดุชุ ูุฑุงูุจุช_ูุง_ุซุงููู
bn:00050249n	ูุงููู
bn:00025417n	ุฑูุฒ
bn:00027206n	ุดุงู ุดุงูโ
bn:00050257n	ูุคุณุณู_ุญููู ูุคุณุณู_ุญูููู ูุคุณุณูู_ุญููู ุดุฑฺฉุช_ุญููู
bn:00044064n	ุฏูุงู_ุนุงู ุฏูุงู_ุนุงู_ุงุฑุงู ุฏุงุฏฺฏุงู_ุนุงู ุฏูุงูุนุงู_ฺฉุดูุฑ ุฏูุงู_ุนุงู_ฺฉุดูุฑ ุฏููุงู_ุนุงูู ุฏุงุฏฺฏุงู_ุขุฎุฑู_ุฑุงู_ุญู
bn:00001736n	ฺฉุงุฑ ููุงุณุจุช_ูุง_ุงุฌุชูุงุน ฺฉุงุฑฺฉุฑุฏ_ุงุฌุชูุงุน
bn:00021723n	ุจุญุซ_ู_ฺฏูุชฺฏู_ฺฏุฑูู
bn:00061826n	ุฏุงุฏุฎูุงุณุช ุนุฑุถู ุชุธูู ุฏุงุฏุฎูุงุณุชโ ุฏุฑุฎูุงุณุชโ ูพุชุดู ุนุฑุถ_ุญุงู ุนุฑุถุญุงู ุนุฑุถโุญุงู ุฏุฑุฎูุงุณุช
bn:00046920n	ุจุงุฒุฑุณ ุจุงุฒุฏุฏ ุชูุชุด ุณุฑฺฉุด ุจุงุฒุฑุณู
bn:00059879n	ููุณุงุฒ ุชุนูุฑ ููุณุงุฒ_ุจุงูุช_ูุฑุณูุฏู ุจุงุฒุชูุณุนู ุชูุณุนู_ุจุงูุช_ูุฑุณูุฏู ููุณุงุฒู ุชูุณุนู_ูุฌุฏุฏ
bn:00021844n	ฺฉูฺฏุฑู_ุงุงูุงุช_ูุชุญุฏู_ุขูุฑฺฉุง ฺฉูฺฏุฑู_ุขูุฑฺฉุงโ ฺฉูฺฏุฑูโ ฺฉูฺฏุฑู_ุขูุฑฺฉุง ฺฉูฺฏุฑู_ุงุงูุงุช_ูุชุญุฏู ููฺฏุฑู_ุขูุฑููุง ููฺฏุฑู_ุงูุฑููุง ููฺฏุฑู_ุงูุงูุงุช_ูุชุญุฏู ููฺฏุฑู_ุงูุงูุงุช_ูุชุญุฏู_ุขูุฑููุง ููฺฏุฑู_ุงูุงูุงุช_ูุชุญุฏู_ุงูุฑููุง ููฺฏุฑูู_ุงูุงูุงุช_ูุชุญุฏูู_ุขูุฑููุง ูุฌูุณ_ุขูุฑููุง ูุฌูุณ_ุขูุฑฺฉุง ูุฌูุณ_ุงูุฑฺฉุง ูุฌูุณ_ุงูุงูุงุช_ูุชุญุฏู_ุขูุฑููุง ูุฌูุณ_ุงุงูุงุช_ูุชุญุฏู ูุฌูุณ_ุงุงูุงุช_ูุชุญุฏู_ุขูุฑฺฉุง ูุฌูุณ_ุงุงูุงุช_ูุชุญุฏู_ุงูุฑฺฉุง ฺฉูฺฏุฑู_ุงูุฑฺฉุง ฺฉูฺฏุฑู_ุงุงูุงุช_ูุชุญุฏู_ุงูุฑฺฉุง ฺฉูฺฏุฑูู_ุงุงูุงุช_ูุชุญุฏู_ุขูุฑฺฉุง ฺฉูฺฏุฑูู_ุงุงูุงุช_ูุชุญุฏูู_ุขูุฑฺฉุง ฺฉูฺฏุฑูู_ุงุงูุงุช_ูุชุญุฏูู_ุงูุฑฺฉุง ฺฉูฺฏุฑูู_ุงุงูุงุช_ูุชุญุฏูู_ุงุงูุงุช_ูุชุญุฏู ุงุงูุงุช_ูุชุญุฏู_ฺฉูฺฏุฑู ฺฉูฺฏุฑู ฺฉูฺฏุฑู_u_s
bn:00009086n	ุงุณู_ุดุจ ุฎุฑูุด ุฑุฌุฒ ุดุนุงุฑ_ุญุฒุจ
bn:00000127n	ุณุงุนุช ุชุณูโ ุณุงุนุชโ 60_ุฏููู ุฏุฑ_ุณุงุนุช
bn:00053318n	ูุงุฑุณ ูุงุฑุชโ ูุงุฑุณโ ูุงุฑฺโ ูุงุฑุชูุณ ูุงุฑฺ ูุงู_ูุงุฑุณ ูุงู_ูุงุฑฺ
bn:00065798n	
bn:00075589n	
bn:00027207n	ุดุงู ูุงูุงุฑ ูููุงู_ุดุงู
bn:00048506n	ุฏฺฉุชุฑู_ุญููู ุฏูุชุฑูู_ุญูููู ุฏฺฉุชุฑู_ุญููู ุงุตู_ูุงููู ุงุตู_ูุถุง ุฏฺฉุชุฑู_ูุถุง
bn:00061047n	ุญุงู_ูุงู ุญุงูโ ุงุณูพุงูุณุฑ ุฏููุฑ ุญุงูู_ูุงูู ุญุงู ุญูุงุช ุญูุงุช_ุณุงุณ ุญูุงุช_ุดุฑฺฉุช_ูุง_ุจุฒุฑฺฏ ุนููุงู_ุงุณูพุงูุณุฑ ูุฑุงุฌุนุงู
bn:00034520n	ูุชุฌูโ ูุชุฌู ูุชุฌู_ููุง ูุชุฌูุ
bn:00048507n	ุฏุนู_ูุถุง ุงูุฏุงู_ูุถุง ููุฑุฏ_ูุงููู
bn:00003365n	ูุงุดูฺฏุชูุ_ุฏ._ุณ. ูุงุดูฺฏุชูุ_ุฏ.ุณ. .ูุงุดูฺฏุชู_ุฏ.ุณ ูุงุดูฺฏุชู_ุฏ.ุณ.โ ููุทูู_ฺฉููุจุง ูุงุดูฺฏุชู_ุฏ_ุณ the_district_of_columbia ุดูุฑ_ูุงุดููฺฏุชู ุดูุฑ_ูุงุดูฺฏุชู ููุทูู_ูููุจูุง ูุงุญูู_ูููุจูุง ูุงุญููู_ูููุจูุง ูุงุญู_ฺฉููุจุง ูุงุญูู_ฺฉููุจุง ูุงุดูุชฺฏุชู_ุฏู.ุณู. ูุงุดูุชฺฏุชู_ุฏ.ุณ. ูุงุดูฺฏุชู_ุฏู._ุณู ูุงุดูฺฏุชู_ุฏู._ุณู. ูุงุดูฺฏุชู_ุฏู.ุณู ูุงุดูฺฏุชู_ุฏู.ุณู. ูุงุดูฺฏุชู_ุฏู_ุณู ูุงุดูฺฏุชู_ุฏ._ุณ ูุงุดูฺฏุชู_ุฏ._ุณ. ูุงุดูฺฏุชู_ุฏ.ุณ ูุงุดูฺฏุชู_ุฏ.ุณ. ูุงุดูฺฏุชู_ุฏโุณ ูุงุดูฺฏุชูู_ุฏู_ุณู ูุงุดูฺฏุชูู_ุฏ_ุณ ูุงุดูฺฏุชูู_ุฏโุณ ูุงุดููฺฏุชู ูุงุดููฺฏุชู_ุฏู._ุณู ูุงุดููฺฏุชู_ุฏู._ุณู. ูุงุดููฺฏุชู_ุฏู.ุณู ูุงุดููฺฏุชู_ุฏู.ุณู. ูุงุดููฺฏุชู_ุฏู_ุณู ูุงุดููฺฏุชูุ_ุฏู._ุณู ูุงุดููฺฏุชูุ_ุฏู._ุณู. ูุงุดููฺฏุชูุ_ุฏู.ุณู. ูุงุดููฺฏุชูุ_ุฏู_ุณู ูุงุดูฺฏุชู ูุงุดูฺฏุชู_dc ูุงุดูฺฏุชู_ุฏ._ุณ ูุงุดูฺฏุชู_ุฏ._ุณ. ูุงุดูฺฏุชู_ุฏ.ุณ ูุงุดูฺฏุชู_ุฏ.ุณ. ูุงุดูฺฏุชู_ุฏ_ุณ ูุงุดูฺฏุชู_ุฏ_ุณ. ูุงุดูฺฏุชู_ุฏโุณ ูุงุดูฺฏุชู_ุฏโุณ. ูุงุดูฺฏุชูุ_ุฏ._ุณ ูุงุดูฺฏุชูุ_ุฏ_ุณ ูุงุดูฺฏุชูโุฏโุณ ุขูุฑฺฉุง_ุณุฑูุงู ูุงุดูฺฏุชูุ ูพุงุชุฎุช_ุงุงูุงุช_ูุชุญุฏู
bn:00044967n	ูุชู ูููุงูุฎุงูู ูุถูู ูุถู ูููุงู_ุฎุงูู ูููุงูโุฎุงูู ูุชูุฏุงุฑ ูุชูโุฏุงุฑ ๐จ ุจูุฏุฌู_ูุชู ุตูุนุช_ูุชู ูุชู_ููฺฉุณ ูุชู_ูุงุ ูุชู_ูุง_ุฒูุฌุฑู_ุง ูุชู_ฺฉุณุจ_ู_ฺฉุงุฑ
bn:00007013n	
bn:00001582n	ูุฎุงูู ุฑูุจ ูุจุงุฑุฒ ุฏุดูู
bn:00042090n	ูุฏุนู ูููุงู
bn:00032021n	ุญุงุฏูุซููโ ุฑุฎูุฏุงุฏโ ุฑููุฏุงุฏโ ูุงููุนููโ ุฑูุฏุงุฏ
bn:00007146n	ูฺ ุตูุฑ ูพูฺ ุจุงุทู ุจูฺ_ูุฌู ุฒูพ ุนุฏู ูุณุช ูุฑ_ฺุฒ ูฺฺฉุณ ุตููุฑ 0 ููฺ ุชู zilch zippo ุบุงุฒ_ุชุฎู_ูุฑุบ ูุฏุง ูฺ_ฺุฒ ูฺ_ฺฉุณ
bn:00031707n	ุงุตูู_ุงุฎูุงู ฺฉุชุงุจ_ุงุฎูุงู ฺฉุฏ_ุงุฎูุงู ุงุฎูุงู
bn:00020356n	ูุฑุงูโูุงูู ูุฑุงู_ูุงูู ูุฑุงููุงูู ููุดูุฑ_ุงุฎูุงู ุงุฒ_ุฏูุณุชุงู ฺฉุฏ_ุฑูุชุงุฑ
bn:00020352n	ุชุฏูู ุจุฑูุงูู ฺฉุฏ ูุงููู ฺฉุฏ_ุงุฒ_ููุงูู
bn:00015320n	canon
bn:00073170n	ุงุฏุง_ฺฉููุฏู ูุงุทู ุณุฎูุฑุงูโ verbaliser verbalizer ุณุฎูุฑุงู ฺฏููุฏู
bn:00042093n	ูููุงู_ุงูุชุฎุงุฑ
bn:00064648n	
bn:00064763n	ุฎูุด
bn:00012862n	
bn:00046486n	ุณูู_ุงูฺฏุงุฑ
bn:00064233n	ุฑุฆุณ ุฑุฆุณโ ุฑุฆูุณ ุฑุฆุณ_ุฌูููุฑ
bn:00036850n	ุฌูุนโุขูุฑ_ุงุนุงูู fundraising ุฌุฐุจ_ุณุฑูุงู ุฌูุน_ุขูุฑ_ุงุนุงูู
bn:00005027n	
bn:00046077n	ุจุทุฑู ุจโุทุฑู ุจู_ุทุฑูู ุจ_ุทุฑู ุจโุทุฑู ุทุฑูุฏุงุฑ nonpartisanship ุจ_ุทุฑู
bn:00007026n	ุงุนุชูุง ููุงุญุธู ูพุฑูุง ุชูุฌู
bn:00023858n	
bn:00014139n	
bn:00021976n	
bn:00072716n	ูุนุงูู_ุฏุงุฏุณุชุงู ูฺฉู_ุนููู
bn:00001423n	ูุฆุช_ุญุงฺฉูู ุณุงุฒูุงู ูุฐูุจ_ุฑุณู
bn:00078206n	ุฏุงุฏฺฏุงู ุฏุงุฏฺฏุงู_ุจุฏู ูููู_ุงูู
bn:00046473n	ูุดุงูู ูุดุงูู_ุง
bn:00000990n	ุชุจุญุฑ ุงุดูุงุงู ุงุดูุง ุงุดูุง_ฺฉุงูู
bn:00031605n	ุงุณูพุงูุง ุงุณูพุงู ุงูุณููพุงููุงโ ูุณูพุงููโ ูพุงุฏุดุงู_ุงุณูพุงูุง ฺฉุดูุฑ_ุงุณูพุงูุง ุงุณูพุงููุง ุงุณูพุงููุงูู_ูุง ุงุณูพุงูุง_ูุง ูุดูุฑ_ุงุณูพุงููุง ูุณูพุงูู ูพุงุฏุดุงูู_ุงุณูพุงููุง ุงุณูพุงูุง
bn:00071432n	
bn:00023012n	ฺฉุงุณุชุงุฑฺฉุง ฺฉุงุณุชุงุฑฺฉุงโ ูุงุณุชุงุฑููุง ูุงุณุชุฑููุง ูุณุชุงุฑููุง ููุณุชุงุฑููุง ฺฉุงุณุชุฑฺฉุง ฺฉุณุชุงุฑฺฉุง ฺฉูุณุชุงุฑฺฉุง ุฌูููุฑ_ฺฉุงุณุชุงุฑฺฉุง
bn:00022263n	ุณุฑุญุฏ ุชูุณู_ุฎุท
bn:00077463n	ุงูุฑูุฒ
bn:00015531n	ุณุงู_ุฎูุฒู ุณู_ุฎูุฒูุ_ฺฉุงุณุชุงุฑฺฉุง san_josรฉ ูพุงุชุฎุช_ฺฉุงุณุชุงุฑฺฉุง
bn:00031896n	ุงุฑููพุง ุงูุฑูพุง eu ุงุฑููพุง_ู_ูพูุฑ ุงุฑููพุง_ูพูุฑ ุงุฑููพุง_ูพุฑ ุงุฑููพุง__ูพุฑ ุงุฑููพุงู_ูพูุฑ ุงุฑููพุง_ูพุฑ ูุงุฑู_ุงุฑููพุง
bn:00034737n	ุงููู_ุจุงุฑ
bn:00066576n	ุฑฺฉูุฑุฏ
bn:00018661n	ุงูุชุฎุงุจ ุงูุชุฎุงุจโ ุงูุฎุชูุงุฑโ ุงููุชูุฎุงุจโ ฺฏุฒูุดโ ฺฏูุฒูููโ
bn:00060340n	ูพุงูุงูุง panama ูพุงูุงูู ุฌูููุฑ_ูพุงูุงูุง
bn:00035713n	ุจุงุฒฺฉู_ููุชุจุงู ููุชุจุงูุณุชโ ุจุงุฒููู_ููุชุจุงู ููุชุจุงูุฑ ููุชุจุงููุณุช ููุชุจุงูุณุช
bn:00030861n	ุงูฺฏูุณุชุงู ุงูฺฏูุณุชุงูโ ุงูฺฏููุฏ ูพุงุฏุดุงูู_ุงูฺฏูุณุชุงู ฺฉุดูุฑ_ุงูฺฏูุณุชุงู
bn:00024417n	ุฌุงู
bn:00021338n	ุฑูุงุจุช ูุณุงุจูู ุฑูุจุง ุฑูุจ
bn:00011444n	
bn:00032308n	ุชุฌุฑุจู
bn:00081625n	ุฌุงู_ุฌูุงู_ููุชุจุงู ุฌุงู_ุฌูุงู ุฌุงู_ุฌูุงูู ุฌุงู_ุฌูุงูู_ููุชุจุงู ุฌุงู_ุฌูุงูู_ูููุง ุฌุงู_ุฌูุงู_ููุชุจุงู_ูุฑุฏุงู ุฌุงู_ุฌูุงู_ููุง ุฌุงูโุฌูุงู ุฌุงูโุฌูุงู_ููุชุจุงู ูุณุงุจูุงุช_ุฌุงู_ุฌูุงูู ูุณุงุจูุงุช_ุฌุงู_ุฌูุงู
bn:00032306n	ุชุฌุฑุจู ุขุฒููุฏฺฏ ุงุฒููุฏฺฏ ุขุฒููุฏฺฏู ุงุฒููุฏฺฏู
bn:00005516n	ุฒููู ููุทูู
bn:00041239n	ุณุทุญ
bn:00018660n	ุงูุชุฎุงุจ ูพูุณููุฏโ ฺฏุฒููโ ฺฏูุฒูููโ
bn:00040851n	ุฏุฑูุงุฒูโุจุงู ุฏุฑูุงุฒู_ุจุงู_ููุชุจุงู ุฏุฑูุงุฒูุจุงูโ ุฏุฑูุงุฒู_ุจุงู ุฏุฑูุงุฒูู_ุจุงู ฺฏูุฑ goaltender netminder ุญุงูุธ_ูุฏู
bn:00013179n	ููุฏู ููุฏูโ london ุดูุฑ_ููุฏู ููุฏูุ_ุงูฺฏูุณุชุงู ุจุฑุชุงูุง_ูพุงุชุฎุช ููุฏู_ุจุฒุฑฺฏ ูพุงุชุฎุช_ุงูฺฏูุณุชุงู
bn:00066577n	ุฑูฺฉููุฑูุฏโ
bn:00053772n	
bn:00074678n	
bn:00064204n	
bn:00040847n	ูุฏู
bn:00046021n	ููุงุฌุฑุช ููุงุฌุฑุชโ ูุฌุฑุชโ ฺฉูฺโ ููุงุฌุฑ ุฏุฑูู_ฺฉูฺ ุฏุฑููโฺฉูฺ ููุงุฌุฑุช_ุชุญุตู ุฏุฑ_ููุงุฌุฑุช ููุงุฌุฑุงู
bn:00017621n	ูุฑุตุช ุฏุณุช_ุงูุช ุดุงูุณ
bn:00021816n	ุงุฒุฏุญุงูโ ุจุด_ุงุฒ_ุงุฒุฏุญุงู
bn:00022026n	ูพูุณ ูุฑู_ูพูุณ ุงุฏุงุฑู_ุดูุฑุจุงู ุฏุงุฏฺฏุงู_ูพูุณ ูุฑู_ุงูุชุธุงู ุขฺุงู ูุงููุฑ_ุงูุชุธุงู ูพุงุณุจุงู ูพููุณ ูุงููุฑ_ุงูุชุธุงูู ูพููุณ ูพููุณ_ุฏููุชู ูพูุณ_ุฏููุช ูพูููุณ ุงุฏุงุฑุงุช_ูพูุณ ุงุฏุงุฑู_ูพูุณ ุญูุงุธุช_ูพูุณ ูุฑููุง_ุงููุช ูุฑููุง_ูพูุณ ูุฑู_ุดูุฑุจุงู ูพุงุณุจุงูุงู ูพูุณ_ูุง_ูุณูุญ
bn:00070651n	ุฎุฏูุงุช ุฎุฏูุช ุฎุฏูุงุช ุณุฑููุณ ุณุฑููุณ_ูุง ุณุฑููุณูุง ุณุฑูุณ ุณุฑูุณ_ูุง ุณุฑูุณูุง ุณุฑูุณโูุง
bn:00021322n	
bn:00021644n	ุดุงู
bn:00045163n	ุญููู_ุจุดุฑ ุญููู_ุจุดุฑโ ููุงุฏ_ุงุนูุงูู_ุฌูุงู_ุญููู_ุจุดุฑ ุญููู_ุงูุณุงูู ุญููู_ุงูุณุงู ุญููู_ุจุดุฑู ุญููู_ุจุดุฑ ุญูููู_ุจุดุฑ ุญูููโุจุดุฑ ุญูููโุจุดุฑ ููุถ_ุญููู_ุจุดุฑ
bn:00042917n	ุขุฒุงุฑ ุงุฐุช ุงุฒุงุฑ ุณุชูู ุขุฒุงุฑ_ุฌูุณ ุขุฒุงุฑ_ู_ุงุฐุช ุงุฐุช_ู_ุขุฒุงุฑ
bn:00029806n	ุฏุงูุดโุขููุฒ ุฏุงูุดุฌูโ ุดุงฺฏุฑุฏโ ุฏุงูุด_ุขููุฒ ุฏุงูุด_ุขููุฒุงู ุฏุงูุด_ุขููุฒูุง ุฏุงูุดโุขููุฒุงู ุฏุงูุดโุขููุฒูุง ุฏุงูุดโุงููุฒ ุฏุงูุดโุงููุฒุงู ุฏุงูุดโุงููุฒูุง ุฏุงูุด_ุงููุฒ ุฏุงูุดุฌู ุฏุงูุด_ุงููุฒุงู ุฏุงูุด_ุงููุฒูุง ูุญุตู educatee ุณุงู_ุงูู
bn:00036202n	ูุฑุงูุณู ูุฑุงูุณูโ ุฌูููุฑู_ูุฑุงูุณู ุฌูููุฑ_ูุฑุงูุณู ูุฑุงูุณูู ฺฉุดูุฑ_ูุฑุงูุณู ุดุจูุง_ุณูุฏ ุดุจโูุง_ุณูุฏ ูุดูุฑ_ูุฑุงูุณู ูุฑุงูุณู_ุฌูููุฑ
bn:00075959n	ุงุณุชุนุฏุงุฏ
bn:00013057n	ุจูุง ุขุฌุฑฺูู ุจูุงโ ูุงูุงุฏฺฏุฑโ ุขุฌุฑฺู
bn:00070648n	ูพุดุฎุฏูุช ุฎุฏูุชฺฏุฐุงุฑ
bn:00063237n	ุฏุฏฺฏุงู ููุทู_ูุธุฑ ุฏุฏ ูุญุงุธ ูุธุฑ ููุทู_ุซุงุจุช ููุทููุธุฑโ
bn:00021958n	ุงุฌูุงุน ุชูุงูู_ุนุงู ููุงู ุงุฌูุงุนโ ุงุฌูุงุน_ุชุตูู_ฺฏุฑ
bn:00050522n	ุฌูุงุญ_ฺูพ ุณุงุณุช_ุฌูุงุญ_ฺูพ ฺูพ
bn:00067810n	ุฌูุงุญ_ุฑุงุณุช ุฑุงุณุช
bn:00074900n	ุณุฑูุตู ุถุงุจุทู ูุจุญุซ ููุถูุน ููุถูุน_ูุธุฑ
bn:00079043n	ุจฺฉุงุฑ ุงูุฑุงุฏ_ุจฺฉุงุฑ ุจ_ฺฉุงุฑ
bn:00081593n	ฺฉุงุฑฺฏุฑ
bn:00055292n	ุจุฏุจุฎุช ุชู_ุฏุณุช miserableness
bn:00027022n	ุงุฎุชูุงูโ ุชูุงูุชโ ูุฑูโ ุชูุงูุช
bn:00037691n	ุจุฎุดูุฏฺฏ ฺฏุดุงุฏู_ุฏุณุช ุจุฎุดูุฏฺฏู ุณุฎุงูุช generousness
bn:00030707n	ูุฌูู
bn:00072653n	ุฒูู ุณุฑุฒูู ฺฉุดูุฑ ุฎุงฺฉโ
bn:00044758n	ุงู_ูุชุจุงุฑ ฺฏุฑูู ฺฏุฑูู_ุจุดูุงุฑ ูุฒุจุงู
bn:00062576n	ูููู_ฺฉุด ููููโฺฉุด ููููฺฉุดโ ูููู_ูุด pipefitter
bn:00046019n	ููุงุฌุฑ ุบุฑุจ ฺฉูฺ_ูุดู ููุงุฌุฑโ
bn:00072566n	ุฌุงูุนู ุฌุงูุนู_ุงูุณุงูู ุฌุงูุนู_ุงูุณุงู ุงุฌุชูุงุน ุฌูุงูุน
bn:00008267n	ฺฉูุดู ุงุจุชุฐุงู ฺฉููู_ูุจุชุฐู ุจุงุช ูพุด_ูพุง_ุงูุชุงุฏฺฏ ูููุดู ฺฉูุดูโ clichรฉd ุนุงุฏ ุนุจุงุฑุช_ุณูุงู
bn:00009717n	ุงุนุชูุงุฏ ุงุนุชูุงุฏ ุจุงูุฑ ุนูุฏู ูุนุชูุฏุงุช ฺฏูุงู ุงุญุณุงุณ ุจุฑุฏุงุดุช ุชุตูุฑ ููููู
bn:00006504n	ุฏุงุฑุง ุณุฑูุงู
bn:00029667n	ุงูุชุตุงุฏุฏุงู ูุชุฎุตุต_ุงูุชุตุงุฏ ุงูุชุตุงุฏุฏุงูโ ุงูุชุตุงุฏุฏุงูุงู ุงูุชุตุงุฏ_ุฏุงู ฺฉุงุฑุดูุงุณ_ุงูุชุตุงุฏ
bn:00012059n	ฺฉุชุงุจ ูุชุงุจ ูุชุงุจูุง ูุชุจ ฺฉุชุงุจูุง ฺฉุชุจ
bn:00020452n	ุฏุงูุด ุดูุงุฎุช ูุนุฑูุช noesis ุดูุงุฎุชุ ุดูุงุฎุช ุนููฺฉุฑุฏ_ุดูุงุฎุช ูุฑุงูุฏูุง_ุดูุงุฎุช ูพุฑุฏุงุฒุด_ุดูุงุฎุช
bn:00054907n	ููุงุฌุฑุช_ุงูุณุงู ููุงุฌุฑุชโ ูุฌุฑุชโ ููุงุฌุฑุช ููุงุฌุฑุชุ
bn:00028141n	ุฌูุงู
bn:00036941n	ุขูุฏู ูุณู_ุงูุฏู ุขุชูููโ ุขูููุฏููโ ููุณูุชูููุจููโ ุขููุฏู ุงููุฏู ุงูุฏู ุฒูุงู_ุขูุฏู_ุงุณุช ูุฑุจูุท_ุจู_ุงูุฏู
bn:00073206n	ูุชุฎุตุต ูฺู_ฺฉุงุฑ ูุชุฎุตุตโ specialiser specializer
bn:00035374n	
bn:00029416n	ุฏุณุชูุฒุฏ ุญููู ุงุฌุฑุช ูพุงุฏุงุด ุงุฌุฑ ุญููู_ูุงูุงูู ุฏุฎู ุฏุฑุขูุฏ ุฏุณุชุฑูุฌ ูุฒุฏ ููุงุฌุจ ฺฉุงุฑ_ูุฒุฏ wage ุญููููโ ุฏูุณูุชูููุฒูุฏโ ูุฒุฏโ ููุนุงุดโ ูพุงุฏุงุดโ ฺฉุงุฑูููุฒูุฏโ ุญููู_ู_ุฏุณุชูุฒุฏ ูุฑุฎ_ุฏุณุชูุฒุฏ ูุฒูู_ูุง_ูุฑู_ฺฉุงุฑ ูพุฑุฏุงุฎุช
bn:00030616n	ุดุบู ุงุณุชุฎุฏุงู ุงุดุชุบุงู ุฒูุฏฺฏ_ฺฉุงุฑ ูพุฑุณูู ฺฉุงุฑ_ฺฏุฑูุชู ฺฉุงุฑูุฑูุงุงู ฺฉุงุฑฺฉูุงู
bn:00041979n	ุงูุฒุงูุดโ ุงูุฒุงุดโ ุฑูุดโ ุงูุฒุงุด
bn:00033854n	ุชุฑุณ ุชุฑุณ_ูุงฺฏูุงู ุจูโ ุชุฑุณโ ุฎููโ ูุฑุงุณโ ูุญุดุช ุจู
bn:00066419n	ุญููุช ูุงูุนุช
bn:00003129n	ูุงุฆู_ููุงู ูุชูุงูุจ
bn:00049570n	ุทุจูู_ฺฉุงุฑฺฏุฑ ูพุฑููุชุงุฑุง ุทุจูู_ฺฉุงุฑฺฏุฑโ ุทุจููู_ฺฉุงุฑฺฏุฑ ุทุจูู_ูุงุฑฺฏุฑ ุทุจูู_ู_ูุงุฑฺฏุฑ ุทุจูู__ฺฉุงุฑฺฏุฑ ุทุจููู_ูุงุฑฺฏุฑ ุทุจููโ_ฺฉุงุฑฺฏุฑ ูุงุฑฺฏุฑ ูพุฑููุชุงุฑูุง ูุฑู_ฺฉุงุฑ ูพุฑููุชุฑูุง
bn:00023496n	ุตูุนุชโฺฏุฑ ุตูุนุช_ฺฏุฑู ุตูุนุช_ฺฏุฑ ุตูุนุชฺฏุฑู ุตูุนุชฺฏุฑ ูพูุดู_ูุฑู ูพุดู_ูุฑ ุชุฌุงุฑุช ุตูุงุน_ุฏุณุช
bn:00025916n	ฺฉูุจูุฏ ุชูุงุถุง_ูุงุฒุงุฏ ฺฉุณุฑ ุชูุงุถุงู_ูุงุฒุงุฏ
bn:00041853n	ุขููุฒุด ุชุฑุจุช ูพุฑูุฑุด
bn:00059122n	ุฌุฑุงุญ ุฌุฑุงุญโ ุฌุฑูุงุญ sawbones ุฌุฑุงุญุงู ุนุงูู_ุฌุฑุงุญ
bn:00003755n	ูุชุฎุตุต_ุจููุด ูุชุฎุตุต_ุจูููุดู ูฺูฺฏุฑ_ููุด_ุจุฑ ุจููุด ูพุฒุดฺฉ_ูุชุฎุตุต_ุจููุด_ู_ุจ_ุญุณ
bn:00021359n	ูุชูู ูฺฉูู
bn:00005886n	
bn:00027862n	ุชููุน ฺฏููุงฺฏูู diverseness multifariousness
bn:00023652n	ุงุฌุงุฏ ูุนุงูุช_ุฎูุงู
bn:00003343n	ุขูุฑฺฉุงโูุง ุขูุฑฺฉุง ุขูุฑููุงูู_ูุง ุขูุฑฺฉุงุฆุงู ุขูุฑฺฉุง_ูุง ุขูุฑฺฉุงุงู ุงูุฑููุงูู_ูุง ุงูุฑฺฉุง_ูุง ุงูุฑฺฉุงโูุง ุงูู_ุขูุฑฺฉุง ุงูู_ุงุงูุงุช_ูุชุญุฏู ุงูุงูุงุช_ูุชุญุฏููู_ูุง ุงุงูุงุช_ูุชุญุฏู_ูุง ุงุงูุงุช_ูุชุญุฏูโูุง
bn:00057832n	ุฌุงุฒู_ููุจู ุฌุงุฒู_ููุจูโ ุฌุงูุฒู_ููุจู ุฌุงูุฒู_ู_ููุจู ุฌุงูุฒูู_ููุจู ุฌุงูุฒูู_ู_ููุจู ุฌุงุฒู__ููุจู ุฌุงุฒู_ุงุฏุจูุฏ_ููุจู ุฌุงุฒูู_ููุจู ุฌุงุฒูู__ููุจู ุฌุงุฒูโ_ููุจู ุฌูุงูุฒ_ููุจู ุฌูุงุฒ_ููุจู
bn:00079944n	ุจุฑูุฏู_ูุณุงุจูู ูุงุชุญ ูพุฑูุฒ ุจุฑูุฏูโ ุบุงูุจโ ูุงุชุญโ
bn:00041092n	ุฌุณุชุฌู_ฺฏูฺฏู ุฌุณุชุฌูฺฏุฑ_ฺฏูฺฏู ููุชูุฑ_ุฌุณุชุฌู_ฺฏูฺฏู ุณุฑฺ_ฺฏูฺฏู ุฌุณุชุฌูู_ฺฏูฺฏู ุฌุณุชุฌู_ุงูู ุฌููุดฺฏุฑ_ฺฏูฺฏู ุฌูุดฺฏุฑ_ฺฏูฺฏู ููุชูุฑ_ุฌุณุชุฌูู_ฺฏูฺฏู ฺฏูฺฏู
bn:00081801n	ุงูู ุงูู! ุดุฑฺฉุช_ุงูู! ูุงูู ูุงูู! ุง_ูู yahoo.com ุงููุ
bn:00054906n	ููุงุฌุฑ
bn:00022274n	ุดุฑฺฉุช_ฺฉููุฏู ูุดุชุฑฺฉ
bn:00072539n	ุณุงุฎุชุงุฑ_ุงุฌุชูุงุน ุณุงุฒูุงู_ุงุฌุชูุงุน ุณุงุฒูุงู ุณุงุฎุชุงุฑ_ุงุฌุชูุงุนู ุณุงุฒูุงู_ุงุฌุชูุงุนู ุงุฌุชูุงุน_ุณุงุฒูุงู ุณุงุฎุชุงุฑูุง_ุงุฌุชูุงุน ูุธุงู_ุงุฌุชูุงุน
bn:00013640n	ุจูุฏุฌู ุจูุฏูุฌููโ ุจูุฏุฌู_ุนููู ุจูุฏุฌูู_ุนููู ุจูุฏุฌู_ุนูููู ุจูุฏุฌูู_ุนูููู ุฑุฏู_ุจูุฏุฌู
bn:00031903n	ฺฉุดูุฑ_ุงุฑููพุง
bn:00026684n	ุขููุงู ูููฺฉุช_ุงููุงู ุฌูููุฑ_ูุฏุฑุงู_ุขููุงู ุฌุฑููู ุฌุฑูู ุฌูููุฑู_ูุฏุฑุงู_ุขููุงู ุฌูููุฑู_ูุฏุฑุงู_ุงููุงู ุฌูููุฑ_ูุฏุฑุงู_ุงููุงู ุฏูฺููุฏ ูุดูุฑ_ุขููุงู ฺฉุดูุฑ_ุขููุงู ฺฉุดูุฑ_ุงููุงู frg
bn:00001936n	ุณู ุทูู_ุนูุฑ ูพุชุงูุณู_ูพุฑ ูพุฑ ูพุฑ_ุงุฒ_ุดุฑุงุจ_ุงุณุช
bn:00022269n	ุณูู
bn:00066490n	ุฑุณุฏ ุฏุฑุงูุช ุจุฑฺฏ_ุฎุฑุฏ ุงุนูุงู_ูุตูู ุจุฑฺฏ_ุฎุฑูุฏ ุตูุฑุชโุญุณุงุจ ูุด ูุจุถ_ุฑุณุฏ
bn:00032300n	ุฎุฑูุฌ ูุฎุงุฑุฌ ุณุจูุช_ฺฏุฑูุชู ูุฒูู
bn:00051048n	ุนูุฑ ุฒูุฏฺฏ ุทูู_ุนูุฑ
bn:00053151n	ุญฺฉู ูุฑูุงู ูฺฉุงูุช_ูุงูู ุฏุณุชูุฑ
bn:00047730n	ููุฑูโ ุจูุฏ
bn:00013194n	ูพููุฏ_ุงุณุชุฑููฺฏ ูุฑู_ุงุณุชุฑููฺฏ ฺฉ_ูุฑู ูพููุฏ_ุงุณุชุฑููฺฏโ ยฃ ูพููุฏ ูพููุฏ_ุงูฺฏูุณ ูพููุฏ_ุจุฑุชุงูุง ูพููุฏ_ุงุณุชุฑูููฺฏ ูพููุฏ_ุจุฑูุชุงููุง ูพููุฏ_ุงุณุชุฑููฺฏ_ุจุฑุชุงูุง ูพููุฏ_ุงูฺฏูุณ
bn:00003340n	ุฌุฑูู ุบุฑุงูุช ุฌุฑูุงููโ ุฌุฑููโ amercement ุฎูุจ
bn:00064527n	ูุดฺฉู
bn:00037296n	ุงุบุชุดุงุด ุจููุง ููฺฏุงูู tumultuousness ุฌูุฌุงู
bn:00017235n	ูุฏุฑ_ุนุงูู_ุงุฌุฑุง ูุฏุฑ_ุนุงูู ceo ูุฏุฑ_ุงุฑุดุฏ_ุงุฌุฑุง ูุฏุฑุนุงูู ูุฏูุฑ_ุงุฑุดุฏ_ุงุฌุฑุงูู ูุฏูุฑ_ุนุงูู ูุฏูุฑ_ุนุงูู_ุงุฌุฑุงูู ูุฏูุฑุนุงูู ูุฏุฑุนุงูู_ุงุฌุฑุง ูุฏุฑ_ุงุฌุฑุง ุงูุณุฑ_ุงุฑุดุฏ_ุนุงูู ุฑุฆุณ_ุงูุณุฑ_ุนููุงุชุ ูุฏุฑ_ุนุงูู_ุดุฑฺฉุช
bn:00046575n	ุตูุนุช
bn:00060928n	ฺฏุฐุดุชู
bn:00021769n	ูุดุงุฌุฑู ฺฉุดูฺฉุด ุฏุฑฺฏุฑ ูุด_ููุด ฺฉุด_ูฺฉุด ฺฉุดโูฺฉุด ุงุฎุชูุงู_ูุธุฑ
bn:00008419n	
bn:00023681n	ุงุชุญุงุฏู_ุงุนุชุจุงุฑ ุงุชุญุงุฏูู_ุงุนุชุจุงุฑู ุงุชุญุงุฏูู_ุงุนุชุจุงุฑ ููุณุณูุง_ฺฉู_ุจู_ุงุดุฎุงุต_ฺฉู_ุฏุฑุงูุฏ_ูุงู_ูุง_ฺฉูฺฺฉ_ูุฏูุฏ
bn:00066938n	
bn:00074684n	
bn:00064699n	ูุนุฏู ุชุนูุฏ ููุฏ ูพูุงู ูฺุฏุงูโ
bn:00029680n	ุงุฑุฒุด ุงุฑุฒุดโ ุจูุงโ ุงุฑุฒุด_ุงูุชุตุงุฏ
bn:00060837n	ุญุฒุจ
bn:00041611n	ูููุฑฺฉ ููููุฑฺฉโ ุดูุฑ_ูููุฑฺฉ ูููููุฑู ุณุจ_ุจุฒุฑฺฏ ุดูุฑ_ฺฉู_ูุฑฺฏุฒ_ูู_ุฎูุงุจุฏ ฺฏูุชุงู new_york_city ุดูุฑ_ูููููุฑู ููุงู_ุดูุฑ_ูููููุฑู ููููุฑู ูููุฑฺฉ ููู_ููุฑู ููููุงุฑู ูููููุฑู_ุณูุชู ูููููุฑูุ_ูููููุฑู ูู_ูุฑฺฉ ูู_ูุฑฺฉ_ุณุช ููุงุฑฺฉ ูููุฑฺฉ_ุณุช ูููุฑฺฉ_ุณุชุ_ูููุฑฺฉ ูููุฑฺฉุ_ูููุฑฺฉ ฺฉูุงู_ุดูุฑ_ูููุฑฺฉ ฺฉูุงูโุดูุฑ_ูููุฑฺฉ ุจุฒุฑฺฏ_ูููุฑฺฉ
bn:00030605n	ุงุงูุช_ูููุฑฺฉ ูููุฑฺฉ ุงูุงูุช_ูููููุฑู ูููููุฑู ny ุงููพุงุฑ_ุงุณุชุช
bn:00011099n	ูุฌุฑูุช blameworthiness culpableness
bn:00070725n	
bn:00017517n	ุฑุฆุณ_ูุฆุช_ูุฏุฑู ุฑุณ_ูุฆุช_ูุฏุฑู ุฑุฆุณ_ุฌูุณูโ ุฑุฆุณโ ุตุฏุฑโ ุฑุฆุณ_ูุงุช_ูุฏุฑู ุฑุณ_ูุงุช_ูุฏุฑู ูุฑูุดู ุฑุฆูุณ_ููุฆุช_ูุฏูุฑู ุฑุฆูุณ_ููุงุช_ูุฏูุฑู ุฑููุณ_ููุฆุช_ูุฏูุฑู ุฑููุณ_ููุงุช_ูุฏูุฑู ูุฑูุดูู ุฑุฆุณ convenor ุฑุคุณุง ุฑุฆูุณ ุฑุฆุณ_ุงุฌุฑุง ุฑุงุณุช ุตูุฏู ูุงุจ_ุฑุฆุณ
bn:00067371n	
bn:00019763n	ูุดุชุฑ ุฎุฑุฏุงุฑ ุฎูุฑุฏุงุฑโ ููุดุชูุฑโ ูุดุชุฑุงู
bn:00008382n	ูุฏุนู ุณูพุฑุฏู ูุฏูุนู ุจุงูฺฉ_ุณูพุฑุฏู
bn:00021329n	ูพุงุฏุงุด
bn:00052050n	ุฏุณุช_ุฏุงุฏู
bn:00000016n	
bn:00075151n	ุชุงุจุณุชุงู ุชุงุจุณุชุงู ูุตู_ุชุงุจุณุชุงู ุชุงุจุณุชุงู_ุฌููุจ
bn:00055949n	ุงูุฑุงู_ูุฑุถู_ุจุง_ูพุดุชูุงูู_ุฑูู ุงูุฑุงู_ูุฑุถู_ุจุง_ูพุดุชูุงูู_ุฑููู ูุงู_ูุณฺฉู_ููุฑุฏ_ุญูุงุช_ุงููุช ูุงู_ูุณฺฉู_ููุฑุฏ_ุญูุงุช_ุงูุฑุงู_ุจูุงุฏุงุฑ
bn:00026603n	ุณุฑููุดุช ูุถุง_ู_ูุฏุฑ ุชูุฏูุฑ ูุถุง ูุถุง_ูุฏุฑ ูุถุงููุฏุฑ ุชูุฏุฑ
bn:00070537n	ุณูพุชุงูุจุฑ ุณูพุชุงูุจุฑโ ุณูพุชูุจุฑโ ุณูพุชูุจุฑ ูุงู_ุณูพุชุงูุจุฑ
bn:00081261n	
bn:00001193n	ุจุฏุฑูุชุงุฑ ุฎูุงู_ฺฉุงุฑ actus_ุฑุฆูุณ ุฑูุชุงุฑ_ุบุฑ_ุนูุฏ ุณูุก_ุฑูุชุงุฑ
bn:00080687n	
bn:00019403n	ุฏุฑุฎูุงุณุช
bn:00050659n	ูุฑุถ_ุฏููุฏู
bn:00033638n	ูู_ู fannie_mae ูุงู ูุงู_ูุง ูุงู_ู ูู_ูุง ูุงูู ูุงูู_ูุงู ูุงูู_ูู ููู_ูุงู ููู_ูู ุงูุฌูู_ูู_ูุฏุฑุงู_ูุงู_ูุณฺฉู fnma
bn:00033911n	ูุฑุฏ_ูฺฉ ูุฑุฏู_ูู fhlmc ูุฏุฑุงู_ูุงู_ุดุฑฺฉุช
bn:00055948n	ุฑูู ฺฏุฑู ุฑููโ ฺฏุฑููุงููโ ฺฏุฑูโ ูุงู_ูุณฺฉู
bn:00025567n	ูุนุงููู
bn:00001134n	ุงูุฏุงู_ูุงููู ุนูู_ุฏุฑ_ูุงููู
bn:00002178n	ูุตุฏ ูุช ูุฏู ุนุฒู ูุฑุงู ููุตูุฏ ูุชโ ุนูุฏ
